log_id,session_date,centre_id,tc_name,candidate_id,candidate_name,aebas_punch_in,aebas_punch_out,ai_camera_presence_verified,physical_departure_timestamp,fraud_flag,trade
AEBAS-LOG-1000,2026-09-15,PMKVY-UP-GKP-0042,"Pratham Kaushal Vikas Kendra, Gorakhpur",CAN-2026-1842-001,Anjali R.,08:50:14,13:06:30,True,13:06:30,VERIFIED_PRESENT,Sewing Machine Operator (NSQF Level 4)
AEBAS-LOG-1001,2026-09-15,PMKVY-UP-GKP-0042,"Pratham Kaushal Vikas Kendra, Gorakhpur",CAN-2026-1842-002,Manoj K.,08:48:14,13:00:30,True,13:00:30,VERIFIED_PRESENT,Sewing Machine Operator (NSQF Level 4)
AEBAS-LOG-1002,2026-09-15,PMKVY-UP-GKP-0042,"Pratham Kaushal Vikas Kendra, Gorakhpur",CAN-2026-1842-003,Amit M.,08:59:14,13:11:30,True,13:11:30,VERIFIED_PRESENT,Sewing Machine Operator (NSQF Level 4)
AEBAS-LOG-1003,2026-09-15,PMKVY-UP-GKP-0042,"Pratham Kaushal Vikas Kendra, Gorakhpur",CAN-2026-1842-004,Rahul S.,08:58:14,13:09:30,True,13:09:30,VERIFIED_PRESENT,Sewing Machine Operator (NSQF Level 4)
AEBAS-LOG-1004,2026-09-15,PMKVY-UP-GKP-0042,"Pratham Kaushal Vikas Kendra, Gorakhpur",CAN-2026-1842-005,Neha Y.,08:52:14,13:11:30,True,13:11:30,VERIFIED_PRESENT,Sewing Machine Operator (NSQF Level 4)
AEBAS-LOG-1005,2026-09-15,PMKVY-UP-GKP-0042,"Pratham Kaushal Vikas Kendra, Gorakhpur",CAN-2026-1842-006,Pooja P.,08:52:14,13:06:30,True,13:06:30,VERIFIED_PRESENT,Sewing Machine Operator (NSQF Level 4)
AEBAS-LOG-1006,2026-09-15,PMKVY-UP-GKP-0042,"Pratham Kaushal Vikas Kendra, Gorakhpur",CAN-2026-1842-007,Aarav Y.,08:58:14,13:12:30,True,13:12:30,VERIFIED_PRESENT,Sewing Machine Operator (NSQF Level 4)
AEBAS-LOG-1007,2026-09-15,PMKVY-UP-GKP-0042,"Pratham Kaushal Vikas Kendra, Gorakhpur",CAN-2026-1842-008,Anjali P.,08:54:14,13:15:30,True,13:15:30,VERIFIED_PRESENT,Sewing Machine Operator (NSQF Level 4)
AEBAS-LOG-1008,2026-09-15,PMKVY-UP-GKP-0042,"Pratham Kaushal Vikas Kendra, Gorakhpur",CAN-2026-1842-009,Priya D.,08:48:14,13:05:30,True,13:05:30,VERIFIED_PRESENT,Sewing Machine Operator (NSQF Level 4)
AEBAS-LOG-1009,2026-09-15,PMKVY-UP-GKP-0042,"Pratham Kaushal Vikas Kendra, Gorakhpur",CAN-2026-1842-010,Vikram G.,08:47:14,13:02:30,True,13:02:30,VERIFIED_PRESENT,Sewing Machine Operator (NSQF Level 4)
AEBAS-LOG-1010,2026-09-15,PMKVY-UP-GKP-0042,"Pratham Kaushal Vikas Kendra, Gorakhpur",CAN-2026-1842-011,Rohan P.,08:59:14,13:07:30,True,13:07:30,VERIFIED_PRESENT,Sewing Machine Operator (NSQF Level 4)
AEBAS-LOG-1011,2026-09-15,PMKVY-UP-GKP-0042,"Pratham Kaushal Vikas Kendra, Gorakhpur",CAN-2026-1842-012,Amit Y.,08:58:14,13:00:30,True,13:00:30,VERIFIED_PRESENT,Sewing Machine Operator (NSQF Level 4)
AEBAS-LOG-1012,2026-09-15,PMKVY-UP-GKP-0042,"Pratham Kaushal Vikas Kendra, Gorakhpur",CAN-2026-1842-013,Amit M.,08:53:14,13:14:30,True,13:14:30,VERIFIED_PRESENT,Sewing Machine Operator (NSQF Level 4)
AEBAS-LOG-1013,2026-09-15,PMKVY-UP-GKP-0042,"Pratham Kaushal Vikas Kendra, Gorakhpur",CAN-2026-1842-014,Aarav D.,08:55:14,13:01:30,True,13:01:30,VERIFIED_PRESENT,Sewing Machine Operator (NSQF Level 4)
AEBAS-LOG-1014,2026-09-15,PMKVY-UP-GKP-0042,"Pratham Kaushal Vikas Kendra, Gorakhpur",CAN-2026-1842-015,Sanjay D.,08:58:14,13:13:30,True,13:13:30,VERIFIED_PRESENT,Sewing Machine Operator (NSQF Level 4)
AEBAS-LOG-1015,2026-09-15,PMKVY-UP-GKP-0042,"Pratham Kaushal Vikas Kendra, Gorakhpur",CAN-2026-1842-016,Amit S.,08:55:14,13:14:30,True,13:14:30,VERIFIED_PRESENT,Sewing Machine Operator (NSQF Level 4)
AEBAS-LOG-1016,2026-09-15,PMKVY-UP-GKP-0042,"Pratham Kaushal Vikas Kendra, Gorakhpur",CAN-2026-1842-017,Kiran V.,08:53:14,13:01:30,True,13:01:30,VERIFIED_PRESENT,Sewing Machine Operator (NSQF Level 4)
AEBAS-LOG-1017,2026-09-15,PMKVY-UP-GKP-0042,"Pratham Kaushal Vikas Kendra, Gorakhpur",CAN-2026-1842-018,Neha K.,08:49:14,13:13:30,True,13:13:30,VERIFIED_PRESENT,Sewing Machine Operator (NSQF Level 4)
AEBAS-LOG-1018,2026-09-15,PMKVY-UP-GKP-0042,"Pratham Kaushal Vikas Kendra, Gorakhpur",CAN-2026-1842-019,Manoj V.,08:45:14,13:12:30,False,NEVER_ENTERED_ROOM,GHOST_ABSENT,Sewing Machine Operator (NSQF Level 4)
AEBAS-LOG-1019,2026-09-15,PMKVY-UP-GKP-0042,"Pratham Kaushal Vikas Kendra, Gorakhpur",CAN-2026-1842-020,Rahul V.,08:46:14,13:00:30,False,NEVER_ENTERED_ROOM,GHOST_ABSENT,Sewing Machine Operator (NSQF Level 4)
AEBAS-LOG-1020,2026-09-15,PMKVY-UP-GKP-0042,"Pratham Kaushal Vikas Kendra, Gorakhpur",CAN-2026-1842-021,Neha J.,08:51:14,13:02:30,False,NEVER_ENTERED_ROOM,GHOST_ABSENT,Sewing Machine Operator (NSQF Level 4)
AEBAS-LOG-1021,2026-09-15,PMKVY-UP-GKP-0042,"Pratham Kaushal Vikas Kendra, Gorakhpur",CAN-2026-1842-022,Neha Y.,08:47:14,13:10:30,False,NEVER_ENTERED_ROOM,GHOST_ABSENT,Sewing Machine Operator (NSQF Level 4)
AEBAS-LOG-1022,2026-09-15,PMKVY-UP-GKP-0042,"Pratham Kaushal Vikas Kendra, Gorakhpur",CAN-2026-1842-023,Kavita S.,08:55:14,13:03:30,False,NEVER_ENTERED_ROOM,GHOST_ABSENT,Sewing Machine Operator (NSQF Level 4)
AEBAS-LOG-1023,2026-09-15,PMKVY-UP-GKP-0042,"Pratham Kaushal Vikas Kendra, Gorakhpur",CAN-2026-1842-024,Aarav R.,08:51:14,13:00:30,False,NEVER_ENTERED_ROOM,GHOST_ABSENT,Sewing Machine Operator (NSQF Level 4)
AEBAS-LOG-1024,2026-09-15,PMKVY-UP-GKP-0042,"Pratham Kaushal Vikas Kendra, Gorakhpur",CAN-2026-1842-025,Sanjay P.,08:48:14,13:03:30,False,NEVER_ENTERED_ROOM,GHOST_ABSENT,Sewing Machine Operator (NSQF Level 4)
AEBAS-LOG-1025,2026-09-15,PMKVY-UP-GKP-0042,"Pratham Kaushal Vikas Kendra, Gorakhpur",CAN-2026-1842-026,Kiran Y.,08:50:14,13:01:30,False,NEVER_ENTERED_ROOM,GHOST_ABSENT,Sewing Machine Operator (NSQF Level 4)
AEBAS-LOG-1026,2026-09-15,PMKVY-UP-GKP-0042,"Pratham Kaushal Vikas Kendra, Gorakhpur",CAN-2026-1842-027,Sanjay D.,08:57:14,13:07:30,False,NEVER_ENTERED_ROOM,GHOST_ABSENT,Sewing Machine Operator (NSQF Level 4)
AEBAS-LOG-1027,2026-09-15,PMKVY-UP-GKP-0042,"Pratham Kaushal Vikas Kendra, Gorakhpur",CAN-2026-1842-028,Vikram G.,08:54:14,13:14:30,False,NEVER_ENTERED_ROOM,GHOST_ABSENT,Sewing Machine Operator (NSQF Level 4)
AEBAS-LOG-1028,2026-09-15,PMKVY-UP-GKP-0042,"Pratham Kaushal Vikas Kendra, Gorakhpur",CAN-2026-1842-029,Anjali M.,08:52:14,13:03:30,False,NEVER_ENTERED_ROOM,GHOST_ABSENT,Sewing Machine Operator (NSQF Level 4)
AEBAS-LOG-1029,2026-09-15,PMKVY-UP-GKP-0042,"Pratham Kaushal Vikas Kendra, Gorakhpur",CAN-2026-1842-030,Vikram K.,08:59:14,13:01:30,False,NEVER_ENTERED_ROOM,GHOST_ABSENT,Sewing Machine Operator (NSQF Level 4)
AEBAS-LOG-1030,2026-09-15,PMKVY-UP-GKP-0042,"Pratham Kaushal Vikas Kendra, Gorakhpur",CAN-2026-1842-031,Sunil V.,08:59:14,13:02:30,False,NEVER_ENTERED_ROOM,GHOST_ABSENT,Sewing Machine Operator (NSQF Level 4)
AEBAS-LOG-1031,2026-09-15,PMKVY-UP-GKP-0042,"Pratham Kaushal Vikas Kendra, Gorakhpur",CAN-2026-1842-032,Rohan K.,08:59:14,13:14:30,False,NEVER_ENTERED_ROOM,GHOST_ABSENT,Sewing Machine Operator (NSQF Level 4)
AEBAS-LOG-1032,2026-09-15,PMKVY-UP-GKP-0042,"Pratham Kaushal Vikas Kendra, Gorakhpur",CAN-2026-1842-033,Pooja P.,08:54:14,13:13:30,False,NEVER_ENTERED_ROOM,GHOST_ABSENT,Sewing Machine Operator (NSQF Level 4)
AEBAS-LOG-1033,2026-09-15,PMKVY-UP-GKP-0042,"Pratham Kaushal Vikas Kendra, Gorakhpur",CAN-2026-1842-034,Vikram S.,08:55:14,13:01:30,False,NEVER_ENTERED_ROOM,GHOST_ABSENT,Sewing Machine Operator (NSQF Level 4)
AEBAS-LOG-1034,2026-09-15,PMKVY-UP-GKP-0042,"Pratham Kaushal Vikas Kendra, Gorakhpur",CAN-2026-1842-035,Pooja P.,08:58:14,13:12:30,False,NEVER_ENTERED_ROOM,GHOST_ABSENT,Sewing Machine Operator (NSQF Level 4)
AEBAS-LOG-1035,2026-09-16,PMKVY-UP-GKP-0042,"Pratham Kaushal Vikas Kendra, Gorakhpur",CAN-2026-1842-001,Sunil S.,08:54:14,13:13:30,True,13:13:30,VERIFIED_PRESENT,Sewing Machine Operator (NSQF Level 4)
AEBAS-LOG-1036,2026-09-16,PMKVY-UP-GKP-0042,"Pratham Kaushal Vikas Kendra, Gorakhpur",CAN-2026-1842-002,Neha G.,08:57:14,13:00:30,True,13:00:30,VERIFIED_PRESENT,Sewing Machine Operator (NSQF Level 4)
AEBAS-LOG-1037,2026-09-16,PMKVY-UP-GKP-0042,"Pratham Kaushal Vikas Kendra, Gorakhpur",CAN-2026-1842-003,Manoj D.,08:52:14,13:13:30,True,13:13:30,VERIFIED_PRESENT,Sewing Machine Operator (NSQF Level 4)
AEBAS-LOG-1038,2026-09-16,PMKVY-UP-GKP-0042,"Pratham Kaushal Vikas Kendra, Gorakhpur",CAN-2026-1842-004,Anjali V.,08:55:14,13:00:30,True,13:00:30,VERIFIED_PRESENT,Sewing Machine Operator (NSQF Level 4)
AEBAS-LOG-1039,2026-09-16,PMKVY-UP-GKP-0042,"Pratham Kaushal Vikas Kendra, Gorakhpur",CAN-2026-1842-005,Manoj D.,08:50:14,13:06:30,True,13:06:30,VERIFIED_PRESENT,Sewing Machine Operator (NSQF Level 4)
AEBAS-LOG-1040,2026-09-16,PMKVY-UP-GKP-0042,"Pratham Kaushal Vikas Kendra, Gorakhpur",CAN-2026-1842-006,Anjali S.,08:45:14,13:02:30,True,13:02:30,VERIFIED_PRESENT,Sewing Machine Operator (NSQF Level 4)
AEBAS-LOG-1041,2026-09-16,PMKVY-UP-GKP-0042,"Pratham Kaushal Vikas Kendra, Gorakhpur",CAN-2026-1842-007,Rahul G.,08:47:14,13:08:30,True,13:08:30,VERIFIED_PRESENT,Sewing Machine Operator (NSQF Level 4)
AEBAS-LOG-1042,2026-09-16,PMKVY-UP-GKP-0042,"Pratham Kaushal Vikas Kendra, Gorakhpur",CAN-2026-1842-008,Deepa D.,08:52:14,13:14:30,True,13:14:30,VERIFIED_PRESENT,Sewing Machine Operator (NSQF Level 4)
AEBAS-LOG-1043,2026-09-16,PMKVY-UP-GKP-0042,"Pratham Kaushal Vikas Kendra, Gorakhpur",CAN-2026-1842-009,Priya Y.,08:47:14,13:01:30,True,13:01:30,VERIFIED_PRESENT,Sewing Machine Operator (NSQF Level 4)
AEBAS-LOG-1044,2026-09-16,PMKVY-UP-GKP-0042,"Pratham Kaushal Vikas Kendra, Gorakhpur",CAN-2026-1842-010,Pooja S.,08:49:14,13:13:30,True,13:13:30,VERIFIED_PRESENT,Sewing Machine Operator (NSQF Level 4)
AEBAS-LOG-1045,2026-09-16,PMKVY-UP-GKP-0042,"Pratham Kaushal Vikas Kendra, Gorakhpur",CAN-2026-1842-011,Deepa P.,08:54:14,13:04:30,True,13:04:30,VERIFIED_PRESENT,Sewing Machine Operator (NSQF Level 4)
AEBAS-LOG-1046,2026-09-16,PMKVY-UP-GKP-0042,"Pratham Kaushal Vikas Kendra, Gorakhpur",CAN-2026-1842-012,Rohan R.,08:49:14,13:10:30,True,13:10:30,VERIFIED_PRESENT,Sewing Machine Operator (NSQF Level 4)
AEBAS-LOG-1047,2026-09-16,PMKVY-UP-GKP-0042,"Pratham Kaushal Vikas Kendra, Gorakhpur",CAN-2026-1842-013,Kavita V.,08:45:14,13:04:30,True,13:04:30,VERIFIED_PRESENT,Sewing Machine Operator (NSQF Level 4)
AEBAS-LOG-1048,2026-09-16,PMKVY-UP-GKP-0042,"Pratham Kaushal Vikas Kendra, Gorakhpur",CAN-2026-1842-014,Pooja Y.,08:53:14,13:01:30,True,13:01:30,VERIFIED_PRESENT,Sewing Machine Operator (NSQF Level 4)
AEBAS-LOG-1049,2026-09-16,PMKVY-UP-GKP-0042,"Pratham Kaushal Vikas Kendra, Gorakhpur",CAN-2026-1842-015,Meera V.,08:48:14,13:06:30,True,13:06:30,VERIFIED_PRESENT,Sewing Machine Operator (NSQF Level 4)
AEBAS-LOG-1050,2026-09-16,PMKVY-UP-GKP-0042,"Pratham Kaushal Vikas Kendra, Gorakhpur",CAN-2026-1842-016,Rahul S.,08:50:14,13:06:30,True,13:06:30,VERIFIED_PRESENT,Sewing Machine Operator (NSQF Level 4)
AEBAS-LOG-1051,2026-09-16,PMKVY-UP-GKP-0042,"Pratham Kaushal Vikas Kendra, Gorakhpur",CAN-2026-1842-017,Kiran J.,08:56:14,13:14:30,True,13:14:30,VERIFIED_PRESENT,Sewing Machine Operator (NSQF Level 4)
AEBAS-LOG-1052,2026-09-16,PMKVY-UP-GKP-0042,"Pratham Kaushal Vikas Kendra, Gorakhpur",CAN-2026-1842-018,Sanjay G.,08:54:14,13:10:30,True,13:10:30,VERIFIED_PRESENT,Sewing Machine Operator (NSQF Level 4)
AEBAS-LOG-1053,2026-09-16,PMKVY-UP-GKP-0042,"Pratham Kaushal Vikas Kendra, Gorakhpur",CAN-2026-1842-019,Kavita D.,08:50:14,13:05:30,False,NEVER_ENTERED_ROOM,GHOST_ABSENT,Sewing Machine Operator (NSQF Level 4)
AEBAS-LOG-1054,2026-09-16,PMKVY-UP-GKP-0042,"Pratham Kaushal Vikas Kendra, Gorakhpur",CAN-2026-1842-020,Anjali R.,08:59:14,13:01:30,False,NEVER_ENTERED_ROOM,GHOST_ABSENT,Sewing Machine Operator (NSQF Level 4)
AEBAS-LOG-1055,2026-09-16,PMKVY-UP-GKP-0042,"Pratham Kaushal Vikas Kendra, Gorakhpur",CAN-2026-1842-021,Kiran Y.,08:59:14,13:00:30,False,NEVER_ENTERED_ROOM,GHOST_ABSENT,Sewing Machine Operator (NSQF Level 4)
AEBAS-LOG-1056,2026-09-16,PMKVY-UP-GKP-0042,"Pratham Kaushal Vikas Kendra, Gorakhpur",CAN-2026-1842-022,Neha J.,08:48:14,13:14:30,False,NEVER_ENTERED_ROOM,GHOST_ABSENT,Sewing Machine Operator (NSQF Level 4)
AEBAS-LOG-1057,2026-09-16,PMKVY-UP-GKP-0042,"Pratham Kaushal Vikas Kendra, Gorakhpur",CAN-2026-1842-023,Rahul Y.,08:52:14,13:10:30,False,NEVER_ENTERED_ROOM,GHOST_ABSENT,Sewing Machine Operator (NSQF Level 4)
AEBAS-LOG-1058,2026-09-16,PMKVY-UP-GKP-0042,"Pratham Kaushal Vikas Kendra, Gorakhpur",CAN-2026-1842-024,Sunil Y.,08:51:14,13:05:30,False,NEVER_ENTERED_ROOM,GHOST_ABSENT,Sewing Machine Operator (NSQF Level 4)
AEBAS-LOG-1059,2026-09-16,PMKVY-UP-GKP-0042,"Pratham Kaushal Vikas Kendra, Gorakhpur",CAN-2026-1842-025,Aarav V.,08:45:14,13:02:30,False,NEVER_ENTERED_ROOM,GHOST_ABSENT,Sewing Machine Operator (NSQF Level 4)
AEBAS-LOG-1060,2026-09-16,PMKVY-UP-GKP-0042,"Pratham Kaushal Vikas Kendra, Gorakhpur",CAN-2026-1842-026,Deepa K.,08:53:14,13:03:30,False,NEVER_ENTERED_ROOM,GHOST_ABSENT,Sewing Machine Operator (NSQF Level 4)
AEBAS-LOG-1061,2026-09-16,PMKVY-UP-GKP-0042,"Pratham Kaushal Vikas Kendra, Gorakhpur",CAN-2026-1842-027,Rohan P.,08:52:14,13:06:30,False,NEVER_ENTERED_ROOM,GHOST_ABSENT,Sewing Machine Operator (NSQF Level 4)
AEBAS-LOG-1062,2026-09-16,PMKVY-UP-GKP-0042,"Pratham Kaushal Vikas Kendra, Gorakhpur",CAN-2026-1842-028,Deepa K.,08:45:14,13:06:30,False,NEVER_ENTERED_ROOM,GHOST_ABSENT,Sewing Machine Operator (NSQF Level 4)
AEBAS-LOG-1063,2026-09-16,PMKVY-UP-GKP-0042,"Pratham Kaushal Vikas Kendra, Gorakhpur",CAN-2026-1842-029,Rahul P.,08:47:14,13:07:30,False,NEVER_ENTERED_ROOM,GHOST_ABSENT,Sewing Machine Operator (NSQF Level 4)
AEBAS-LOG-1064,2026-09-16,PMKVY-UP-GKP-0042,"Pratham Kaushal Vikas Kendra, Gorakhpur",CAN-2026-1842-030,Amit J.,08:47:14,13:10:30,False,NEVER_ENTERED_ROOM,GHOST_ABSENT,Sewing Machine Operator (NSQF Level 4)
AEBAS-LOG-1065,2026-09-16,PMKVY-UP-GKP-0042,"Pratham Kaushal Vikas Kendra, Gorakhpur",CAN-2026-1842-031,Neha S.,08:48:14,13:00:30,False,NEVER_ENTERED_ROOM,GHOST_ABSENT,Sewing Machine Operator (NSQF Level 4)
AEBAS-LOG-1066,2026-09-16,PMKVY-UP-GKP-0042,"Pratham Kaushal Vikas Kendra, Gorakhpur",CAN-2026-1842-032,Priya P.,08:59:14,13:03:30,False,NEVER_ENTERED_ROOM,GHOST_ABSENT,Sewing Machine Operator (NSQF Level 4)
AEBAS-LOG-1067,2026-09-16,PMKVY-UP-GKP-0042,"Pratham Kaushal Vikas Kendra, Gorakhpur",CAN-2026-1842-033,Aarav M.,08:47:14,13:12:30,False,NEVER_ENTERED_ROOM,GHOST_ABSENT,Sewing Machine Operator (NSQF Level 4)
AEBAS-LOG-1068,2026-09-16,PMKVY-UP-GKP-0042,"Pratham Kaushal Vikas Kendra, Gorakhpur",CAN-2026-1842-034,Anjali V.,08:59:14,13:06:30,False,NEVER_ENTERED_ROOM,GHOST_ABSENT,Sewing Machine Operator (NSQF Level 4)
AEBAS-LOG-1069,2026-09-16,PMKVY-UP-GKP-0042,"Pratham Kaushal Vikas Kendra, Gorakhpur",CAN-2026-1842-035,Kavita R.,08:48:14,13:11:30,False,NEVER_ENTERED_ROOM,GHOST_ABSENT,Sewing Machine Operator (NSQF Level 4)
AEBAS-LOG-1070,2026-09-17,PMKVY-UP-GKP-0042,"Pratham Kaushal Vikas Kendra, Gorakhpur",CAN-2026-1842-001,Deepa M.,08:47:14,13:13:30,True,13:13:30,VERIFIED_PRESENT,Sewing Machine Operator (NSQF Level 4)
AEBAS-LOG-1071,2026-09-17,PMKVY-UP-GKP-0042,"Pratham Kaushal Vikas Kendra, Gorakhpur",CAN-2026-1842-002,Vikram S.,08:47:14,13:04:30,True,13:04:30,VERIFIED_PRESENT,Sewing Machine Operator (NSQF Level 4)
AEBAS-LOG-1072,2026-09-17,PMKVY-UP-GKP-0042,"Pratham Kaushal Vikas Kendra, Gorakhpur",CAN-2026-1842-003,Rahul Y.,08:53:14,13:12:30,True,13:12:30,VERIFIED_PRESENT,Sewing Machine Operator (NSQF Level 4)
AEBAS-LOG-1073,2026-09-17,PMKVY-UP-GKP-0042,"Pratham Kaushal Vikas Kendra, Gorakhpur",CAN-2026-1842-004,Deepa V.,08:54:14,13:13:30,True,13:13:30,VERIFIED_PRESENT,Sewing Machine Operator (NSQF Level 4)
AEBAS-LOG-1074,2026-09-17,PMKVY-UP-GKP-0042,"Pratham Kaushal Vikas Kendra, Gorakhpur",CAN-2026-1842-005,Neha K.,08:57:14,13:06:30,True,13:06:30,VERIFIED_PRESENT,Sewing Machine Operator (NSQF Level 4)
AEBAS-LOG-1075,2026-09-17,PMKVY-UP-GKP-0042,"Pratham Kaushal Vikas Kendra, Gorakhpur",CAN-2026-1842-006,Kavita S.,08:50:14,13:07:30,True,13:07:30,VERIFIED_PRESENT,Sewing Machine Operator (NSQF Level 4)
AEBAS-LOG-1076,2026-09-17,PMKVY-UP-GKP-0042,"Pratham Kaushal Vikas Kendra, Gorakhpur",CAN-2026-1842-007,Pooja M.,08:57:14,13:08:30,True,13:08:30,VERIFIED_PRESENT,Sewing Machine Operator (NSQF Level 4)
AEBAS-LOG-1077,2026-09-17,PMKVY-UP-GKP-0042,"Pratham Kaushal Vikas Kendra, Gorakhpur",CAN-2026-1842-008,Rohan D.,08:54:14,13:15:30,True,13:15:30,VERIFIED_PRESENT,Sewing Machine Operator (NSQF Level 4)
AEBAS-LOG-1078,2026-09-17,PMKVY-UP-GKP-0042,"Pratham Kaushal Vikas Kendra, Gorakhpur",CAN-2026-1842-009,Rahul J.,08:46:14,13:15:30,True,13:15:30,VERIFIED_PRESENT,Sewing Machine Operator (NSQF Level 4)
AEBAS-LOG-1079,2026-09-17,PMKVY-UP-GKP-0042,"Pratham Kaushal Vikas Kendra, Gorakhpur",CAN-2026-1842-010,Vikram S.,08:53:14,13:12:30,True,13:12:30,VERIFIED_PRESENT,Sewing Machine Operator (NSQF Level 4)
AEBAS-LOG-1080,2026-09-17,PMKVY-UP-GKP-0042,"Pratham Kaushal Vikas Kendra, Gorakhpur",CAN-2026-1842-011,Deepa R.,08:53:14,13:14:30,True,13:14:30,VERIFIED_PRESENT,Sewing Machine Operator (NSQF Level 4)
AEBAS-LOG-1081,2026-09-17,PMKVY-UP-GKP-0042,"Pratham Kaushal Vikas Kendra, Gorakhpur",CAN-2026-1842-012,Priya V.,08:56:14,13:11:30,True,13:11:30,VERIFIED_PRESENT,Sewing Machine Operator (NSQF Level 4)
AEBAS-LOG-1082,2026-09-17,PMKVY-UP-GKP-0042,"Pratham Kaushal Vikas Kendra, Gorakhpur",CAN-2026-1842-013,Kiran J.,08:52:14,13:15:30,True,13:15:30,VERIFIED_PRESENT,Sewing Machine Operator (NSQF Level 4)
AEBAS-LOG-1083,2026-09-17,PMKVY-UP-GKP-0042,"Pratham Kaushal Vikas Kendra, Gorakhpur",CAN-2026-1842-014,Amit G.,08:51:14,13:01:30,True,13:01:30,VERIFIED_PRESENT,Sewing Machine Operator (NSQF Level 4)
AEBAS-LOG-1084,2026-09-17,PMKVY-UP-GKP-0042,"Pratham Kaushal Vikas Kendra, Gorakhpur",CAN-2026-1842-015,Rahul Y.,08:59:14,13:06:30,True,13:06:30,VERIFIED_PRESENT,Sewing Machine Operator (NSQF Level 4)
AEBAS-LOG-1085,2026-09-17,PMKVY-UP-GKP-0042,"Pratham Kaushal Vikas Kendra, Gorakhpur",CAN-2026-1842-016,Manoj Y.,08:51:14,13:06:30,True,13:06:30,VERIFIED_PRESENT,Sewing Machine Operator (NSQF Level 4)
AEBAS-LOG-1086,2026-09-17,PMKVY-UP-GKP-0042,"Pratham Kaushal Vikas Kendra, Gorakhpur",CAN-2026-1842-017,Kavita D.,08:59:14,13:12:30,True,13:12:30,VERIFIED_PRESENT,Sewing Machine Operator (NSQF Level 4)
AEBAS-LOG-1087,2026-09-17,PMKVY-UP-GKP-0042,"Pratham Kaushal Vikas Kendra, Gorakhpur",CAN-2026-1842-018,Priya V.,08:49:14,13:02:30,True,13:02:30,VERIFIED_PRESENT,Sewing Machine Operator (NSQF Level 4)
AEBAS-LOG-1088,2026-09-17,PMKVY-UP-GKP-0042,"Pratham Kaushal Vikas Kendra, Gorakhpur",CAN-2026-1842-019,Rohan S.,08:49:14,13:14:30,False,NEVER_ENTERED_ROOM,GHOST_ABSENT,Sewing Machine Operator (NSQF Level 4)
AEBAS-LOG-1089,2026-09-17,PMKVY-UP-GKP-0042,"Pratham Kaushal Vikas Kendra, Gorakhpur",CAN-2026-1842-020,Deepa Y.,08:54:14,13:01:30,False,NEVER_ENTERED_ROOM,GHOST_ABSENT,Sewing Machine Operator (NSQF Level 4)
AEBAS-LOG-1090,2026-09-17,PMKVY-UP-GKP-0042,"Pratham Kaushal Vikas Kendra, Gorakhpur",CAN-2026-1842-021,Manoj D.,08:54:14,13:10:30,False,NEVER_ENTERED_ROOM,GHOST_ABSENT,Sewing Machine Operator (NSQF Level 4)
AEBAS-LOG-1091,2026-09-17,PMKVY-UP-GKP-0042,"Pratham Kaushal Vikas Kendra, Gorakhpur",CAN-2026-1842-022,Meera R.,08:52:14,13:13:30,False,NEVER_ENTERED_ROOM,GHOST_ABSENT,Sewing Machine Operator (NSQF Level 4)
AEBAS-LOG-1092,2026-09-17,PMKVY-UP-GKP-0042,"Pratham Kaushal Vikas Kendra, Gorakhpur",CAN-2026-1842-023,Meera V.,08:57:14,13:15:30,False,NEVER_ENTERED_ROOM,GHOST_ABSENT,Sewing Machine Operator (NSQF Level 4)
AEBAS-LOG-1093,2026-09-17,PMKVY-UP-GKP-0042,"Pratham Kaushal Vikas Kendra, Gorakhpur",CAN-2026-1842-024,Sanjay P.,08:51:14,13:00:30,False,NEVER_ENTERED_ROOM,GHOST_ABSENT,Sewing Machine Operator (NSQF Level 4)
AEBAS-LOG-1094,2026-09-17,PMKVY-UP-GKP-0042,"Pratham Kaushal Vikas Kendra, Gorakhpur",CAN-2026-1842-025,Priya R.,08:48:14,13:08:30,False,NEVER_ENTERED_ROOM,GHOST_ABSENT,Sewing Machine Operator (NSQF Level 4)
AEBAS-LOG-1095,2026-09-17,PMKVY-UP-GKP-0042,"Pratham Kaushal Vikas Kendra, Gorakhpur",CAN-2026-1842-026,Vikram V.,08:59:14,13:02:30,False,NEVER_ENTERED_ROOM,GHOST_ABSENT,Sewing Machine Operator (NSQF Level 4)
AEBAS-LOG-1096,2026-09-17,PMKVY-UP-GKP-0042,"Pratham Kaushal Vikas Kendra, Gorakhpur",CAN-2026-1842-027,Kavita D.,08:53:14,13:02:30,False,NEVER_ENTERED_ROOM,GHOST_ABSENT,Sewing Machine Operator (NSQF Level 4)
AEBAS-LOG-1097,2026-09-17,PMKVY-UP-GKP-0042,"Pratham Kaushal Vikas Kendra, Gorakhpur",CAN-2026-1842-028,Amit Y.,08:46:14,13:03:30,False,NEVER_ENTERED_ROOM,GHOST_ABSENT,Sewing Machine Operator (NSQF Level 4)
AEBAS-LOG-1098,2026-09-17,PMKVY-UP-GKP-0042,"Pratham Kaushal Vikas Kendra, Gorakhpur",CAN-2026-1842-029,Vikram V.,08:45:14,13:06:30,False,NEVER_ENTERED_ROOM,GHOST_ABSENT,Sewing Machine Operator (NSQF Level 4)
AEBAS-LOG-1099,2026-09-17,PMKVY-UP-GKP-0042,"Pratham Kaushal Vikas Kendra, Gorakhpur",CAN-2026-1842-030,Sanjay Y.,08:55:14,13:10:30,False,NEVER_ENTERED_ROOM,GHOST_ABSENT,Sewing Machine Operator (NSQF Level 4)
AEBAS-LOG-1100,2026-09-17,PMKVY-UP-GKP-0042,"Pratham Kaushal Vikas Kendra, Gorakhpur",CAN-2026-1842-031,Amit P.,08:56:14,13:08:30,False,NEVER_ENTERED_ROOM,GHOST_ABSENT,Sewing Machine Operator (NSQF Level 4)
AEBAS-LOG-1101,2026-09-17,PMKVY-UP-GKP-0042,"Pratham Kaushal Vikas Kendra, Gorakhpur",CAN-2026-1842-032,Rahul J.,08:54:14,13:04:30,False,NEVER_ENTERED_ROOM,GHOST_ABSENT,Sewing Machine Operator (NSQF Level 4)
AEBAS-LOG-1102,2026-09-17,PMKVY-UP-GKP-0042,"Pratham Kaushal Vikas Kendra, Gorakhpur",CAN-2026-1842-033,Amit K.,08:57:14,13:09:30,False,NEVER_ENTERED_ROOM,GHOST_ABSENT,Sewing Machine Operator (NSQF Level 4)
AEBAS-LOG-1103,2026-09-17,PMKVY-UP-GKP-0042,"Pratham Kaushal Vikas Kendra, Gorakhpur",CAN-2026-1842-034,Kavita V.,08:57:14,13:12:30,False,NEVER_ENTERED_ROOM,GHOST_ABSENT,Sewing Machine Operator (NSQF Level 4)
AEBAS-LOG-1104,2026-09-17,PMKVY-UP-GKP-0042,"Pratham Kaushal Vikas Kendra, Gorakhpur",CAN-2026-1842-035,Sunil G.,08:57:14,13:00:30,False,NEVER_ENTERED_ROOM,GHOST_ABSENT,Sewing Machine Operator (NSQF Level 4)
AEBAS-LOG-1105,2026-09-18,PMKVY-UP-GKP-0042,"Pratham Kaushal Vikas Kendra, Gorakhpur",CAN-2026-1842-001,Kiran M.,08:53:14,13:04:30,True,13:04:30,VERIFIED_PRESENT,Sewing Machine Operator (NSQF Level 4)
AEBAS-LOG-1106,2026-09-18,PMKVY-UP-GKP-0042,"Pratham Kaushal Vikas Kendra, Gorakhpur",CAN-2026-1842-002,Sunil Y.,08:48:14,13:06:30,True,13:06:30,VERIFIED_PRESENT,Sewing Machine Operator (NSQF Level 4)
AEBAS-LOG-1107,2026-09-18,PMKVY-UP-GKP-0042,"Pratham Kaushal Vikas Kendra, Gorakhpur",CAN-2026-1842-003,Kiran Y.,08:53:14,13:14:30,True,13:14:30,VERIFIED_PRESENT,Sewing Machine Operator (NSQF Level 4)
AEBAS-LOG-1108,2026-09-18,PMKVY-UP-GKP-0042,"Pratham Kaushal Vikas Kendra, Gorakhpur",CAN-2026-1842-004,Manoj V.,08:57:14,13:02:30,True,13:02:30,VERIFIED_PRESENT,Sewing Machine Operator (NSQF Level 4)
AEBAS-LOG-1109,2026-09-18,PMKVY-UP-GKP-0042,"Pratham Kaushal Vikas Kendra, Gorakhpur",CAN-2026-1842-005,Sanjay Y.,08:51:14,13:13:30,True,13:13:30,VERIFIED_PRESENT,Sewing Machine Operator (NSQF Level 4)
AEBAS-LOG-1110,2026-09-18,PMKVY-UP-GKP-0042,"Pratham Kaushal Vikas Kendra, Gorakhpur",CAN-2026-1842-006,Rahul R.,08:52:14,13:00:30,True,13:00:30,VERIFIED_PRESENT,Sewing Machine Operator (NSQF Level 4)
AEBAS-LOG-1111,2026-09-18,PMKVY-UP-GKP-0042,"Pratham Kaushal Vikas Kendra, Gorakhpur",CAN-2026-1842-007,Deepa S.,08:54:14,13:04:30,True,13:04:30,VERIFIED_PRESENT,Sewing Machine Operator (NSQF Level 4)
AEBAS-LOG-1112,2026-09-18,PMKVY-UP-GKP-0042,"Pratham Kaushal Vikas Kendra, Gorakhpur",CAN-2026-1842-008,Kavita J.,08:45:14,13:15:30,True,13:15:30,VERIFIED_PRESENT,Sewing Machine Operator (NSQF Level 4)
AEBAS-LOG-1113,2026-09-18,PMKVY-UP-GKP-0042,"Pratham Kaushal Vikas Kendra, Gorakhpur",CAN-2026-1842-009,Deepa V.,08:48:14,13:13:30,True,13:13:30,VERIFIED_PRESENT,Sewing Machine Operator (NSQF Level 4)
AEBAS-LOG-1114,2026-09-18,PMKVY-UP-GKP-0042,"Pratham Kaushal Vikas Kendra, Gorakhpur",CAN-2026-1842-010,Meera M.,08:57:14,13:12:30,True,13:12:30,VERIFIED_PRESENT,Sewing Machine Operator (NSQF Level 4)
AEBAS-LOG-1115,2026-09-18,PMKVY-UP-GKP-0042,"Pratham Kaushal Vikas Kendra, Gorakhpur",CAN-2026-1842-011,Kavita V.,08:54:14,13:00:30,True,13:00:30,VERIFIED_PRESENT,Sewing Machine Operator (NSQF Level 4)
AEBAS-LOG-1116,2026-09-18,PMKVY-UP-GKP-0042,"Pratham Kaushal Vikas Kendra, Gorakhpur",CAN-2026-1842-012,Pooja S.,08:47:14,13:10:30,True,13:10:30,VERIFIED_PRESENT,Sewing Machine Operator (NSQF Level 4)
AEBAS-LOG-1117,2026-09-18,PMKVY-UP-GKP-0042,"Pratham Kaushal Vikas Kendra, Gorakhpur",CAN-2026-1842-013,Sunil D.,08:48:14,13:12:30,True,13:12:30,VERIFIED_PRESENT,Sewing Machine Operator (NSQF Level 4)
AEBAS-LOG-1118,2026-09-18,PMKVY-UP-GKP-0042,"Pratham Kaushal Vikas Kendra, Gorakhpur",CAN-2026-1842-014,Vikram D.,08:51:14,13:06:30,True,13:06:30,VERIFIED_PRESENT,Sewing Machine Operator (NSQF Level 4)
AEBAS-LOG-1119,2026-09-18,PMKVY-UP-GKP-0042,"Pratham Kaushal Vikas Kendra, Gorakhpur",CAN-2026-1842-015,Kiran S.,08:50:14,13:14:30,True,13:14:30,VERIFIED_PRESENT,Sewing Machine Operator (NSQF Level 4)
AEBAS-LOG-1120,2026-09-18,PMKVY-UP-GKP-0042,"Pratham Kaushal Vikas Kendra, Gorakhpur",CAN-2026-1842-016,Kavita S.,08:47:14,13:03:30,True,13:03:30,VERIFIED_PRESENT,Sewing Machine Operator (NSQF Level 4)
AEBAS-LOG-1121,2026-09-18,PMKVY-UP-GKP-0042,"Pratham Kaushal Vikas Kendra, Gorakhpur",CAN-2026-1842-017,Priya K.,08:58:14,13:15:30,True,13:15:30,VERIFIED_PRESENT,Sewing Machine Operator (NSQF Level 4)
AEBAS-LOG-1122,2026-09-18,PMKVY-UP-GKP-0042,"Pratham Kaushal Vikas Kendra, Gorakhpur",CAN-2026-1842-018,Aarav S.,08:48:14,13:02:30,True,13:02:30,VERIFIED_PRESENT,Sewing Machine Operator (NSQF Level 4)
AEBAS-LOG-1123,2026-09-18,PMKVY-UP-GKP-0042,"Pratham Kaushal Vikas Kendra, Gorakhpur",CAN-2026-1842-019,Sunil P.,08:48:14,13:07:30,False,NEVER_ENTERED_ROOM,GHOST_ABSENT,Sewing Machine Operator (NSQF Level 4)
AEBAS-LOG-1124,2026-09-18,PMKVY-UP-GKP-0042,"Pratham Kaushal Vikas Kendra, Gorakhpur",CAN-2026-1842-020,Kavita M.,08:53:14,13:02:30,False,NEVER_ENTERED_ROOM,GHOST_ABSENT,Sewing Machine Operator (NSQF Level 4)
AEBAS-LOG-1125,2026-09-18,PMKVY-UP-GKP-0042,"Pratham Kaushal Vikas Kendra, Gorakhpur",CAN-2026-1842-021,Manoj K.,08:50:14,13:00:30,False,NEVER_ENTERED_ROOM,GHOST_ABSENT,Sewing Machine Operator (NSQF Level 4)
AEBAS-LOG-1126,2026-09-18,PMKVY-UP-GKP-0042,"Pratham Kaushal Vikas Kendra, Gorakhpur",CAN-2026-1842-022,Priya V.,08:58:14,13:13:30,False,NEVER_ENTERED_ROOM,GHOST_ABSENT,Sewing Machine Operator (NSQF Level 4)
AEBAS-LOG-1127,2026-09-18,PMKVY-UP-GKP-0042,"Pratham Kaushal Vikas Kendra, Gorakhpur",CAN-2026-1842-023,Sunil S.,08:46:14,13:04:30,False,NEVER_ENTERED_ROOM,GHOST_ABSENT,Sewing Machine Operator (NSQF Level 4)
AEBAS-LOG-1128,2026-09-18,PMKVY-UP-GKP-0042,"Pratham Kaushal Vikas Kendra, Gorakhpur",CAN-2026-1842-024,Meera R.,08:56:14,13:02:30,False,NEVER_ENTERED_ROOM,GHOST_ABSENT,Sewing Machine Operator (NSQF Level 4)
AEBAS-LOG-1129,2026-09-18,PMKVY-UP-GKP-0042,"Pratham Kaushal Vikas Kendra, Gorakhpur",CAN-2026-1842-025,Sunil Y.,08:47:14,13:06:30,False,NEVER_ENTERED_ROOM,GHOST_ABSENT,Sewing Machine Operator (NSQF Level 4)
AEBAS-LOG-1130,2026-09-18,PMKVY-UP-GKP-0042,"Pratham Kaushal Vikas Kendra, Gorakhpur",CAN-2026-1842-026,Kavita D.,08:58:14,13:15:30,False,NEVER_ENTERED_ROOM,GHOST_ABSENT,Sewing Machine Operator (NSQF Level 4)
AEBAS-LOG-1131,2026-09-18,PMKVY-UP-GKP-0042,"Pratham Kaushal Vikas Kendra, Gorakhpur",CAN-2026-1842-027,Priya G.,08:54:14,13:09:30,False,NEVER_ENTERED_ROOM,GHOST_ABSENT,Sewing Machine Operator (NSQF Level 4)
AEBAS-LOG-1132,2026-09-18,PMKVY-UP-GKP-0042,"Pratham Kaushal Vikas Kendra, Gorakhpur",CAN-2026-1842-028,Rahul D.,08:56:14,13:14:30,False,NEVER_ENTERED_ROOM,GHOST_ABSENT,Sewing Machine Operator (NSQF Level 4)
AEBAS-LOG-1133,2026-09-18,PMKVY-UP-GKP-0042,"Pratham Kaushal Vikas Kendra, Gorakhpur",CAN-2026-1842-029,Amit Y.,08:45:14,13:04:30,False,NEVER_ENTERED_ROOM,GHOST_ABSENT,Sewing Machine Operator (NSQF Level 4)
AEBAS-LOG-1134,2026-09-18,PMKVY-UP-GKP-0042,"Pratham Kaushal Vikas Kendra, Gorakhpur",CAN-2026-1842-030,Manoj S.,08:58:14,13:12:30,False,NEVER_ENTERED_ROOM,GHOST_ABSENT,Sewing Machine Operator (NSQF Level 4)
AEBAS-LOG-1135,2026-09-18,PMKVY-UP-GKP-0042,"Pratham Kaushal Vikas Kendra, Gorakhpur",CAN-2026-1842-031,Neha D.,08:50:14,13:15:30,False,NEVER_ENTERED_ROOM,GHOST_ABSENT,Sewing Machine Operator (NSQF Level 4)
AEBAS-LOG-1136,2026-09-18,PMKVY-UP-GKP-0042,"Pratham Kaushal Vikas Kendra, Gorakhpur",CAN-2026-1842-032,Manoj R.,08:54:14,13:01:30,False,NEVER_ENTERED_ROOM,GHOST_ABSENT,Sewing Machine Operator (NSQF Level 4)
AEBAS-LOG-1137,2026-09-18,PMKVY-UP-GKP-0042,"Pratham Kaushal Vikas Kendra, Gorakhpur",CAN-2026-1842-033,Vikram P.,08:55:14,13:14:30,False,NEVER_ENTERED_ROOM,GHOST_ABSENT,Sewing Machine Operator (NSQF Level 4)
AEBAS-LOG-1138,2026-09-18,PMKVY-UP-GKP-0042,"Pratham Kaushal Vikas Kendra, Gorakhpur",CAN-2026-1842-034,Deepa J.,08:58:14,13:09:30,False,NEVER_ENTERED_ROOM,GHOST_ABSENT,Sewing Machine Operator (NSQF Level 4)
AEBAS-LOG-1139,2026-09-18,PMKVY-UP-GKP-0042,"Pratham Kaushal Vikas Kendra, Gorakhpur",CAN-2026-1842-035,Sunil G.,08:58:14,13:05:30,False,NEVER_ENTERED_ROOM,GHOST_ABSENT,Sewing Machine Operator (NSQF Level 4)
AEBAS-LOG-1140,2026-09-19,PMKVY-UP-GKP-0042,"Pratham Kaushal Vikas Kendra, Gorakhpur",CAN-2026-1842-001,Meera Y.,08:47:14,13:13:30,True,13:13:30,VERIFIED_PRESENT,Sewing Machine Operator (NSQF Level 4)
AEBAS-LOG-1141,2026-09-19,PMKVY-UP-GKP-0042,"Pratham Kaushal Vikas Kendra, Gorakhpur",CAN-2026-1842-002,Manoj D.,08:59:14,13:05:30,True,13:05:30,VERIFIED_PRESENT,Sewing Machine Operator (NSQF Level 4)
AEBAS-LOG-1142,2026-09-19,PMKVY-UP-GKP-0042,"Pratham Kaushal Vikas Kendra, Gorakhpur",CAN-2026-1842-003,Anjali D.,08:56:14,13:01:30,True,13:01:30,VERIFIED_PRESENT,Sewing Machine Operator (NSQF Level 4)
AEBAS-LOG-1143,2026-09-19,PMKVY-UP-GKP-0042,"Pratham Kaushal Vikas Kendra, Gorakhpur",CAN-2026-1842-004,Neha S.,08:49:14,13:09:30,True,13:09:30,VERIFIED_PRESENT,Sewing Machine Operator (NSQF Level 4)
AEBAS-LOG-1144,2026-09-19,PMKVY-UP-GKP-0042,"Pratham Kaushal Vikas Kendra, Gorakhpur",CAN-2026-1842-005,Vikram J.,08:56:14,13:06:30,True,13:06:30,VERIFIED_PRESENT,Sewing Machine Operator (NSQF Level 4)
AEBAS-LOG-1145,2026-09-19,PMKVY-UP-GKP-0042,"Pratham Kaushal Vikas Kendra, Gorakhpur",CAN-2026-1842-006,Kiran D.,08:57:14,13:03:30,True,13:03:30,VERIFIED_PRESENT,Sewing Machine Operator (NSQF Level 4)
AEBAS-LOG-1146,2026-09-19,PMKVY-UP-GKP-0042,"Pratham Kaushal Vikas Kendra, Gorakhpur",CAN-2026-1842-007,Deepa S.,08:57:14,13:03:30,True,13:03:30,VERIFIED_PRESENT,Sewing Machine Operator (NSQF Level 4)
AEBAS-LOG-1147,2026-09-19,PMKVY-UP-GKP-0042,"Pratham Kaushal Vikas Kendra, Gorakhpur",CAN-2026-1842-008,Sanjay D.,08:52:14,13:05:30,True,13:05:30,VERIFIED_PRESENT,Sewing Machine Operator (NSQF Level 4)
AEBAS-LOG-1148,2026-09-19,PMKVY-UP-GKP-0042,"Pratham Kaushal Vikas Kendra, Gorakhpur",CAN-2026-1842-009,Amit Y.,08:53:14,13:01:30,True,13:01:30,VERIFIED_PRESENT,Sewing Machine Operator (NSQF Level 4)
AEBAS-LOG-1149,2026-09-19,PMKVY-UP-GKP-0042,"Pratham Kaushal Vikas Kendra, Gorakhpur",CAN-2026-1842-010,Manoj K.,08:46:14,13:14:30,True,13:14:30,VERIFIED_PRESENT,Sewing Machine Operator (NSQF Level 4)
AEBAS-LOG-1150,2026-09-19,PMKVY-UP-GKP-0042,"Pratham Kaushal Vikas Kendra, Gorakhpur",CAN-2026-1842-011,Sunil V.,08:56:14,13:12:30,True,13:12:30,VERIFIED_PRESENT,Sewing Machine Operator (NSQF Level 4)
AEBAS-LOG-1151,2026-09-19,PMKVY-UP-GKP-0042,"Pratham Kaushal Vikas Kendra, Gorakhpur",CAN-2026-1842-012,Rahul D.,08:45:14,13:00:30,True,13:00:30,VERIFIED_PRESENT,Sewing Machine Operator (NSQF Level 4)
AEBAS-LOG-1152,2026-09-19,PMKVY-UP-GKP-0042,"Pratham Kaushal Vikas Kendra, Gorakhpur",CAN-2026-1842-013,Amit S.,08:56:14,13:04:30,True,13:04:30,VERIFIED_PRESENT,Sewing Machine Operator (NSQF Level 4)
AEBAS-LOG-1153,2026-09-19,PMKVY-UP-GKP-0042,"Pratham Kaushal Vikas Kendra, Gorakhpur",CAN-2026-1842-014,Sanjay M.,08:56:14,13:14:30,True,13:14:30,VERIFIED_PRESENT,Sewing Machine Operator (NSQF Level 4)
AEBAS-LOG-1154,2026-09-19,PMKVY-UP-GKP-0042,"Pratham Kaushal Vikas Kendra, Gorakhpur",CAN-2026-1842-015,Kiran R.,08:46:14,13:02:30,True,13:02:30,VERIFIED_PRESENT,Sewing Machine Operator (NSQF Level 4)
AEBAS-LOG-1155,2026-09-19,PMKVY-UP-GKP-0042,"Pratham Kaushal Vikas Kendra, Gorakhpur",CAN-2026-1842-016,Neha J.,08:52:14,13:04:30,True,13:04:30,VERIFIED_PRESENT,Sewing Machine Operator (NSQF Level 4)
AEBAS-LOG-1156,2026-09-19,PMKVY-UP-GKP-0042,"Pratham Kaushal Vikas Kendra, Gorakhpur",CAN-2026-1842-017,Kiran P.,08:58:14,13:05:30,True,13:05:30,VERIFIED_PRESENT,Sewing Machine Operator (NSQF Level 4)
AEBAS-LOG-1157,2026-09-19,PMKVY-UP-GKP-0042,"Pratham Kaushal Vikas Kendra, Gorakhpur",CAN-2026-1842-018,Priya K.,08:54:14,13:03:30,True,13:03:30,VERIFIED_PRESENT,Sewing Machine Operator (NSQF Level 4)
AEBAS-LOG-1158,2026-09-19,PMKVY-UP-GKP-0042,"Pratham Kaushal Vikas Kendra, Gorakhpur",CAN-2026-1842-019,Priya P.,08:46:14,13:12:30,False,NEVER_ENTERED_ROOM,GHOST_ABSENT,Sewing Machine Operator (NSQF Level 4)
AEBAS-LOG-1159,2026-09-19,PMKVY-UP-GKP-0042,"Pratham Kaushal Vikas Kendra, Gorakhpur",CAN-2026-1842-020,Priya S.,08:55:14,13:00:30,False,NEVER_ENTERED_ROOM,GHOST_ABSENT,Sewing Machine Operator (NSQF Level 4)
AEBAS-LOG-1160,2026-09-19,PMKVY-UP-GKP-0042,"Pratham Kaushal Vikas Kendra, Gorakhpur",CAN-2026-1842-021,Amit S.,08:52:14,13:11:30,False,NEVER_ENTERED_ROOM,GHOST_ABSENT,Sewing Machine Operator (NSQF Level 4)
AEBAS-LOG-1161,2026-09-19,PMKVY-UP-GKP-0042,"Pratham Kaushal Vikas Kendra, Gorakhpur",CAN-2026-1842-022,Priya Y.,08:56:14,13:01:30,False,NEVER_ENTERED_ROOM,GHOST_ABSENT,Sewing Machine Operator (NSQF Level 4)
AEBAS-LOG-1162,2026-09-19,PMKVY-UP-GKP-0042,"Pratham Kaushal Vikas Kendra, Gorakhpur",CAN-2026-1842-023,Rahul R.,08:56:14,13:01:30,False,NEVER_ENTERED_ROOM,GHOST_ABSENT,Sewing Machine Operator (NSQF Level 4)
AEBAS-LOG-1163,2026-09-19,PMKVY-UP-GKP-0042,"Pratham Kaushal Vikas Kendra, Gorakhpur",CAN-2026-1842-024,Anjali D.,08:56:14,13:09:30,False,NEVER_ENTERED_ROOM,GHOST_ABSENT,Sewing Machine Operator (NSQF Level 4)
AEBAS-LOG-1164,2026-09-19,PMKVY-UP-GKP-0042,"Pratham Kaushal Vikas Kendra, Gorakhpur",CAN-2026-1842-025,Manoj K.,08:54:14,13:00:30,False,NEVER_ENTERED_ROOM,GHOST_ABSENT,Sewing Machine Operator (NSQF Level 4)
AEBAS-LOG-1165,2026-09-19,PMKVY-UP-GKP-0042,"Pratham Kaushal Vikas Kendra, Gorakhpur",CAN-2026-1842-026,Pooja D.,08:57:14,13:06:30,False,NEVER_ENTERED_ROOM,GHOST_ABSENT,Sewing Machine Operator (NSQF Level 4)
AEBAS-LOG-1166,2026-09-19,PMKVY-UP-GKP-0042,"Pratham Kaushal Vikas Kendra, Gorakhpur",CAN-2026-1842-027,Neha V.,08:59:14,13:07:30,False,NEVER_ENTERED_ROOM,GHOST_ABSENT,Sewing Machine Operator (NSQF Level 4)
AEBAS-LOG-1167,2026-09-19,PMKVY-UP-GKP-0042,"Pratham Kaushal Vikas Kendra, Gorakhpur",CAN-2026-1842-028,Rahul S.,08:45:14,13:13:30,False,NEVER_ENTERED_ROOM,GHOST_ABSENT,Sewing Machine Operator (NSQF Level 4)
AEBAS-LOG-1168,2026-09-19,PMKVY-UP-GKP-0042,"Pratham Kaushal Vikas Kendra, Gorakhpur",CAN-2026-1842-029,Aarav K.,08:50:14,13:06:30,False,NEVER_ENTERED_ROOM,GHOST_ABSENT,Sewing Machine Operator (NSQF Level 4)
AEBAS-LOG-1169,2026-09-19,PMKVY-UP-GKP-0042,"Pratham Kaushal Vikas Kendra, Gorakhpur",CAN-2026-1842-030,Vikram Y.,08:59:14,13:03:30,False,NEVER_ENTERED_ROOM,GHOST_ABSENT,Sewing Machine Operator (NSQF Level 4)
AEBAS-LOG-1170,2026-09-19,PMKVY-UP-GKP-0042,"Pratham Kaushal Vikas Kendra, Gorakhpur",CAN-2026-1842-031,Priya J.,08:47:14,13:01:30,False,NEVER_ENTERED_ROOM,GHOST_ABSENT,Sewing Machine Operator (NSQF Level 4)
AEBAS-LOG-1171,2026-09-19,PMKVY-UP-GKP-0042,"Pratham Kaushal Vikas Kendra, Gorakhpur",CAN-2026-1842-032,Meera D.,08:46:14,13:10:30,False,NEVER_ENTERED_ROOM,GHOST_ABSENT,Sewing Machine Operator (NSQF Level 4)
AEBAS-LOG-1172,2026-09-19,PMKVY-UP-GKP-0042,"Pratham Kaushal Vikas Kendra, Gorakhpur",CAN-2026-1842-033,Sanjay D.,08:55:14,13:06:30,False,NEVER_ENTERED_ROOM,GHOST_ABSENT,Sewing Machine Operator (NSQF Level 4)
AEBAS-LOG-1173,2026-09-19,PMKVY-UP-GKP-0042,"Pratham Kaushal Vikas Kendra, Gorakhpur",CAN-2026-1842-034,Rahul D.,08:51:14,13:13:30,False,NEVER_ENTERED_ROOM,GHOST_ABSENT,Sewing Machine Operator (NSQF Level 4)
AEBAS-LOG-1174,2026-09-19,PMKVY-UP-GKP-0042,"Pratham Kaushal Vikas Kendra, Gorakhpur",CAN-2026-1842-035,Anjali Y.,08:48:14,13:03:30,False,NEVER_ENTERED_ROOM,GHOST_ABSENT,Sewing Machine Operator (NSQF Level 4)
AEBAS-LOG-1175,2026-09-15,PMKVY-RJ-JDH-0015,"AISECT Rural Kaushal Academy, Jodhpur",CAN-2026-9482-001,Deepa V.,08:47:14,13:00:30,True,13:00:30,VERIFIED_PRESENT,Solar PV Installer - Suryamitra (NSQF Level 4)
AEBAS-LOG-1176,2026-09-15,PMKVY-RJ-JDH-0015,"AISECT Rural Kaushal Academy, Jodhpur",CAN-2026-9482-002,Sunil M.,08:50:14,13:00:30,True,13:00:30,VERIFIED_PRESENT,Solar PV Installer - Suryamitra (NSQF Level 4)
AEBAS-LOG-1177,2026-09-15,PMKVY-RJ-JDH-0015,"AISECT Rural Kaushal Academy, Jodhpur",CAN-2026-9482-003,Sunil Y.,08:52:14,13:07:30,True,13:07:30,VERIFIED_PRESENT,Solar PV Installer - Suryamitra (NSQF Level 4)
AEBAS-LOG-1178,2026-09-15,PMKVY-RJ-JDH-0015,"AISECT Rural Kaushal Academy, Jodhpur",CAN-2026-9482-004,Vikram M.,08:58:14,13:08:30,True,13:08:30,VERIFIED_PRESENT,Solar PV Installer - Suryamitra (NSQF Level 4)
AEBAS-LOG-1179,2026-09-15,PMKVY-RJ-JDH-0015,"AISECT Rural Kaushal Academy, Jodhpur",CAN-2026-9482-005,Deepa K.,08:46:14,13:06:30,True,13:06:30,VERIFIED_PRESENT,Solar PV Installer - Suryamitra (NSQF Level 4)
AEBAS-LOG-1180,2026-09-15,PMKVY-RJ-JDH-0015,"AISECT Rural Kaushal Academy, Jodhpur",CAN-2026-9482-006,Meera P.,08:57:14,13:15:30,True,13:15:30,VERIFIED_PRESENT,Solar PV Installer - Suryamitra (NSQF Level 4)
AEBAS-LOG-1181,2026-09-15,PMKVY-RJ-JDH-0015,"AISECT Rural Kaushal Academy, Jodhpur",CAN-2026-9482-007,Anjali J.,08:53:14,13:05:30,True,13:05:30,VERIFIED_PRESENT,Solar PV Installer - Suryamitra (NSQF Level 4)
AEBAS-LOG-1182,2026-09-15,PMKVY-RJ-JDH-0015,"AISECT Rural Kaushal Academy, Jodhpur",CAN-2026-9482-008,Amit S.,08:54:14,13:10:30,True,13:10:30,VERIFIED_PRESENT,Solar PV Installer - Suryamitra (NSQF Level 4)
AEBAS-LOG-1183,2026-09-15,PMKVY-RJ-JDH-0015,"AISECT Rural Kaushal Academy, Jodhpur",CAN-2026-9482-009,Sunil M.,08:59:14,13:04:30,True,13:04:30,VERIFIED_PRESENT,Solar PV Installer - Suryamitra (NSQF Level 4)
AEBAS-LOG-1184,2026-09-15,PMKVY-RJ-JDH-0015,"AISECT Rural Kaushal Academy, Jodhpur",CAN-2026-9482-010,Sanjay S.,08:55:14,13:10:30,True,13:10:30,VERIFIED_PRESENT,Solar PV Installer - Suryamitra (NSQF Level 4)
AEBAS-LOG-1185,2026-09-15,PMKVY-RJ-JDH-0015,"AISECT Rural Kaushal Academy, Jodhpur",CAN-2026-9482-011,Kiran S.,08:50:14,13:00:30,True,13:00:30,VERIFIED_PRESENT,Solar PV Installer - Suryamitra (NSQF Level 4)
AEBAS-LOG-1186,2026-09-15,PMKVY-RJ-JDH-0015,"AISECT Rural Kaushal Academy, Jodhpur",CAN-2026-9482-012,Manoj D.,08:53:14,13:07:30,True,13:07:30,VERIFIED_PRESENT,Solar PV Installer - Suryamitra (NSQF Level 4)
AEBAS-LOG-1187,2026-09-15,PMKVY-RJ-JDH-0015,"AISECT Rural Kaushal Academy, Jodhpur",CAN-2026-9482-013,Aarav Y.,08:45:14,13:03:30,True,13:03:30,VERIFIED_PRESENT,Solar PV Installer - Suryamitra (NSQF Level 4)
AEBAS-LOG-1188,2026-09-15,PMKVY-RJ-JDH-0015,"AISECT Rural Kaushal Academy, Jodhpur",CAN-2026-9482-014,Kavita Y.,08:56:14,13:13:30,True,13:13:30,VERIFIED_PRESENT,Solar PV Installer - Suryamitra (NSQF Level 4)
AEBAS-LOG-1189,2026-09-15,PMKVY-RJ-JDH-0015,"AISECT Rural Kaushal Academy, Jodhpur",CAN-2026-9482-015,Neha G.,08:46:14,13:01:30,True,13:01:30,VERIFIED_PRESENT,Solar PV Installer - Suryamitra (NSQF Level 4)
AEBAS-LOG-1190,2026-09-15,PMKVY-RJ-JDH-0015,"AISECT Rural Kaushal Academy, Jodhpur",CAN-2026-9482-016,Rohan V.,08:52:14,13:09:30,True,13:09:30,VERIFIED_PRESENT,Solar PV Installer - Suryamitra (NSQF Level 4)
AEBAS-LOG-1191,2026-09-15,PMKVY-RJ-JDH-0015,"AISECT Rural Kaushal Academy, Jodhpur",CAN-2026-9482-017,Rahul S.,08:51:14,13:06:30,True,13:06:30,VERIFIED_PRESENT,Solar PV Installer - Suryamitra (NSQF Level 4)
AEBAS-LOG-1192,2026-09-15,PMKVY-RJ-JDH-0015,"AISECT Rural Kaushal Academy, Jodhpur",CAN-2026-9482-018,Pooja Y.,08:59:14,13:14:30,True,13:14:30,VERIFIED_PRESENT,Solar PV Installer - Suryamitra (NSQF Level 4)
AEBAS-LOG-1193,2026-09-15,PMKVY-RJ-JDH-0015,"AISECT Rural Kaushal Academy, Jodhpur",CAN-2026-9482-019,Sanjay S.,08:49:14,13:10:30,True,13:10:30,VERIFIED_PRESENT,Solar PV Installer - Suryamitra (NSQF Level 4)
AEBAS-LOG-1194,2026-09-15,PMKVY-RJ-JDH-0015,"AISECT Rural Kaushal Academy, Jodhpur",CAN-2026-9482-020,Pooja D.,08:57:14,13:13:30,True,13:13:30,VERIFIED_PRESENT,Solar PV Installer - Suryamitra (NSQF Level 4)
AEBAS-LOG-1195,2026-09-15,PMKVY-RJ-JDH-0015,"AISECT Rural Kaushal Academy, Jodhpur",CAN-2026-9482-021,Kavita K.,08:48:14,13:10:30,True,13:10:30,VERIFIED_PRESENT,Solar PV Installer - Suryamitra (NSQF Level 4)
AEBAS-LOG-1196,2026-09-15,PMKVY-RJ-JDH-0015,"AISECT Rural Kaushal Academy, Jodhpur",CAN-2026-9482-022,Sanjay Y.,08:48:14,13:01:30,True,13:01:30,VERIFIED_PRESENT,Solar PV Installer - Suryamitra (NSQF Level 4)
AEBAS-LOG-1197,2026-09-15,PMKVY-RJ-JDH-0015,"AISECT Rural Kaushal Academy, Jodhpur",CAN-2026-9482-023,Neha M.,08:56:14,13:07:30,True,13:07:30,VERIFIED_PRESENT,Solar PV Installer - Suryamitra (NSQF Level 4)
AEBAS-LOG-1198,2026-09-15,PMKVY-RJ-JDH-0015,"AISECT Rural Kaushal Academy, Jodhpur",CAN-2026-9482-024,Sunil D.,08:50:14,13:05:30,True,13:05:30,VERIFIED_PRESENT,Solar PV Installer - Suryamitra (NSQF Level 4)
AEBAS-LOG-1199,2026-09-15,PMKVY-RJ-JDH-0015,"AISECT Rural Kaushal Academy, Jodhpur",CAN-2026-9482-025,Manoj M.,08:45:14,13:02:30,True,13:02:30,VERIFIED_PRESENT,Solar PV Installer - Suryamitra (NSQF Level 4)
AEBAS-LOG-1200,2026-09-15,PMKVY-RJ-JDH-0015,"AISECT Rural Kaushal Academy, Jodhpur",CAN-2026-9482-026,Kiran S.,08:48:14,13:01:30,True,13:01:30,VERIFIED_PRESENT,Solar PV Installer - Suryamitra (NSQF Level 4)
AEBAS-LOG-1201,2026-09-15,PMKVY-RJ-JDH-0015,"AISECT Rural Kaushal Academy, Jodhpur",CAN-2026-9482-027,Rohan Y.,08:47:14,13:02:30,True,13:02:30,VERIFIED_PRESENT,Solar PV Installer - Suryamitra (NSQF Level 4)
AEBAS-LOG-1202,2026-09-15,PMKVY-RJ-JDH-0015,"AISECT Rural Kaushal Academy, Jodhpur",CAN-2026-9482-028,Priya G.,08:53:14,13:06:30,True,13:06:30,VERIFIED_PRESENT,Solar PV Installer - Suryamitra (NSQF Level 4)
AEBAS-LOG-1203,2026-09-16,PMKVY-RJ-JDH-0015,"AISECT Rural Kaushal Academy, Jodhpur",CAN-2026-9482-001,Neha D.,08:46:14,13:13:30,True,13:13:30,VERIFIED_PRESENT,Solar PV Installer - Suryamitra (NSQF Level 4)
AEBAS-LOG-1204,2026-09-16,PMKVY-RJ-JDH-0015,"AISECT Rural Kaushal Academy, Jodhpur",CAN-2026-9482-002,Manoj P.,08:47:14,13:06:30,True,13:06:30,VERIFIED_PRESENT,Solar PV Installer - Suryamitra (NSQF Level 4)
AEBAS-LOG-1205,2026-09-16,PMKVY-RJ-JDH-0015,"AISECT Rural Kaushal Academy, Jodhpur",CAN-2026-9482-003,Neha D.,08:47:14,13:07:30,True,13:07:30,VERIFIED_PRESENT,Solar PV Installer - Suryamitra (NSQF Level 4)
AEBAS-LOG-1206,2026-09-16,PMKVY-RJ-JDH-0015,"AISECT Rural Kaushal Academy, Jodhpur",CAN-2026-9482-004,Kavita P.,08:54:14,13:14:30,True,13:14:30,VERIFIED_PRESENT,Solar PV Installer - Suryamitra (NSQF Level 4)
AEBAS-LOG-1207,2026-09-16,PMKVY-RJ-JDH-0015,"AISECT Rural Kaushal Academy, Jodhpur",CAN-2026-9482-005,Rahul P.,08:58:14,13:15:30,True,13:15:30,VERIFIED_PRESENT,Solar PV Installer - Suryamitra (NSQF Level 4)
AEBAS-LOG-1208,2026-09-16,PMKVY-RJ-JDH-0015,"AISECT Rural Kaushal Academy, Jodhpur",CAN-2026-9482-006,Vikram V.,08:51:14,13:12:30,True,13:12:30,VERIFIED_PRESENT,Solar PV Installer - Suryamitra (NSQF Level 4)
AEBAS-LOG-1209,2026-09-16,PMKVY-RJ-JDH-0015,"AISECT Rural Kaushal Academy, Jodhpur",CAN-2026-9482-007,Priya R.,08:52:14,13:13:30,True,13:13:30,VERIFIED_PRESENT,Solar PV Installer - Suryamitra (NSQF Level 4)
AEBAS-LOG-1210,2026-09-16,PMKVY-RJ-JDH-0015,"AISECT Rural Kaushal Academy, Jodhpur",CAN-2026-9482-008,Meera S.,08:58:14,13:15:30,True,13:15:30,VERIFIED_PRESENT,Solar PV Installer - Suryamitra (NSQF Level 4)
AEBAS-LOG-1211,2026-09-16,PMKVY-RJ-JDH-0015,"AISECT Rural Kaushal Academy, Jodhpur",CAN-2026-9482-009,Aarav D.,08:51:14,13:02:30,True,13:02:30,VERIFIED_PRESENT,Solar PV Installer - Suryamitra (NSQF Level 4)
AEBAS-LOG-1212,2026-09-16,PMKVY-RJ-JDH-0015,"AISECT Rural Kaushal Academy, Jodhpur",CAN-2026-9482-010,Kavita G.,08:53:14,13:04:30,True,13:04:30,VERIFIED_PRESENT,Solar PV Installer - Suryamitra (NSQF Level 4)
AEBAS-LOG-1213,2026-09-16,PMKVY-RJ-JDH-0015,"AISECT Rural Kaushal Academy, Jodhpur",CAN-2026-9482-011,Priya P.,08:51:14,13:14:30,True,13:14:30,VERIFIED_PRESENT,Solar PV Installer - Suryamitra (NSQF Level 4)
AEBAS-LOG-1214,2026-09-16,PMKVY-RJ-JDH-0015,"AISECT Rural Kaushal Academy, Jodhpur",CAN-2026-9482-012,Kavita R.,08:49:14,13:12:30,True,13:12:30,VERIFIED_PRESENT,Solar PV Installer - Suryamitra (NSQF Level 4)
AEBAS-LOG-1215,2026-09-16,PMKVY-RJ-JDH-0015,"AISECT Rural Kaushal Academy, Jodhpur",CAN-2026-9482-013,Kiran S.,08:50:14,13:04:30,True,13:04:30,VERIFIED_PRESENT,Solar PV Installer - Suryamitra (NSQF Level 4)
AEBAS-LOG-1216,2026-09-16,PMKVY-RJ-JDH-0015,"AISECT Rural Kaushal Academy, Jodhpur",CAN-2026-9482-014,Kiran Y.,08:47:14,13:06:30,True,13:06:30,VERIFIED_PRESENT,Solar PV Installer - Suryamitra (NSQF Level 4)
AEBAS-LOG-1217,2026-09-16,PMKVY-RJ-JDH-0015,"AISECT Rural Kaushal Academy, Jodhpur",CAN-2026-9482-015,Aarav K.,08:58:14,13:11:30,True,13:11:30,VERIFIED_PRESENT,Solar PV Installer - Suryamitra (NSQF Level 4)
AEBAS-LOG-1218,2026-09-16,PMKVY-RJ-JDH-0015,"AISECT Rural Kaushal Academy, Jodhpur",CAN-2026-9482-016,Kiran D.,08:59:14,13:13:30,True,13:13:30,VERIFIED_PRESENT,Solar PV Installer - Suryamitra (NSQF Level 4)
AEBAS-LOG-1219,2026-09-16,PMKVY-RJ-JDH-0015,"AISECT Rural Kaushal Academy, Jodhpur",CAN-2026-9482-017,Sunil J.,08:50:14,13:12:30,True,13:12:30,VERIFIED_PRESENT,Solar PV Installer - Suryamitra (NSQF Level 4)
AEBAS-LOG-1220,2026-09-16,PMKVY-RJ-JDH-0015,"AISECT Rural Kaushal Academy, Jodhpur",CAN-2026-9482-018,Kiran P.,08:55:14,13:02:30,True,13:02:30,VERIFIED_PRESENT,Solar PV Installer - Suryamitra (NSQF Level 4)
AEBAS-LOG-1221,2026-09-16,PMKVY-RJ-JDH-0015,"AISECT Rural Kaushal Academy, Jodhpur",CAN-2026-9482-019,Meera K.,08:59:14,13:03:30,True,13:03:30,VERIFIED_PRESENT,Solar PV Installer - Suryamitra (NSQF Level 4)
AEBAS-LOG-1222,2026-09-16,PMKVY-RJ-JDH-0015,"AISECT Rural Kaushal Academy, Jodhpur",CAN-2026-9482-020,Sunil G.,08:47:14,13:06:30,True,13:06:30,VERIFIED_PRESENT,Solar PV Installer - Suryamitra (NSQF Level 4)
AEBAS-LOG-1223,2026-09-16,PMKVY-RJ-JDH-0015,"AISECT Rural Kaushal Academy, Jodhpur",CAN-2026-9482-021,Meera P.,08:57:14,13:11:30,True,13:11:30,VERIFIED_PRESENT,Solar PV Installer - Suryamitra (NSQF Level 4)
AEBAS-LOG-1224,2026-09-16,PMKVY-RJ-JDH-0015,"AISECT Rural Kaushal Academy, Jodhpur",CAN-2026-9482-022,Kiran M.,08:56:14,13:11:30,True,13:11:30,VERIFIED_PRESENT,Solar PV Installer - Suryamitra (NSQF Level 4)
AEBAS-LOG-1225,2026-09-16,PMKVY-RJ-JDH-0015,"AISECT Rural Kaushal Academy, Jodhpur",CAN-2026-9482-023,Pooja M.,08:51:14,13:13:30,True,13:13:30,VERIFIED_PRESENT,Solar PV Installer - Suryamitra (NSQF Level 4)
AEBAS-LOG-1226,2026-09-16,PMKVY-RJ-JDH-0015,"AISECT Rural Kaushal Academy, Jodhpur",CAN-2026-9482-024,Neha Y.,08:52:14,13:01:30,True,13:01:30,VERIFIED_PRESENT,Solar PV Installer - Suryamitra (NSQF Level 4)
AEBAS-LOG-1227,2026-09-16,PMKVY-RJ-JDH-0015,"AISECT Rural Kaushal Academy, Jodhpur",CAN-2026-9482-025,Deepa M.,08:56:14,13:00:30,True,13:00:30,VERIFIED_PRESENT,Solar PV Installer - Suryamitra (NSQF Level 4)
AEBAS-LOG-1228,2026-09-16,PMKVY-RJ-JDH-0015,"AISECT Rural Kaushal Academy, Jodhpur",CAN-2026-9482-026,Rohan P.,08:54:14,13:14:30,True,13:14:30,VERIFIED_PRESENT,Solar PV Installer - Suryamitra (NSQF Level 4)
AEBAS-LOG-1229,2026-09-16,PMKVY-RJ-JDH-0015,"AISECT Rural Kaushal Academy, Jodhpur",CAN-2026-9482-027,Rohan P.,08:48:14,13:05:30,True,13:05:30,VERIFIED_PRESENT,Solar PV Installer - Suryamitra (NSQF Level 4)
AEBAS-LOG-1230,2026-09-16,PMKVY-RJ-JDH-0015,"AISECT Rural Kaushal Academy, Jodhpur",CAN-2026-9482-028,Aarav S.,08:57:14,13:02:30,True,13:02:30,VERIFIED_PRESENT,Solar PV Installer - Suryamitra (NSQF Level 4)
AEBAS-LOG-1231,2026-09-17,PMKVY-RJ-JDH-0015,"AISECT Rural Kaushal Academy, Jodhpur",CAN-2026-9482-001,Sunil D.,08:56:14,13:02:30,True,13:02:30,VERIFIED_PRESENT,Solar PV Installer - Suryamitra (NSQF Level 4)
AEBAS-LOG-1232,2026-09-17,PMKVY-RJ-JDH-0015,"AISECT Rural Kaushal Academy, Jodhpur",CAN-2026-9482-002,Rahul D.,08:47:14,13:13:30,True,13:13:30,VERIFIED_PRESENT,Solar PV Installer - Suryamitra (NSQF Level 4)
AEBAS-LOG-1233,2026-09-17,PMKVY-RJ-JDH-0015,"AISECT Rural Kaushal Academy, Jodhpur",CAN-2026-9482-003,Amit J.,08:49:14,13:12:30,True,13:12:30,VERIFIED_PRESENT,Solar PV Installer - Suryamitra (NSQF Level 4)
AEBAS-LOG-1234,2026-09-17,PMKVY-RJ-JDH-0015,"AISECT Rural Kaushal Academy, Jodhpur",CAN-2026-9482-004,Kavita J.,08:51:14,13:02:30,True,13:02:30,VERIFIED_PRESENT,Solar PV Installer - Suryamitra (NSQF Level 4)
AEBAS-LOG-1235,2026-09-17,PMKVY-RJ-JDH-0015,"AISECT Rural Kaushal Academy, Jodhpur",CAN-2026-9482-005,Anjali M.,08:54:14,13:11:30,True,13:11:30,VERIFIED_PRESENT,Solar PV Installer - Suryamitra (NSQF Level 4)
AEBAS-LOG-1236,2026-09-17,PMKVY-RJ-JDH-0015,"AISECT Rural Kaushal Academy, Jodhpur",CAN-2026-9482-006,Rohan P.,08:56:14,13:06:30,True,13:06:30,VERIFIED_PRESENT,Solar PV Installer - Suryamitra (NSQF Level 4)
AEBAS-LOG-1237,2026-09-17,PMKVY-RJ-JDH-0015,"AISECT Rural Kaushal Academy, Jodhpur",CAN-2026-9482-007,Sunil J.,08:49:14,13:00:30,True,13:00:30,VERIFIED_PRESENT,Solar PV Installer - Suryamitra (NSQF Level 4)
AEBAS-LOG-1238,2026-09-17,PMKVY-RJ-JDH-0015,"AISECT Rural Kaushal Academy, Jodhpur",CAN-2026-9482-008,Priya R.,08:45:14,13:03:30,True,13:03:30,VERIFIED_PRESENT,Solar PV Installer - Suryamitra (NSQF Level 4)
AEBAS-LOG-1239,2026-09-17,PMKVY-RJ-JDH-0015,"AISECT Rural Kaushal Academy, Jodhpur",CAN-2026-9482-009,Vikram J.,08:51:14,13:13:30,True,13:13:30,VERIFIED_PRESENT,Solar PV Installer - Suryamitra (NSQF Level 4)
AEBAS-LOG-1240,2026-09-17,PMKVY-RJ-JDH-0015,"AISECT Rural Kaushal Academy, Jodhpur",CAN-2026-9482-010,Kavita J.,08:51:14,13:05:30,True,13:05:30,VERIFIED_PRESENT,Solar PV Installer - Suryamitra (NSQF Level 4)
AEBAS-LOG-1241,2026-09-17,PMKVY-RJ-JDH-0015,"AISECT Rural Kaushal Academy, Jodhpur",CAN-2026-9482-011,Priya V.,08:47:14,13:04:30,True,13:04:30,VERIFIED_PRESENT,Solar PV Installer - Suryamitra (NSQF Level 4)
AEBAS-LOG-1242,2026-09-17,PMKVY-RJ-JDH-0015,"AISECT Rural Kaushal Academy, Jodhpur",CAN-2026-9482-012,Rahul R.,08:47:14,13:03:30,True,13:03:30,VERIFIED_PRESENT,Solar PV Installer - Suryamitra (NSQF Level 4)
AEBAS-LOG-1243,2026-09-17,PMKVY-RJ-JDH-0015,"AISECT Rural Kaushal Academy, Jodhpur",CAN-2026-9482-013,Manoj G.,08:58:14,13:06:30,True,13:06:30,VERIFIED_PRESENT,Solar PV Installer - Suryamitra (NSQF Level 4)
AEBAS-LOG-1244,2026-09-17,PMKVY-RJ-JDH-0015,"AISECT Rural Kaushal Academy, Jodhpur",CAN-2026-9482-014,Priya Y.,08:45:14,13:05:30,True,13:05:30,VERIFIED_PRESENT,Solar PV Installer - Suryamitra (NSQF Level 4)
AEBAS-LOG-1245,2026-09-17,PMKVY-RJ-JDH-0015,"AISECT Rural Kaushal Academy, Jodhpur",CAN-2026-9482-015,Rahul P.,08:59:14,13:13:30,True,13:13:30,VERIFIED_PRESENT,Solar PV Installer - Suryamitra (NSQF Level 4)
AEBAS-LOG-1246,2026-09-17,PMKVY-RJ-JDH-0015,"AISECT Rural Kaushal Academy, Jodhpur",CAN-2026-9482-016,Manoj M.,08:59:14,13:03:30,True,13:03:30,VERIFIED_PRESENT,Solar PV Installer - Suryamitra (NSQF Level 4)
AEBAS-LOG-1247,2026-09-17,PMKVY-RJ-JDH-0015,"AISECT Rural Kaushal Academy, Jodhpur",CAN-2026-9482-017,Priya S.,08:49:14,13:02:30,True,13:02:30,VERIFIED_PRESENT,Solar PV Installer - Suryamitra (NSQF Level 4)
AEBAS-LOG-1248,2026-09-17,PMKVY-RJ-JDH-0015,"AISECT Rural Kaushal Academy, Jodhpur",CAN-2026-9482-018,Sunil S.,08:49:14,13:02:30,True,13:02:30,VERIFIED_PRESENT,Solar PV Installer - Suryamitra (NSQF Level 4)
AEBAS-LOG-1249,2026-09-17,PMKVY-RJ-JDH-0015,"AISECT Rural Kaushal Academy, Jodhpur",CAN-2026-9482-019,Sanjay K.,08:54:14,13:07:30,True,13:07:30,VERIFIED_PRESENT,Solar PV Installer - Suryamitra (NSQF Level 4)
AEBAS-LOG-1250,2026-09-17,PMKVY-RJ-JDH-0015,"AISECT Rural Kaushal Academy, Jodhpur",CAN-2026-9482-020,Kiran R.,08:55:14,13:03:30,True,13:03:30,VERIFIED_PRESENT,Solar PV Installer - Suryamitra (NSQF Level 4)
AEBAS-LOG-1251,2026-09-17,PMKVY-RJ-JDH-0015,"AISECT Rural Kaushal Academy, Jodhpur",CAN-2026-9482-021,Aarav K.,08:49:14,13:00:30,True,13:00:30,VERIFIED_PRESENT,Solar PV Installer - Suryamitra (NSQF Level 4)
AEBAS-LOG-1252,2026-09-17,PMKVY-RJ-JDH-0015,"AISECT Rural Kaushal Academy, Jodhpur",CAN-2026-9482-022,Pooja S.,08:48:14,13:00:30,True,13:00:30,VERIFIED_PRESENT,Solar PV Installer - Suryamitra (NSQF Level 4)
AEBAS-LOG-1253,2026-09-17,PMKVY-RJ-JDH-0015,"AISECT Rural Kaushal Academy, Jodhpur",CAN-2026-9482-023,Sunil G.,08:53:14,13:08:30,True,13:08:30,VERIFIED_PRESENT,Solar PV Installer - Suryamitra (NSQF Level 4)
AEBAS-LOG-1254,2026-09-17,PMKVY-RJ-JDH-0015,"AISECT Rural Kaushal Academy, Jodhpur",CAN-2026-9482-024,Kiran R.,08:57:14,13:10:30,True,13:10:30,VERIFIED_PRESENT,Solar PV Installer - Suryamitra (NSQF Level 4)
AEBAS-LOG-1255,2026-09-17,PMKVY-RJ-JDH-0015,"AISECT Rural Kaushal Academy, Jodhpur",CAN-2026-9482-025,Meera V.,08:50:14,13:10:30,True,13:10:30,VERIFIED_PRESENT,Solar PV Installer - Suryamitra (NSQF Level 4)
AEBAS-LOG-1256,2026-09-17,PMKVY-RJ-JDH-0015,"AISECT Rural Kaushal Academy, Jodhpur",CAN-2026-9482-026,Sanjay Y.,08:50:14,13:12:30,True,13:12:30,VERIFIED_PRESENT,Solar PV Installer - Suryamitra (NSQF Level 4)
AEBAS-LOG-1257,2026-09-17,PMKVY-RJ-JDH-0015,"AISECT Rural Kaushal Academy, Jodhpur",CAN-2026-9482-027,Sunil G.,08:45:14,13:11:30,True,13:11:30,VERIFIED_PRESENT,Solar PV Installer - Suryamitra (NSQF Level 4)
AEBAS-LOG-1258,2026-09-17,PMKVY-RJ-JDH-0015,"AISECT Rural Kaushal Academy, Jodhpur",CAN-2026-9482-028,Sanjay S.,08:45:14,13:14:30,True,13:14:30,VERIFIED_PRESENT,Solar PV Installer - Suryamitra (NSQF Level 4)
AEBAS-LOG-1259,2026-09-18,PMKVY-RJ-JDH-0015,"AISECT Rural Kaushal Academy, Jodhpur",CAN-2026-9482-001,Sunil J.,08:58:14,13:04:30,True,13:04:30,VERIFIED_PRESENT,Solar PV Installer - Suryamitra (NSQF Level 4)
AEBAS-LOG-1260,2026-09-18,PMKVY-RJ-JDH-0015,"AISECT Rural Kaushal Academy, Jodhpur",CAN-2026-9482-002,Aarav G.,08:46:14,13:08:30,True,13:08:30,VERIFIED_PRESENT,Solar PV Installer - Suryamitra (NSQF Level 4)
AEBAS-LOG-1261,2026-09-18,PMKVY-RJ-JDH-0015,"AISECT Rural Kaushal Academy, Jodhpur",CAN-2026-9482-003,Neha V.,08:52:14,13:15:30,True,13:15:30,VERIFIED_PRESENT,Solar PV Installer - Suryamitra (NSQF Level 4)
AEBAS-LOG-1262,2026-09-18,PMKVY-RJ-JDH-0015,"AISECT Rural Kaushal Academy, Jodhpur",CAN-2026-9482-004,Meera M.,08:48:14,13:00:30,True,13:00:30,VERIFIED_PRESENT,Solar PV Installer - Suryamitra (NSQF Level 4)
AEBAS-LOG-1263,2026-09-18,PMKVY-RJ-JDH-0015,"AISECT Rural Kaushal Academy, Jodhpur",CAN-2026-9482-005,Sanjay K.,08:55:14,13:11:30,True,13:11:30,VERIFIED_PRESENT,Solar PV Installer - Suryamitra (NSQF Level 4)
AEBAS-LOG-1264,2026-09-18,PMKVY-RJ-JDH-0015,"AISECT Rural Kaushal Academy, Jodhpur",CAN-2026-9482-006,Pooja J.,08:50:14,13:14:30,True,13:14:30,VERIFIED_PRESENT,Solar PV Installer - Suryamitra (NSQF Level 4)
AEBAS-LOG-1265,2026-09-18,PMKVY-RJ-JDH-0015,"AISECT Rural Kaushal Academy, Jodhpur",CAN-2026-9482-007,Neha G.,08:52:14,13:12:30,True,13:12:30,VERIFIED_PRESENT,Solar PV Installer - Suryamitra (NSQF Level 4)
AEBAS-LOG-1266,2026-09-18,PMKVY-RJ-JDH-0015,"AISECT Rural Kaushal Academy, Jodhpur",CAN-2026-9482-008,Vikram V.,08:51:14,13:15:30,True,13:15:30,VERIFIED_PRESENT,Solar PV Installer - Suryamitra (NSQF Level 4)
AEBAS-LOG-1267,2026-09-18,PMKVY-RJ-JDH-0015,"AISECT Rural Kaushal Academy, Jodhpur",CAN-2026-9482-009,Anjali J.,08:51:14,13:09:30,True,13:09:30,VERIFIED_PRESENT,Solar PV Installer - Suryamitra (NSQF Level 4)
AEBAS-LOG-1268,2026-09-18,PMKVY-RJ-JDH-0015,"AISECT Rural Kaushal Academy, Jodhpur",CAN-2026-9482-010,Rahul J.,08:47:14,13:01:30,True,13:01:30,VERIFIED_PRESENT,Solar PV Installer - Suryamitra (NSQF Level 4)
AEBAS-LOG-1269,2026-09-18,PMKVY-RJ-JDH-0015,"AISECT Rural Kaushal Academy, Jodhpur",CAN-2026-9482-011,Rohan R.,08:57:14,13:02:30,True,13:02:30,VERIFIED_PRESENT,Solar PV Installer - Suryamitra (NSQF Level 4)
AEBAS-LOG-1270,2026-09-18,PMKVY-RJ-JDH-0015,"AISECT Rural Kaushal Academy, Jodhpur",CAN-2026-9482-012,Kavita M.,08:53:14,13:14:30,True,13:14:30,VERIFIED_PRESENT,Solar PV Installer - Suryamitra (NSQF Level 4)
AEBAS-LOG-1271,2026-09-18,PMKVY-RJ-JDH-0015,"AISECT Rural Kaushal Academy, Jodhpur",CAN-2026-9482-013,Priya R.,08:46:14,13:15:30,True,13:15:30,VERIFIED_PRESENT,Solar PV Installer - Suryamitra (NSQF Level 4)
AEBAS-LOG-1272,2026-09-18,PMKVY-RJ-JDH-0015,"AISECT Rural Kaushal Academy, Jodhpur",CAN-2026-9482-014,Neha Y.,08:48:14,13:05:30,True,13:05:30,VERIFIED_PRESENT,Solar PV Installer - Suryamitra (NSQF Level 4)
AEBAS-LOG-1273,2026-09-18,PMKVY-RJ-JDH-0015,"AISECT Rural Kaushal Academy, Jodhpur",CAN-2026-9482-015,Vikram S.,08:51:14,13:00:30,True,13:00:30,VERIFIED_PRESENT,Solar PV Installer - Suryamitra (NSQF Level 4)
AEBAS-LOG-1274,2026-09-18,PMKVY-RJ-JDH-0015,"AISECT Rural Kaushal Academy, Jodhpur",CAN-2026-9482-016,Priya V.,08:59:14,13:12:30,True,13:12:30,VERIFIED_PRESENT,Solar PV Installer - Suryamitra (NSQF Level 4)
AEBAS-LOG-1275,2026-09-18,PMKVY-RJ-JDH-0015,"AISECT Rural Kaushal Academy, Jodhpur",CAN-2026-9482-017,Amit Y.,08:56:14,13:08:30,True,13:08:30,VERIFIED_PRESENT,Solar PV Installer - Suryamitra (NSQF Level 4)
AEBAS-LOG-1276,2026-09-18,PMKVY-RJ-JDH-0015,"AISECT Rural Kaushal Academy, Jodhpur",CAN-2026-9482-018,Kiran M.,08:46:14,13:04:30,True,13:04:30,VERIFIED_PRESENT,Solar PV Installer - Suryamitra (NSQF Level 4)
AEBAS-LOG-1277,2026-09-18,PMKVY-RJ-JDH-0015,"AISECT Rural Kaushal Academy, Jodhpur",CAN-2026-9482-019,Kiran S.,08:57:14,13:10:30,True,13:10:30,VERIFIED_PRESENT,Solar PV Installer - Suryamitra (NSQF Level 4)
AEBAS-LOG-1278,2026-09-18,PMKVY-RJ-JDH-0015,"AISECT Rural Kaushal Academy, Jodhpur",CAN-2026-9482-020,Neha G.,08:57:14,13:02:30,True,13:02:30,VERIFIED_PRESENT,Solar PV Installer - Suryamitra (NSQF Level 4)
AEBAS-LOG-1279,2026-09-18,PMKVY-RJ-JDH-0015,"AISECT Rural Kaushal Academy, Jodhpur",CAN-2026-9482-021,Sanjay D.,08:59:14,13:12:30,True,13:12:30,VERIFIED_PRESENT,Solar PV Installer - Suryamitra (NSQF Level 4)
AEBAS-LOG-1280,2026-09-18,PMKVY-RJ-JDH-0015,"AISECT Rural Kaushal Academy, Jodhpur",CAN-2026-9482-022,Meera Y.,08:48:14,13:08:30,True,13:08:30,VERIFIED_PRESENT,Solar PV Installer - Suryamitra (NSQF Level 4)
AEBAS-LOG-1281,2026-09-18,PMKVY-RJ-JDH-0015,"AISECT Rural Kaushal Academy, Jodhpur",CAN-2026-9482-023,Anjali P.,08:46:14,13:03:30,True,13:03:30,VERIFIED_PRESENT,Solar PV Installer - Suryamitra (NSQF Level 4)
AEBAS-LOG-1282,2026-09-18,PMKVY-RJ-JDH-0015,"AISECT Rural Kaushal Academy, Jodhpur",CAN-2026-9482-024,Vikram V.,08:56:14,13:06:30,True,13:06:30,VERIFIED_PRESENT,Solar PV Installer - Suryamitra (NSQF Level 4)
AEBAS-LOG-1283,2026-09-18,PMKVY-RJ-JDH-0015,"AISECT Rural Kaushal Academy, Jodhpur",CAN-2026-9482-025,Anjali G.,08:50:14,13:04:30,True,13:04:30,VERIFIED_PRESENT,Solar PV Installer - Suryamitra (NSQF Level 4)
AEBAS-LOG-1284,2026-09-18,PMKVY-RJ-JDH-0015,"AISECT Rural Kaushal Academy, Jodhpur",CAN-2026-9482-026,Sanjay D.,08:54:14,13:00:30,True,13:00:30,VERIFIED_PRESENT,Solar PV Installer - Suryamitra (NSQF Level 4)
AEBAS-LOG-1285,2026-09-18,PMKVY-RJ-JDH-0015,"AISECT Rural Kaushal Academy, Jodhpur",CAN-2026-9482-027,Kavita K.,08:54:14,13:06:30,True,13:06:30,VERIFIED_PRESENT,Solar PV Installer - Suryamitra (NSQF Level 4)
AEBAS-LOG-1286,2026-09-18,PMKVY-RJ-JDH-0015,"AISECT Rural Kaushal Academy, Jodhpur",CAN-2026-9482-028,Sunil D.,08:50:14,13:11:30,True,13:11:30,VERIFIED_PRESENT,Solar PV Installer - Suryamitra (NSQF Level 4)
AEBAS-LOG-1287,2026-09-19,PMKVY-RJ-JDH-0015,"AISECT Rural Kaushal Academy, Jodhpur",CAN-2026-9482-001,Rohan D.,08:55:14,13:07:30,True,13:07:30,VERIFIED_PRESENT,Solar PV Installer - Suryamitra (NSQF Level 4)
AEBAS-LOG-1288,2026-09-19,PMKVY-RJ-JDH-0015,"AISECT Rural Kaushal Academy, Jodhpur",CAN-2026-9482-002,Anjali D.,08:45:14,13:14:30,True,13:14:30,VERIFIED_PRESENT,Solar PV Installer - Suryamitra (NSQF Level 4)
AEBAS-LOG-1289,2026-09-19,PMKVY-RJ-JDH-0015,"AISECT Rural Kaushal Academy, Jodhpur",CAN-2026-9482-003,Sanjay S.,08:58:14,13:09:30,True,13:09:30,VERIFIED_PRESENT,Solar PV Installer - Suryamitra (NSQF Level 4)
AEBAS-LOG-1290,2026-09-19,PMKVY-RJ-JDH-0015,"AISECT Rural Kaushal Academy, Jodhpur",CAN-2026-9482-004,Neha R.,08:55:14,13:14:30,True,13:14:30,VERIFIED_PRESENT,Solar PV Installer - Suryamitra (NSQF Level 4)
AEBAS-LOG-1291,2026-09-19,PMKVY-RJ-JDH-0015,"AISECT Rural Kaushal Academy, Jodhpur",CAN-2026-9482-005,Rohan G.,08:49:14,13:04:30,True,13:04:30,VERIFIED_PRESENT,Solar PV Installer - Suryamitra (NSQF Level 4)
AEBAS-LOG-1292,2026-09-19,PMKVY-RJ-JDH-0015,"AISECT Rural Kaushal Academy, Jodhpur",CAN-2026-9482-006,Pooja G.,08:50:14,13:09:30,True,13:09:30,VERIFIED_PRESENT,Solar PV Installer - Suryamitra (NSQF Level 4)
AEBAS-LOG-1293,2026-09-19,PMKVY-RJ-JDH-0015,"AISECT Rural Kaushal Academy, Jodhpur",CAN-2026-9482-007,Anjali P.,08:58:14,13:15:30,True,13:15:30,VERIFIED_PRESENT,Solar PV Installer - Suryamitra (NSQF Level 4)
AEBAS-LOG-1294,2026-09-19,PMKVY-RJ-JDH-0015,"AISECT Rural Kaushal Academy, Jodhpur",CAN-2026-9482-008,Rahul R.,08:49:14,13:12:30,True,13:12:30,VERIFIED_PRESENT,Solar PV Installer - Suryamitra (NSQF Level 4)
AEBAS-LOG-1295,2026-09-19,PMKVY-RJ-JDH-0015,"AISECT Rural Kaushal Academy, Jodhpur",CAN-2026-9482-009,Pooja V.,08:47:14,13:06:30,True,13:06:30,VERIFIED_PRESENT,Solar PV Installer - Suryamitra (NSQF Level 4)
AEBAS-LOG-1296,2026-09-19,PMKVY-RJ-JDH-0015,"AISECT Rural Kaushal Academy, Jodhpur",CAN-2026-9482-010,Neha J.,08:56:14,13:01:30,True,13:01:30,VERIFIED_PRESENT,Solar PV Installer - Suryamitra (NSQF Level 4)
AEBAS-LOG-1297,2026-09-19,PMKVY-RJ-JDH-0015,"AISECT Rural Kaushal Academy, Jodhpur",CAN-2026-9482-011,Priya R.,08:56:14,13:12:30,True,13:12:30,VERIFIED_PRESENT,Solar PV Installer - Suryamitra (NSQF Level 4)
AEBAS-LOG-1298,2026-09-19,PMKVY-RJ-JDH-0015,"AISECT Rural Kaushal Academy, Jodhpur",CAN-2026-9482-012,Kavita M.,08:59:14,13:05:30,True,13:05:30,VERIFIED_PRESENT,Solar PV Installer - Suryamitra (NSQF Level 4)
AEBAS-LOG-1299,2026-09-19,PMKVY-RJ-JDH-0015,"AISECT Rural Kaushal Academy, Jodhpur",CAN-2026-9482-013,Aarav D.,08:51:14,13:10:30,True,13:10:30,VERIFIED_PRESENT,Solar PV Installer - Suryamitra (NSQF Level 4)
AEBAS-LOG-1300,2026-09-19,PMKVY-RJ-JDH-0015,"AISECT Rural Kaushal Academy, Jodhpur",CAN-2026-9482-014,Meera M.,08:52:14,13:11:30,True,13:11:30,VERIFIED_PRESENT,Solar PV Installer - Suryamitra (NSQF Level 4)
AEBAS-LOG-1301,2026-09-19,PMKVY-RJ-JDH-0015,"AISECT Rural Kaushal Academy, Jodhpur",CAN-2026-9482-015,Sunil D.,08:46:14,13:09:30,True,13:09:30,VERIFIED_PRESENT,Solar PV Installer - Suryamitra (NSQF Level 4)
AEBAS-LOG-1302,2026-09-19,PMKVY-RJ-JDH-0015,"AISECT Rural Kaushal Academy, Jodhpur",CAN-2026-9482-016,Kavita J.,08:59:14,13:06:30,True,13:06:30,VERIFIED_PRESENT,Solar PV Installer - Suryamitra (NSQF Level 4)
AEBAS-LOG-1303,2026-09-19,PMKVY-RJ-JDH-0015,"AISECT Rural Kaushal Academy, Jodhpur",CAN-2026-9482-017,Sunil S.,08:47:14,13:10:30,True,13:10:30,VERIFIED_PRESENT,Solar PV Installer - Suryamitra (NSQF Level 4)
AEBAS-LOG-1304,2026-09-19,PMKVY-RJ-JDH-0015,"AISECT Rural Kaushal Academy, Jodhpur",CAN-2026-9482-018,Pooja J.,08:49:14,13:14:30,True,13:14:30,VERIFIED_PRESENT,Solar PV Installer - Suryamitra (NSQF Level 4)
AEBAS-LOG-1305,2026-09-19,PMKVY-RJ-JDH-0015,"AISECT Rural Kaushal Academy, Jodhpur",CAN-2026-9482-019,Priya G.,08:47:14,13:14:30,True,13:14:30,VERIFIED_PRESENT,Solar PV Installer - Suryamitra (NSQF Level 4)
AEBAS-LOG-1306,2026-09-19,PMKVY-RJ-JDH-0015,"AISECT Rural Kaushal Academy, Jodhpur",CAN-2026-9482-020,Kiran P.,08:59:14,13:04:30,True,13:04:30,VERIFIED_PRESENT,Solar PV Installer - Suryamitra (NSQF Level 4)
AEBAS-LOG-1307,2026-09-19,PMKVY-RJ-JDH-0015,"AISECT Rural Kaushal Academy, Jodhpur",CAN-2026-9482-021,Rahul Y.,08:57:14,13:06:30,True,13:06:30,VERIFIED_PRESENT,Solar PV Installer - Suryamitra (NSQF Level 4)
AEBAS-LOG-1308,2026-09-19,PMKVY-RJ-JDH-0015,"AISECT Rural Kaushal Academy, Jodhpur",CAN-2026-9482-022,Aarav V.,08:56:14,13:03:30,True,13:03:30,VERIFIED_PRESENT,Solar PV Installer - Suryamitra (NSQF Level 4)
AEBAS-LOG-1309,2026-09-19,PMKVY-RJ-JDH-0015,"AISECT Rural Kaushal Academy, Jodhpur",CAN-2026-9482-023,Rohan D.,08:51:14,13:05:30,True,13:05:30,VERIFIED_PRESENT,Solar PV Installer - Suryamitra (NSQF Level 4)
AEBAS-LOG-1310,2026-09-19,PMKVY-RJ-JDH-0015,"AISECT Rural Kaushal Academy, Jodhpur",CAN-2026-9482-024,Pooja S.,08:50:14,13:15:30,True,13:15:30,VERIFIED_PRESENT,Solar PV Installer - Suryamitra (NSQF Level 4)
AEBAS-LOG-1311,2026-09-19,PMKVY-RJ-JDH-0015,"AISECT Rural Kaushal Academy, Jodhpur",CAN-2026-9482-025,Priya K.,08:46:14,13:10:30,True,13:10:30,VERIFIED_PRESENT,Solar PV Installer - Suryamitra (NSQF Level 4)
AEBAS-LOG-1312,2026-09-19,PMKVY-RJ-JDH-0015,"AISECT Rural Kaushal Academy, Jodhpur",CAN-2026-9482-026,Meera S.,08:55:14,13:12:30,True,13:12:30,VERIFIED_PRESENT,Solar PV Installer - Suryamitra (NSQF Level 4)
AEBAS-LOG-1313,2026-09-19,PMKVY-RJ-JDH-0015,"AISECT Rural Kaushal Academy, Jodhpur",CAN-2026-9482-027,Neha K.,08:46:14,13:07:30,True,13:07:30,VERIFIED_PRESENT,Solar PV Installer - Suryamitra (NSQF Level 4)
AEBAS-LOG-1314,2026-09-19,PMKVY-RJ-JDH-0015,"AISECT Rural Kaushal Academy, Jodhpur",CAN-2026-9482-028,Sunil R.,08:49:14,13:05:30,True,13:05:30,VERIFIED_PRESENT,Solar PV Installer - Suryamitra (NSQF Level 4)
AEBAS-LOG-1315,2026-09-15,PMKVY-MH-NGP-0031,"NTTF Advanced Vocational Centre, Nagpur",CAN-2026-3912-001,Sunil J.,08:57:14,13:02:30,True,13:02:30,VERIFIED_PRESENT,CNC Milling & Lathe Operator (NSQF Level 5)
AEBAS-LOG-1316,2026-09-15,PMKVY-MH-NGP-0031,"NTTF Advanced Vocational Centre, Nagpur",CAN-2026-3912-002,Manoj M.,08:51:14,13:08:30,True,13:08:30,VERIFIED_PRESENT,CNC Milling & Lathe Operator (NSQF Level 5)
AEBAS-LOG-1317,2026-09-15,PMKVY-MH-NGP-0031,"NTTF Advanced Vocational Centre, Nagpur",CAN-2026-3912-003,Manoj V.,08:45:14,13:03:30,True,13:03:30,VERIFIED_PRESENT,CNC Milling & Lathe Operator (NSQF Level 5)
AEBAS-LOG-1318,2026-09-15,PMKVY-MH-NGP-0031,"NTTF Advanced Vocational Centre, Nagpur",CAN-2026-3912-004,Anjali S.,08:46:14,13:15:30,True,13:15:30,VERIFIED_PRESENT,CNC Milling & Lathe Operator (NSQF Level 5)
AEBAS-LOG-1319,2026-09-15,PMKVY-MH-NGP-0031,"NTTF Advanced Vocational Centre, Nagpur",CAN-2026-3912-005,Neha K.,08:54:14,13:15:30,True,13:15:30,VERIFIED_PRESENT,CNC Milling & Lathe Operator (NSQF Level 5)
AEBAS-LOG-1320,2026-09-15,PMKVY-MH-NGP-0031,"NTTF Advanced Vocational Centre, Nagpur",CAN-2026-3912-006,Amit J.,08:56:14,13:03:30,True,13:03:30,VERIFIED_PRESENT,CNC Milling & Lathe Operator (NSQF Level 5)
AEBAS-LOG-1321,2026-09-15,PMKVY-MH-NGP-0031,"NTTF Advanced Vocational Centre, Nagpur",CAN-2026-3912-007,Priya D.,08:52:14,13:13:30,True,13:13:30,VERIFIED_PRESENT,CNC Milling & Lathe Operator (NSQF Level 5)
AEBAS-LOG-1322,2026-09-15,PMKVY-MH-NGP-0031,"NTTF Advanced Vocational Centre, Nagpur",CAN-2026-3912-008,Kavita G.,08:47:14,13:03:30,True,13:03:30,VERIFIED_PRESENT,CNC Milling & Lathe Operator (NSQF Level 5)
AEBAS-LOG-1323,2026-09-15,PMKVY-MH-NGP-0031,"NTTF Advanced Vocational Centre, Nagpur",CAN-2026-3912-009,Sanjay S.,08:56:14,13:05:30,True,13:05:30,VERIFIED_PRESENT,CNC Milling & Lathe Operator (NSQF Level 5)
AEBAS-LOG-1324,2026-09-15,PMKVY-MH-NGP-0031,"NTTF Advanced Vocational Centre, Nagpur",CAN-2026-3912-010,Sunil J.,08:45:14,13:12:30,True,13:12:30,VERIFIED_PRESENT,CNC Milling & Lathe Operator (NSQF Level 5)
AEBAS-LOG-1325,2026-09-15,PMKVY-MH-NGP-0031,"NTTF Advanced Vocational Centre, Nagpur",CAN-2026-3912-011,Kiran S.,08:53:14,13:03:30,True,13:03:30,VERIFIED_PRESENT,CNC Milling & Lathe Operator (NSQF Level 5)
AEBAS-LOG-1326,2026-09-15,PMKVY-MH-NGP-0031,"NTTF Advanced Vocational Centre, Nagpur",CAN-2026-3912-012,Rahul M.,08:59:14,13:03:30,True,13:03:30,VERIFIED_PRESENT,CNC Milling & Lathe Operator (NSQF Level 5)
AEBAS-LOG-1327,2026-09-15,PMKVY-MH-NGP-0031,"NTTF Advanced Vocational Centre, Nagpur",CAN-2026-3912-013,Priya G.,08:56:14,13:05:30,True,13:05:30,VERIFIED_PRESENT,CNC Milling & Lathe Operator (NSQF Level 5)
AEBAS-LOG-1328,2026-09-15,PMKVY-MH-NGP-0031,"NTTF Advanced Vocational Centre, Nagpur",CAN-2026-3912-014,Aarav D.,08:52:14,13:10:30,True,13:10:30,VERIFIED_PRESENT,CNC Milling & Lathe Operator (NSQF Level 5)
AEBAS-LOG-1329,2026-09-15,PMKVY-MH-NGP-0031,"NTTF Advanced Vocational Centre, Nagpur",CAN-2026-3912-015,Anjali K.,08:47:14,13:06:30,True,13:06:30,VERIFIED_PRESENT,CNC Milling & Lathe Operator (NSQF Level 5)
AEBAS-LOG-1330,2026-09-15,PMKVY-MH-NGP-0031,"NTTF Advanced Vocational Centre, Nagpur",CAN-2026-3912-016,Priya S.,08:53:14,13:08:30,True,13:08:30,VERIFIED_PRESENT,CNC Milling & Lathe Operator (NSQF Level 5)
AEBAS-LOG-1331,2026-09-15,PMKVY-MH-NGP-0031,"NTTF Advanced Vocational Centre, Nagpur",CAN-2026-3912-017,Pooja S.,08:46:14,13:09:30,True,13:09:30,VERIFIED_PRESENT,CNC Milling & Lathe Operator (NSQF Level 5)
AEBAS-LOG-1332,2026-09-15,PMKVY-MH-NGP-0031,"NTTF Advanced Vocational Centre, Nagpur",CAN-2026-3912-018,Deepa D.,08:47:14,13:13:30,True,13:13:30,VERIFIED_PRESENT,CNC Milling & Lathe Operator (NSQF Level 5)
AEBAS-LOG-1333,2026-09-15,PMKVY-MH-NGP-0031,"NTTF Advanced Vocational Centre, Nagpur",CAN-2026-3912-019,Aarav Y.,08:49:14,13:01:30,True,13:01:30,VERIFIED_PRESENT,CNC Milling & Lathe Operator (NSQF Level 5)
AEBAS-LOG-1334,2026-09-15,PMKVY-MH-NGP-0031,"NTTF Advanced Vocational Centre, Nagpur",CAN-2026-3912-020,Kavita M.,08:53:14,13:14:30,True,13:14:30,VERIFIED_PRESENT,CNC Milling & Lathe Operator (NSQF Level 5)
AEBAS-LOG-1335,2026-09-15,PMKVY-MH-NGP-0031,"NTTF Advanced Vocational Centre, Nagpur",CAN-2026-3912-021,Rohan G.,08:52:14,13:10:30,True,13:10:30,VERIFIED_PRESENT,CNC Milling & Lathe Operator (NSQF Level 5)
AEBAS-LOG-1336,2026-09-15,PMKVY-MH-NGP-0031,"NTTF Advanced Vocational Centre, Nagpur",CAN-2026-3912-022,Deepa G.,08:53:14,13:06:30,True,13:06:30,VERIFIED_PRESENT,CNC Milling & Lathe Operator (NSQF Level 5)
AEBAS-LOG-1337,2026-09-15,PMKVY-MH-NGP-0031,"NTTF Advanced Vocational Centre, Nagpur",CAN-2026-3912-023,Anjali M.,08:58:14,13:01:30,True,13:01:30,VERIFIED_PRESENT,CNC Milling & Lathe Operator (NSQF Level 5)
AEBAS-LOG-1338,2026-09-15,PMKVY-MH-NGP-0031,"NTTF Advanced Vocational Centre, Nagpur",CAN-2026-3912-024,Neha K.,08:48:14,13:04:30,True,13:04:30,VERIFIED_PRESENT,CNC Milling & Lathe Operator (NSQF Level 5)
AEBAS-LOG-1339,2026-09-15,PMKVY-MH-NGP-0031,"NTTF Advanced Vocational Centre, Nagpur",CAN-2026-3912-025,Kavita Y.,08:47:14,13:06:30,True,13:06:30,VERIFIED_PRESENT,CNC Milling & Lathe Operator (NSQF Level 5)
AEBAS-LOG-1340,2026-09-15,PMKVY-MH-NGP-0031,"NTTF Advanced Vocational Centre, Nagpur",CAN-2026-3912-026,Deepa P.,08:47:14,13:13:30,True,13:13:30,VERIFIED_PRESENT,CNC Milling & Lathe Operator (NSQF Level 5)
AEBAS-LOG-1341,2026-09-15,PMKVY-MH-NGP-0031,"NTTF Advanced Vocational Centre, Nagpur",CAN-2026-3912-027,Vikram D.,08:49:14,13:08:30,True,13:08:30,VERIFIED_PRESENT,CNC Milling & Lathe Operator (NSQF Level 5)
AEBAS-LOG-1342,2026-09-15,PMKVY-MH-NGP-0031,"NTTF Advanced Vocational Centre, Nagpur",CAN-2026-3912-028,Sunil M.,08:59:14,13:05:30,True,13:05:30,VERIFIED_PRESENT,CNC Milling & Lathe Operator (NSQF Level 5)
AEBAS-LOG-1343,2026-09-15,PMKVY-MH-NGP-0031,"NTTF Advanced Vocational Centre, Nagpur",CAN-2026-3912-029,Sunil R.,08:46:14,13:08:30,True,13:08:30,VERIFIED_PRESENT,CNC Milling & Lathe Operator (NSQF Level 5)
AEBAS-LOG-1344,2026-09-15,PMKVY-MH-NGP-0031,"NTTF Advanced Vocational Centre, Nagpur",CAN-2026-3912-030,Meera J.,08:47:14,13:06:30,True,13:06:30,VERIFIED_PRESENT,CNC Milling & Lathe Operator (NSQF Level 5)
AEBAS-LOG-1345,2026-09-15,PMKVY-MH-NGP-0031,"NTTF Advanced Vocational Centre, Nagpur",CAN-2026-3912-031,Vikram M.,08:56:14,13:08:30,True,13:08:30,VERIFIED_PRESENT,CNC Milling & Lathe Operator (NSQF Level 5)
AEBAS-LOG-1346,2026-09-15,PMKVY-MH-NGP-0031,"NTTF Advanced Vocational Centre, Nagpur",CAN-2026-3912-032,Rahul J.,08:50:14,13:05:30,True,13:05:30,VERIFIED_PRESENT,CNC Milling & Lathe Operator (NSQF Level 5)
AEBAS-LOG-1347,2026-09-15,PMKVY-MH-NGP-0031,"NTTF Advanced Vocational Centre, Nagpur",CAN-2026-3912-033,Meera S.,08:50:14,13:13:30,True,13:13:30,VERIFIED_PRESENT,CNC Milling & Lathe Operator (NSQF Level 5)
AEBAS-LOG-1348,2026-09-15,PMKVY-MH-NGP-0031,"NTTF Advanced Vocational Centre, Nagpur",CAN-2026-3912-034,Sunil K.,08:54:14,13:07:30,True,13:07:30,VERIFIED_PRESENT,CNC Milling & Lathe Operator (NSQF Level 5)
AEBAS-LOG-1349,2026-09-15,PMKVY-MH-NGP-0031,"NTTF Advanced Vocational Centre, Nagpur",CAN-2026-3912-035,Vikram P.,08:46:14,13:03:30,True,13:03:30,VERIFIED_PRESENT,CNC Milling & Lathe Operator (NSQF Level 5)
AEBAS-LOG-1350,2026-09-15,PMKVY-MH-NGP-0031,"NTTF Advanced Vocational Centre, Nagpur",CAN-2026-3912-036,Meera S.,08:50:14,13:02:30,True,13:02:30,VERIFIED_PRESENT,CNC Milling & Lathe Operator (NSQF Level 5)
AEBAS-LOG-1351,2026-09-15,PMKVY-MH-NGP-0031,"NTTF Advanced Vocational Centre, Nagpur",CAN-2026-3912-037,Deepa V.,08:57:14,13:08:30,True,13:08:30,VERIFIED_PRESENT,CNC Milling & Lathe Operator (NSQF Level 5)
AEBAS-LOG-1352,2026-09-15,PMKVY-MH-NGP-0031,"NTTF Advanced Vocational Centre, Nagpur",CAN-2026-3912-038,Rohan Y.,08:49:14,13:00:30,True,13:00:30,VERIFIED_PRESENT,CNC Milling & Lathe Operator (NSQF Level 5)
AEBAS-LOG-1353,2026-09-15,PMKVY-MH-NGP-0031,"NTTF Advanced Vocational Centre, Nagpur",CAN-2026-3912-039,Anjali D.,08:48:14,13:12:30,True,13:12:30,VERIFIED_PRESENT,CNC Milling & Lathe Operator (NSQF Level 5)
AEBAS-LOG-1354,2026-09-15,PMKVY-MH-NGP-0031,"NTTF Advanced Vocational Centre, Nagpur",CAN-2026-3912-040,Anjali S.,08:47:14,13:09:30,True,13:09:30,VERIFIED_PRESENT,CNC Milling & Lathe Operator (NSQF Level 5)
AEBAS-LOG-1355,2026-09-15,PMKVY-MH-NGP-0031,"NTTF Advanced Vocational Centre, Nagpur",CAN-2026-3912-041,Kiran S.,08:53:14,13:11:30,True,13:11:30,VERIFIED_PRESENT,CNC Milling & Lathe Operator (NSQF Level 5)
AEBAS-LOG-1356,2026-09-15,PMKVY-MH-NGP-0031,"NTTF Advanced Vocational Centre, Nagpur",CAN-2026-3912-042,Kavita D.,08:49:14,13:03:30,True,13:03:30,VERIFIED_PRESENT,CNC Milling & Lathe Operator (NSQF Level 5)
AEBAS-LOG-1357,2026-09-15,PMKVY-MH-NGP-0031,"NTTF Advanced Vocational Centre, Nagpur",CAN-2026-3912-043,Pooja S.,08:50:14,13:12:30,True,13:12:30,VERIFIED_PRESENT,CNC Milling & Lathe Operator (NSQF Level 5)
AEBAS-LOG-1358,2026-09-16,PMKVY-MH-NGP-0031,"NTTF Advanced Vocational Centre, Nagpur",CAN-2026-3912-001,Priya V.,08:57:14,13:12:30,True,13:12:30,VERIFIED_PRESENT,CNC Milling & Lathe Operator (NSQF Level 5)
AEBAS-LOG-1359,2026-09-16,PMKVY-MH-NGP-0031,"NTTF Advanced Vocational Centre, Nagpur",CAN-2026-3912-002,Kiran G.,08:47:14,13:08:30,True,13:08:30,VERIFIED_PRESENT,CNC Milling & Lathe Operator (NSQF Level 5)
AEBAS-LOG-1360,2026-09-16,PMKVY-MH-NGP-0031,"NTTF Advanced Vocational Centre, Nagpur",CAN-2026-3912-003,Aarav M.,08:53:14,13:04:30,True,13:04:30,VERIFIED_PRESENT,CNC Milling & Lathe Operator (NSQF Level 5)
AEBAS-LOG-1361,2026-09-16,PMKVY-MH-NGP-0031,"NTTF Advanced Vocational Centre, Nagpur",CAN-2026-3912-004,Rohan S.,08:51:14,13:08:30,True,13:08:30,VERIFIED_PRESENT,CNC Milling & Lathe Operator (NSQF Level 5)
AEBAS-LOG-1362,2026-09-16,PMKVY-MH-NGP-0031,"NTTF Advanced Vocational Centre, Nagpur",CAN-2026-3912-005,Pooja J.,08:55:14,13:11:30,True,13:11:30,VERIFIED_PRESENT,CNC Milling & Lathe Operator (NSQF Level 5)
AEBAS-LOG-1363,2026-09-16,PMKVY-MH-NGP-0031,"NTTF Advanced Vocational Centre, Nagpur",CAN-2026-3912-006,Neha M.,08:54:14,13:13:30,True,13:13:30,VERIFIED_PRESENT,CNC Milling & Lathe Operator (NSQF Level 5)
AEBAS-LOG-1364,2026-09-16,PMKVY-MH-NGP-0031,"NTTF Advanced Vocational Centre, Nagpur",CAN-2026-3912-007,Manoj S.,08:52:14,13:11:30,True,13:11:30,VERIFIED_PRESENT,CNC Milling & Lathe Operator (NSQF Level 5)
AEBAS-LOG-1365,2026-09-16,PMKVY-MH-NGP-0031,"NTTF Advanced Vocational Centre, Nagpur",CAN-2026-3912-008,Manoj D.,08:49:14,13:08:30,True,13:08:30,VERIFIED_PRESENT,CNC Milling & Lathe Operator (NSQF Level 5)
AEBAS-LOG-1366,2026-09-16,PMKVY-MH-NGP-0031,"NTTF Advanced Vocational Centre, Nagpur",CAN-2026-3912-009,Meera D.,08:56:14,13:07:30,True,13:07:30,VERIFIED_PRESENT,CNC Milling & Lathe Operator (NSQF Level 5)
AEBAS-LOG-1367,2026-09-16,PMKVY-MH-NGP-0031,"NTTF Advanced Vocational Centre, Nagpur",CAN-2026-3912-010,Kavita M.,08:58:14,13:02:30,True,13:02:30,VERIFIED_PRESENT,CNC Milling & Lathe Operator (NSQF Level 5)
AEBAS-LOG-1368,2026-09-16,PMKVY-MH-NGP-0031,"NTTF Advanced Vocational Centre, Nagpur",CAN-2026-3912-011,Kavita D.,08:57:14,13:10:30,True,13:10:30,VERIFIED_PRESENT,CNC Milling & Lathe Operator (NSQF Level 5)
AEBAS-LOG-1369,2026-09-16,PMKVY-MH-NGP-0031,"NTTF Advanced Vocational Centre, Nagpur",CAN-2026-3912-012,Vikram M.,08:46:14,13:02:30,True,13:02:30,VERIFIED_PRESENT,CNC Milling & Lathe Operator (NSQF Level 5)
AEBAS-LOG-1370,2026-09-16,PMKVY-MH-NGP-0031,"NTTF Advanced Vocational Centre, Nagpur",CAN-2026-3912-013,Neha S.,08:47:14,13:01:30,True,13:01:30,VERIFIED_PRESENT,CNC Milling & Lathe Operator (NSQF Level 5)
AEBAS-LOG-1371,2026-09-16,PMKVY-MH-NGP-0031,"NTTF Advanced Vocational Centre, Nagpur",CAN-2026-3912-014,Vikram J.,08:49:14,13:15:30,True,13:15:30,VERIFIED_PRESENT,CNC Milling & Lathe Operator (NSQF Level 5)
AEBAS-LOG-1372,2026-09-16,PMKVY-MH-NGP-0031,"NTTF Advanced Vocational Centre, Nagpur",CAN-2026-3912-015,Aarav D.,08:55:14,13:04:30,True,13:04:30,VERIFIED_PRESENT,CNC Milling & Lathe Operator (NSQF Level 5)
AEBAS-LOG-1373,2026-09-16,PMKVY-MH-NGP-0031,"NTTF Advanced Vocational Centre, Nagpur",CAN-2026-3912-016,Kiran R.,08:53:14,13:03:30,True,13:03:30,VERIFIED_PRESENT,CNC Milling & Lathe Operator (NSQF Level 5)
AEBAS-LOG-1374,2026-09-16,PMKVY-MH-NGP-0031,"NTTF Advanced Vocational Centre, Nagpur",CAN-2026-3912-017,Sunil K.,08:54:14,13:06:30,True,13:06:30,VERIFIED_PRESENT,CNC Milling & Lathe Operator (NSQF Level 5)
AEBAS-LOG-1375,2026-09-16,PMKVY-MH-NGP-0031,"NTTF Advanced Vocational Centre, Nagpur",CAN-2026-3912-018,Aarav J.,08:51:14,13:11:30,True,13:11:30,VERIFIED_PRESENT,CNC Milling & Lathe Operator (NSQF Level 5)
AEBAS-LOG-1376,2026-09-16,PMKVY-MH-NGP-0031,"NTTF Advanced Vocational Centre, Nagpur",CAN-2026-3912-019,Neha J.,08:55:14,13:01:30,True,13:01:30,VERIFIED_PRESENT,CNC Milling & Lathe Operator (NSQF Level 5)
AEBAS-LOG-1377,2026-09-16,PMKVY-MH-NGP-0031,"NTTF Advanced Vocational Centre, Nagpur",CAN-2026-3912-020,Manoj S.,08:55:14,13:07:30,True,13:07:30,VERIFIED_PRESENT,CNC Milling & Lathe Operator (NSQF Level 5)
AEBAS-LOG-1378,2026-09-16,PMKVY-MH-NGP-0031,"NTTF Advanced Vocational Centre, Nagpur",CAN-2026-3912-021,Priya S.,08:50:14,13:04:30,True,13:04:30,VERIFIED_PRESENT,CNC Milling & Lathe Operator (NSQF Level 5)
AEBAS-LOG-1379,2026-09-16,PMKVY-MH-NGP-0031,"NTTF Advanced Vocational Centre, Nagpur",CAN-2026-3912-022,Deepa K.,08:51:14,13:15:30,True,13:15:30,VERIFIED_PRESENT,CNC Milling & Lathe Operator (NSQF Level 5)
AEBAS-LOG-1380,2026-09-16,PMKVY-MH-NGP-0031,"NTTF Advanced Vocational Centre, Nagpur",CAN-2026-3912-023,Sunil S.,08:50:14,13:03:30,True,13:03:30,VERIFIED_PRESENT,CNC Milling & Lathe Operator (NSQF Level 5)
AEBAS-LOG-1381,2026-09-16,PMKVY-MH-NGP-0031,"NTTF Advanced Vocational Centre, Nagpur",CAN-2026-3912-024,Sanjay M.,08:48:14,13:03:30,True,13:03:30,VERIFIED_PRESENT,CNC Milling & Lathe Operator (NSQF Level 5)
AEBAS-LOG-1382,2026-09-16,PMKVY-MH-NGP-0031,"NTTF Advanced Vocational Centre, Nagpur",CAN-2026-3912-025,Kavita P.,08:52:14,13:09:30,True,13:09:30,VERIFIED_PRESENT,CNC Milling & Lathe Operator (NSQF Level 5)
AEBAS-LOG-1383,2026-09-16,PMKVY-MH-NGP-0031,"NTTF Advanced Vocational Centre, Nagpur",CAN-2026-3912-026,Amit Y.,08:45:14,13:12:30,True,13:12:30,VERIFIED_PRESENT,CNC Milling & Lathe Operator (NSQF Level 5)
AEBAS-LOG-1384,2026-09-16,PMKVY-MH-NGP-0031,"NTTF Advanced Vocational Centre, Nagpur",CAN-2026-3912-027,Rahul P.,08:59:14,13:01:30,True,13:01:30,VERIFIED_PRESENT,CNC Milling & Lathe Operator (NSQF Level 5)
AEBAS-LOG-1385,2026-09-16,PMKVY-MH-NGP-0031,"NTTF Advanced Vocational Centre, Nagpur",CAN-2026-3912-028,Manoj G.,08:58:14,13:15:30,True,13:15:30,VERIFIED_PRESENT,CNC Milling & Lathe Operator (NSQF Level 5)
AEBAS-LOG-1386,2026-09-16,PMKVY-MH-NGP-0031,"NTTF Advanced Vocational Centre, Nagpur",CAN-2026-3912-029,Pooja V.,08:45:14,13:14:30,True,13:14:30,VERIFIED_PRESENT,CNC Milling & Lathe Operator (NSQF Level 5)
AEBAS-LOG-1387,2026-09-16,PMKVY-MH-NGP-0031,"NTTF Advanced Vocational Centre, Nagpur",CAN-2026-3912-030,Sanjay P.,08:50:14,13:03:30,True,13:03:30,VERIFIED_PRESENT,CNC Milling & Lathe Operator (NSQF Level 5)
AEBAS-LOG-1388,2026-09-16,PMKVY-MH-NGP-0031,"NTTF Advanced Vocational Centre, Nagpur",CAN-2026-3912-031,Aarav V.,08:59:14,13:05:30,True,13:05:30,VERIFIED_PRESENT,CNC Milling & Lathe Operator (NSQF Level 5)
AEBAS-LOG-1389,2026-09-16,PMKVY-MH-NGP-0031,"NTTF Advanced Vocational Centre, Nagpur",CAN-2026-3912-032,Sunil V.,08:45:14,13:03:30,True,13:03:30,VERIFIED_PRESENT,CNC Milling & Lathe Operator (NSQF Level 5)
AEBAS-LOG-1390,2026-09-16,PMKVY-MH-NGP-0031,"NTTF Advanced Vocational Centre, Nagpur",CAN-2026-3912-033,Meera R.,08:48:14,13:02:30,True,13:02:30,VERIFIED_PRESENT,CNC Milling & Lathe Operator (NSQF Level 5)
AEBAS-LOG-1391,2026-09-16,PMKVY-MH-NGP-0031,"NTTF Advanced Vocational Centre, Nagpur",CAN-2026-3912-034,Rohan D.,08:46:14,13:15:30,True,13:15:30,VERIFIED_PRESENT,CNC Milling & Lathe Operator (NSQF Level 5)
AEBAS-LOG-1392,2026-09-16,PMKVY-MH-NGP-0031,"NTTF Advanced Vocational Centre, Nagpur",CAN-2026-3912-035,Aarav S.,08:57:14,13:08:30,True,13:08:30,VERIFIED_PRESENT,CNC Milling & Lathe Operator (NSQF Level 5)
AEBAS-LOG-1393,2026-09-16,PMKVY-MH-NGP-0031,"NTTF Advanced Vocational Centre, Nagpur",CAN-2026-3912-036,Neha R.,08:51:14,13:11:30,True,13:11:30,VERIFIED_PRESENT,CNC Milling & Lathe Operator (NSQF Level 5)
AEBAS-LOG-1394,2026-09-16,PMKVY-MH-NGP-0031,"NTTF Advanced Vocational Centre, Nagpur",CAN-2026-3912-037,Kavita V.,08:51:14,13:05:30,True,13:05:30,VERIFIED_PRESENT,CNC Milling & Lathe Operator (NSQF Level 5)
AEBAS-LOG-1395,2026-09-16,PMKVY-MH-NGP-0031,"NTTF Advanced Vocational Centre, Nagpur",CAN-2026-3912-038,Amit S.,08:52:14,13:14:30,True,13:14:30,VERIFIED_PRESENT,CNC Milling & Lathe Operator (NSQF Level 5)
AEBAS-LOG-1396,2026-09-16,PMKVY-MH-NGP-0031,"NTTF Advanced Vocational Centre, Nagpur",CAN-2026-3912-039,Priya S.,08:50:14,13:13:30,True,13:13:30,VERIFIED_PRESENT,CNC Milling & Lathe Operator (NSQF Level 5)
AEBAS-LOG-1397,2026-09-16,PMKVY-MH-NGP-0031,"NTTF Advanced Vocational Centre, Nagpur",CAN-2026-3912-040,Aarav V.,08:59:14,13:06:30,True,13:06:30,VERIFIED_PRESENT,CNC Milling & Lathe Operator (NSQF Level 5)
AEBAS-LOG-1398,2026-09-16,PMKVY-MH-NGP-0031,"NTTF Advanced Vocational Centre, Nagpur",CAN-2026-3912-041,Anjali Y.,08:49:14,13:01:30,True,13:01:30,VERIFIED_PRESENT,CNC Milling & Lathe Operator (NSQF Level 5)
AEBAS-LOG-1399,2026-09-16,PMKVY-MH-NGP-0031,"NTTF Advanced Vocational Centre, Nagpur",CAN-2026-3912-042,Rohan D.,08:51:14,13:10:30,True,13:10:30,VERIFIED_PRESENT,CNC Milling & Lathe Operator (NSQF Level 5)
AEBAS-LOG-1400,2026-09-16,PMKVY-MH-NGP-0031,"NTTF Advanced Vocational Centre, Nagpur",CAN-2026-3912-043,Pooja S.,08:55:14,13:06:30,True,13:06:30,VERIFIED_PRESENT,CNC Milling & Lathe Operator (NSQF Level 5)
AEBAS-LOG-1401,2026-09-17,PMKVY-MH-NGP-0031,"NTTF Advanced Vocational Centre, Nagpur",CAN-2026-3912-001,Kiran M.,08:49:14,13:03:30,True,13:03:30,VERIFIED_PRESENT,CNC Milling & Lathe Operator (NSQF Level 5)
AEBAS-LOG-1402,2026-09-17,PMKVY-MH-NGP-0031,"NTTF Advanced Vocational Centre, Nagpur",CAN-2026-3912-002,Meera R.,08:53:14,13:15:30,True,13:15:30,VERIFIED_PRESENT,CNC Milling & Lathe Operator (NSQF Level 5)
AEBAS-LOG-1403,2026-09-17,PMKVY-MH-NGP-0031,"NTTF Advanced Vocational Centre, Nagpur",CAN-2026-3912-003,Rohan V.,08:57:14,13:12:30,True,13:12:30,VERIFIED_PRESENT,CNC Milling & Lathe Operator (NSQF Level 5)
AEBAS-LOG-1404,2026-09-17,PMKVY-MH-NGP-0031,"NTTF Advanced Vocational Centre, Nagpur",CAN-2026-3912-004,Sunil S.,08:46:14,13:03:30,True,13:03:30,VERIFIED_PRESENT,CNC Milling & Lathe Operator (NSQF Level 5)
AEBAS-LOG-1405,2026-09-17,PMKVY-MH-NGP-0031,"NTTF Advanced Vocational Centre, Nagpur",CAN-2026-3912-005,Aarav S.,08:47:14,13:11:30,True,13:11:30,VERIFIED_PRESENT,CNC Milling & Lathe Operator (NSQF Level 5)
AEBAS-LOG-1406,2026-09-17,PMKVY-MH-NGP-0031,"NTTF Advanced Vocational Centre, Nagpur",CAN-2026-3912-006,Aarav M.,08:48:14,13:01:30,True,13:01:30,VERIFIED_PRESENT,CNC Milling & Lathe Operator (NSQF Level 5)
AEBAS-LOG-1407,2026-09-17,PMKVY-MH-NGP-0031,"NTTF Advanced Vocational Centre, Nagpur",CAN-2026-3912-007,Sanjay D.,08:54:14,13:00:30,True,13:00:30,VERIFIED_PRESENT,CNC Milling & Lathe Operator (NSQF Level 5)
AEBAS-LOG-1408,2026-09-17,PMKVY-MH-NGP-0031,"NTTF Advanced Vocational Centre, Nagpur",CAN-2026-3912-008,Meera R.,08:49:14,13:09:30,True,13:09:30,VERIFIED_PRESENT,CNC Milling & Lathe Operator (NSQF Level 5)
AEBAS-LOG-1409,2026-09-17,PMKVY-MH-NGP-0031,"NTTF Advanced Vocational Centre, Nagpur",CAN-2026-3912-009,Kiran S.,08:57:14,13:13:30,True,13:13:30,VERIFIED_PRESENT,CNC Milling & Lathe Operator (NSQF Level 5)
AEBAS-LOG-1410,2026-09-17,PMKVY-MH-NGP-0031,"NTTF Advanced Vocational Centre, Nagpur",CAN-2026-3912-010,Neha G.,08:47:14,13:05:30,True,13:05:30,VERIFIED_PRESENT,CNC Milling & Lathe Operator (NSQF Level 5)
AEBAS-LOG-1411,2026-09-17,PMKVY-MH-NGP-0031,"NTTF Advanced Vocational Centre, Nagpur",CAN-2026-3912-011,Neha P.,08:57:14,13:03:30,True,13:03:30,VERIFIED_PRESENT,CNC Milling & Lathe Operator (NSQF Level 5)
AEBAS-LOG-1412,2026-09-17,PMKVY-MH-NGP-0031,"NTTF Advanced Vocational Centre, Nagpur",CAN-2026-3912-012,Amit J.,08:48:14,13:13:30,True,13:13:30,VERIFIED_PRESENT,CNC Milling & Lathe Operator (NSQF Level 5)
AEBAS-LOG-1413,2026-09-17,PMKVY-MH-NGP-0031,"NTTF Advanced Vocational Centre, Nagpur",CAN-2026-3912-013,Rahul R.,08:56:14,13:03:30,True,13:03:30,VERIFIED_PRESENT,CNC Milling & Lathe Operator (NSQF Level 5)
AEBAS-LOG-1414,2026-09-17,PMKVY-MH-NGP-0031,"NTTF Advanced Vocational Centre, Nagpur",CAN-2026-3912-014,Priya Y.,08:58:14,13:04:30,True,13:04:30,VERIFIED_PRESENT,CNC Milling & Lathe Operator (NSQF Level 5)
AEBAS-LOG-1415,2026-09-17,PMKVY-MH-NGP-0031,"NTTF Advanced Vocational Centre, Nagpur",CAN-2026-3912-015,Neha S.,08:47:14,13:12:30,True,13:12:30,VERIFIED_PRESENT,CNC Milling & Lathe Operator (NSQF Level 5)
AEBAS-LOG-1416,2026-09-17,PMKVY-MH-NGP-0031,"NTTF Advanced Vocational Centre, Nagpur",CAN-2026-3912-016,Pooja P.,08:48:14,13:04:30,True,13:04:30,VERIFIED_PRESENT,CNC Milling & Lathe Operator (NSQF Level 5)
AEBAS-LOG-1417,2026-09-17,PMKVY-MH-NGP-0031,"NTTF Advanced Vocational Centre, Nagpur",CAN-2026-3912-017,Meera K.,08:54:14,13:06:30,True,13:06:30,VERIFIED_PRESENT,CNC Milling & Lathe Operator (NSQF Level 5)
AEBAS-LOG-1418,2026-09-17,PMKVY-MH-NGP-0031,"NTTF Advanced Vocational Centre, Nagpur",CAN-2026-3912-018,Vikram K.,08:51:14,13:13:30,True,13:13:30,VERIFIED_PRESENT,CNC Milling & Lathe Operator (NSQF Level 5)
AEBAS-LOG-1419,2026-09-17,PMKVY-MH-NGP-0031,"NTTF Advanced Vocational Centre, Nagpur",CAN-2026-3912-019,Kavita J.,08:55:14,13:07:30,True,13:07:30,VERIFIED_PRESENT,CNC Milling & Lathe Operator (NSQF Level 5)
AEBAS-LOG-1420,2026-09-17,PMKVY-MH-NGP-0031,"NTTF Advanced Vocational Centre, Nagpur",CAN-2026-3912-020,Neha V.,08:51:14,13:15:30,True,13:15:30,VERIFIED_PRESENT,CNC Milling & Lathe Operator (NSQF Level 5)
AEBAS-LOG-1421,2026-09-17,PMKVY-MH-NGP-0031,"NTTF Advanced Vocational Centre, Nagpur",CAN-2026-3912-021,Pooja D.,08:51:14,13:01:30,True,13:01:30,VERIFIED_PRESENT,CNC Milling & Lathe Operator (NSQF Level 5)
AEBAS-LOG-1422,2026-09-17,PMKVY-MH-NGP-0031,"NTTF Advanced Vocational Centre, Nagpur",CAN-2026-3912-022,Kavita S.,08:49:14,13:11:30,True,13:11:30,VERIFIED_PRESENT,CNC Milling & Lathe Operator (NSQF Level 5)
AEBAS-LOG-1423,2026-09-17,PMKVY-MH-NGP-0031,"NTTF Advanced Vocational Centre, Nagpur",CAN-2026-3912-023,Amit V.,08:56:14,13:13:30,True,13:13:30,VERIFIED_PRESENT,CNC Milling & Lathe Operator (NSQF Level 5)
AEBAS-LOG-1424,2026-09-17,PMKVY-MH-NGP-0031,"NTTF Advanced Vocational Centre, Nagpur",CAN-2026-3912-024,Neha V.,08:59:14,13:01:30,True,13:01:30,VERIFIED_PRESENT,CNC Milling & Lathe Operator (NSQF Level 5)
AEBAS-LOG-1425,2026-09-17,PMKVY-MH-NGP-0031,"NTTF Advanced Vocational Centre, Nagpur",CAN-2026-3912-025,Priya K.,08:45:14,13:01:30,True,13:01:30,VERIFIED_PRESENT,CNC Milling & Lathe Operator (NSQF Level 5)
AEBAS-LOG-1426,2026-09-17,PMKVY-MH-NGP-0031,"NTTF Advanced Vocational Centre, Nagpur",CAN-2026-3912-026,Sanjay Y.,08:49:14,13:15:30,True,13:15:30,VERIFIED_PRESENT,CNC Milling & Lathe Operator (NSQF Level 5)
AEBAS-LOG-1427,2026-09-17,PMKVY-MH-NGP-0031,"NTTF Advanced Vocational Centre, Nagpur",CAN-2026-3912-027,Amit G.,08:46:14,13:13:30,True,13:13:30,VERIFIED_PRESENT,CNC Milling & Lathe Operator (NSQF Level 5)
AEBAS-LOG-1428,2026-09-17,PMKVY-MH-NGP-0031,"NTTF Advanced Vocational Centre, Nagpur",CAN-2026-3912-028,Priya P.,08:52:14,13:11:30,True,13:11:30,VERIFIED_PRESENT,CNC Milling & Lathe Operator (NSQF Level 5)
AEBAS-LOG-1429,2026-09-17,PMKVY-MH-NGP-0031,"NTTF Advanced Vocational Centre, Nagpur",CAN-2026-3912-029,Sanjay P.,08:46:14,13:03:30,True,13:03:30,VERIFIED_PRESENT,CNC Milling & Lathe Operator (NSQF Level 5)
AEBAS-LOG-1430,2026-09-17,PMKVY-MH-NGP-0031,"NTTF Advanced Vocational Centre, Nagpur",CAN-2026-3912-030,Aarav M.,08:53:14,13:04:30,True,13:04:30,VERIFIED_PRESENT,CNC Milling & Lathe Operator (NSQF Level 5)
AEBAS-LOG-1431,2026-09-17,PMKVY-MH-NGP-0031,"NTTF Advanced Vocational Centre, Nagpur",CAN-2026-3912-031,Sanjay V.,08:56:14,13:11:30,True,13:11:30,VERIFIED_PRESENT,CNC Milling & Lathe Operator (NSQF Level 5)
AEBAS-LOG-1432,2026-09-17,PMKVY-MH-NGP-0031,"NTTF Advanced Vocational Centre, Nagpur",CAN-2026-3912-032,Deepa Y.,08:55:14,13:08:30,True,13:08:30,VERIFIED_PRESENT,CNC Milling & Lathe Operator (NSQF Level 5)
AEBAS-LOG-1433,2026-09-17,PMKVY-MH-NGP-0031,"NTTF Advanced Vocational Centre, Nagpur",CAN-2026-3912-033,Rahul G.,08:51:14,13:02:30,True,13:02:30,VERIFIED_PRESENT,CNC Milling & Lathe Operator (NSQF Level 5)
AEBAS-LOG-1434,2026-09-17,PMKVY-MH-NGP-0031,"NTTF Advanced Vocational Centre, Nagpur",CAN-2026-3912-034,Anjali S.,08:55:14,13:03:30,True,13:03:30,VERIFIED_PRESENT,CNC Milling & Lathe Operator (NSQF Level 5)
AEBAS-LOG-1435,2026-09-17,PMKVY-MH-NGP-0031,"NTTF Advanced Vocational Centre, Nagpur",CAN-2026-3912-035,Pooja G.,08:59:14,13:06:30,True,13:06:30,VERIFIED_PRESENT,CNC Milling & Lathe Operator (NSQF Level 5)
AEBAS-LOG-1436,2026-09-17,PMKVY-MH-NGP-0031,"NTTF Advanced Vocational Centre, Nagpur",CAN-2026-3912-036,Rahul J.,08:52:14,13:03:30,True,13:03:30,VERIFIED_PRESENT,CNC Milling & Lathe Operator (NSQF Level 5)
AEBAS-LOG-1437,2026-09-17,PMKVY-MH-NGP-0031,"NTTF Advanced Vocational Centre, Nagpur",CAN-2026-3912-037,Vikram D.,08:54:14,13:10:30,True,13:10:30,VERIFIED_PRESENT,CNC Milling & Lathe Operator (NSQF Level 5)
AEBAS-LOG-1438,2026-09-17,PMKVY-MH-NGP-0031,"NTTF Advanced Vocational Centre, Nagpur",CAN-2026-3912-038,Kavita J.,08:52:14,13:06:30,True,13:06:30,VERIFIED_PRESENT,CNC Milling & Lathe Operator (NSQF Level 5)
AEBAS-LOG-1439,2026-09-17,PMKVY-MH-NGP-0031,"NTTF Advanced Vocational Centre, Nagpur",CAN-2026-3912-039,Rohan K.,08:47:14,13:06:30,True,13:06:30,VERIFIED_PRESENT,CNC Milling & Lathe Operator (NSQF Level 5)
AEBAS-LOG-1440,2026-09-17,PMKVY-MH-NGP-0031,"NTTF Advanced Vocational Centre, Nagpur",CAN-2026-3912-040,Meera D.,08:56:14,13:08:30,True,13:08:30,VERIFIED_PRESENT,CNC Milling & Lathe Operator (NSQF Level 5)
AEBAS-LOG-1441,2026-09-17,PMKVY-MH-NGP-0031,"NTTF Advanced Vocational Centre, Nagpur",CAN-2026-3912-041,Deepa V.,08:52:14,13:03:30,True,13:03:30,VERIFIED_PRESENT,CNC Milling & Lathe Operator (NSQF Level 5)
AEBAS-LOG-1442,2026-09-17,PMKVY-MH-NGP-0031,"NTTF Advanced Vocational Centre, Nagpur",CAN-2026-3912-042,Meera S.,08:52:14,13:13:30,True,13:13:30,VERIFIED_PRESENT,CNC Milling & Lathe Operator (NSQF Level 5)
AEBAS-LOG-1443,2026-09-17,PMKVY-MH-NGP-0031,"NTTF Advanced Vocational Centre, Nagpur",CAN-2026-3912-043,Aarav S.,08:54:14,13:08:30,True,13:08:30,VERIFIED_PRESENT,CNC Milling & Lathe Operator (NSQF Level 5)
AEBAS-LOG-1444,2026-09-18,PMKVY-MH-NGP-0031,"NTTF Advanced Vocational Centre, Nagpur",CAN-2026-3912-001,Rohan P.,08:45:14,13:01:30,True,13:01:30,VERIFIED_PRESENT,CNC Milling & Lathe Operator (NSQF Level 5)
AEBAS-LOG-1445,2026-09-18,PMKVY-MH-NGP-0031,"NTTF Advanced Vocational Centre, Nagpur",CAN-2026-3912-002,Rahul J.,08:58:14,13:12:30,True,13:12:30,VERIFIED_PRESENT,CNC Milling & Lathe Operator (NSQF Level 5)
AEBAS-LOG-1446,2026-09-18,PMKVY-MH-NGP-0031,"NTTF Advanced Vocational Centre, Nagpur",CAN-2026-3912-003,Kiran M.,08:53:14,13:02:30,True,13:02:30,VERIFIED_PRESENT,CNC Milling & Lathe Operator (NSQF Level 5)
AEBAS-LOG-1447,2026-09-18,PMKVY-MH-NGP-0031,"NTTF Advanced Vocational Centre, Nagpur",CAN-2026-3912-004,Priya R.,08:57:14,13:12:30,True,13:12:30,VERIFIED_PRESENT,CNC Milling & Lathe Operator (NSQF Level 5)
AEBAS-LOG-1448,2026-09-18,PMKVY-MH-NGP-0031,"NTTF Advanced Vocational Centre, Nagpur",CAN-2026-3912-005,Sunil D.,08:54:14,13:08:30,True,13:08:30,VERIFIED_PRESENT,CNC Milling & Lathe Operator (NSQF Level 5)
AEBAS-LOG-1449,2026-09-18,PMKVY-MH-NGP-0031,"NTTF Advanced Vocational Centre, Nagpur",CAN-2026-3912-006,Rahul S.,08:45:14,13:05:30,True,13:05:30,VERIFIED_PRESENT,CNC Milling & Lathe Operator (NSQF Level 5)
AEBAS-LOG-1450,2026-09-18,PMKVY-MH-NGP-0031,"NTTF Advanced Vocational Centre, Nagpur",CAN-2026-3912-007,Rahul G.,08:56:14,13:00:30,True,13:00:30,VERIFIED_PRESENT,CNC Milling & Lathe Operator (NSQF Level 5)
AEBAS-LOG-1451,2026-09-18,PMKVY-MH-NGP-0031,"NTTF Advanced Vocational Centre, Nagpur",CAN-2026-3912-008,Manoj D.,08:56:14,13:08:30,True,13:08:30,VERIFIED_PRESENT,CNC Milling & Lathe Operator (NSQF Level 5)
AEBAS-LOG-1452,2026-09-18,PMKVY-MH-NGP-0031,"NTTF Advanced Vocational Centre, Nagpur",CAN-2026-3912-009,Kavita Y.,08:49:14,13:08:30,True,13:08:30,VERIFIED_PRESENT,CNC Milling & Lathe Operator (NSQF Level 5)
AEBAS-LOG-1453,2026-09-18,PMKVY-MH-NGP-0031,"NTTF Advanced Vocational Centre, Nagpur",CAN-2026-3912-010,Anjali S.,08:48:14,13:01:30,True,13:01:30,VERIFIED_PRESENT,CNC Milling & Lathe Operator (NSQF Level 5)
AEBAS-LOG-1454,2026-09-18,PMKVY-MH-NGP-0031,"NTTF Advanced Vocational Centre, Nagpur",CAN-2026-3912-011,Neha P.,08:45:14,13:04:30,True,13:04:30,VERIFIED_PRESENT,CNC Milling & Lathe Operator (NSQF Level 5)
AEBAS-LOG-1455,2026-09-18,PMKVY-MH-NGP-0031,"NTTF Advanced Vocational Centre, Nagpur",CAN-2026-3912-012,Amit S.,08:49:14,13:01:30,True,13:01:30,VERIFIED_PRESENT,CNC Milling & Lathe Operator (NSQF Level 5)
AEBAS-LOG-1456,2026-09-18,PMKVY-MH-NGP-0031,"NTTF Advanced Vocational Centre, Nagpur",CAN-2026-3912-013,Neha Y.,08:53:14,13:03:30,True,13:03:30,VERIFIED_PRESENT,CNC Milling & Lathe Operator (NSQF Level 5)
AEBAS-LOG-1457,2026-09-18,PMKVY-MH-NGP-0031,"NTTF Advanced Vocational Centre, Nagpur",CAN-2026-3912-014,Aarav M.,08:50:14,13:11:30,True,13:11:30,VERIFIED_PRESENT,CNC Milling & Lathe Operator (NSQF Level 5)
AEBAS-LOG-1458,2026-09-18,PMKVY-MH-NGP-0031,"NTTF Advanced Vocational Centre, Nagpur",CAN-2026-3912-015,Sanjay S.,08:56:14,13:08:30,True,13:08:30,VERIFIED_PRESENT,CNC Milling & Lathe Operator (NSQF Level 5)
AEBAS-LOG-1459,2026-09-18,PMKVY-MH-NGP-0031,"NTTF Advanced Vocational Centre, Nagpur",CAN-2026-3912-016,Rohan D.,08:59:14,13:09:30,True,13:09:30,VERIFIED_PRESENT,CNC Milling & Lathe Operator (NSQF Level 5)
AEBAS-LOG-1460,2026-09-18,PMKVY-MH-NGP-0031,"NTTF Advanced Vocational Centre, Nagpur",CAN-2026-3912-017,Sanjay K.,08:55:14,13:00:30,True,13:00:30,VERIFIED_PRESENT,CNC Milling & Lathe Operator (NSQF Level 5)
AEBAS-LOG-1461,2026-09-18,PMKVY-MH-NGP-0031,"NTTF Advanced Vocational Centre, Nagpur",CAN-2026-3912-018,Deepa Y.,08:56:14,13:08:30,True,13:08:30,VERIFIED_PRESENT,CNC Milling & Lathe Operator (NSQF Level 5)
AEBAS-LOG-1462,2026-09-18,PMKVY-MH-NGP-0031,"NTTF Advanced Vocational Centre, Nagpur",CAN-2026-3912-019,Priya P.,08:45:14,13:03:30,True,13:03:30,VERIFIED_PRESENT,CNC Milling & Lathe Operator (NSQF Level 5)
AEBAS-LOG-1463,2026-09-18,PMKVY-MH-NGP-0031,"NTTF Advanced Vocational Centre, Nagpur",CAN-2026-3912-020,Sunil M.,08:49:14,13:06:30,True,13:06:30,VERIFIED_PRESENT,CNC Milling & Lathe Operator (NSQF Level 5)
AEBAS-LOG-1464,2026-09-18,PMKVY-MH-NGP-0031,"NTTF Advanced Vocational Centre, Nagpur",CAN-2026-3912-021,Manoj Y.,08:50:14,13:08:30,True,13:08:30,VERIFIED_PRESENT,CNC Milling & Lathe Operator (NSQF Level 5)
AEBAS-LOG-1465,2026-09-18,PMKVY-MH-NGP-0031,"NTTF Advanced Vocational Centre, Nagpur",CAN-2026-3912-022,Rahul G.,08:55:14,13:12:30,True,13:12:30,VERIFIED_PRESENT,CNC Milling & Lathe Operator (NSQF Level 5)
AEBAS-LOG-1466,2026-09-18,PMKVY-MH-NGP-0031,"NTTF Advanced Vocational Centre, Nagpur",CAN-2026-3912-023,Rohan R.,08:48:14,13:13:30,True,13:13:30,VERIFIED_PRESENT,CNC Milling & Lathe Operator (NSQF Level 5)
AEBAS-LOG-1467,2026-09-18,PMKVY-MH-NGP-0031,"NTTF Advanced Vocational Centre, Nagpur",CAN-2026-3912-024,Deepa S.,08:59:14,13:15:30,True,13:15:30,VERIFIED_PRESENT,CNC Milling & Lathe Operator (NSQF Level 5)
AEBAS-LOG-1468,2026-09-18,PMKVY-MH-NGP-0031,"NTTF Advanced Vocational Centre, Nagpur",CAN-2026-3912-025,Vikram R.,08:47:14,13:14:30,True,13:14:30,VERIFIED_PRESENT,CNC Milling & Lathe Operator (NSQF Level 5)
AEBAS-LOG-1469,2026-09-18,PMKVY-MH-NGP-0031,"NTTF Advanced Vocational Centre, Nagpur",CAN-2026-3912-026,Priya S.,08:48:14,13:15:30,True,13:15:30,VERIFIED_PRESENT,CNC Milling & Lathe Operator (NSQF Level 5)
AEBAS-LOG-1470,2026-09-18,PMKVY-MH-NGP-0031,"NTTF Advanced Vocational Centre, Nagpur",CAN-2026-3912-027,Priya M.,08:49:14,13:00:30,True,13:00:30,VERIFIED_PRESENT,CNC Milling & Lathe Operator (NSQF Level 5)
AEBAS-LOG-1471,2026-09-18,PMKVY-MH-NGP-0031,"NTTF Advanced Vocational Centre, Nagpur",CAN-2026-3912-028,Kavita S.,08:59:14,13:05:30,True,13:05:30,VERIFIED_PRESENT,CNC Milling & Lathe Operator (NSQF Level 5)
AEBAS-LOG-1472,2026-09-18,PMKVY-MH-NGP-0031,"NTTF Advanced Vocational Centre, Nagpur",CAN-2026-3912-029,Sunil M.,08:54:14,13:06:30,True,13:06:30,VERIFIED_PRESENT,CNC Milling & Lathe Operator (NSQF Level 5)
AEBAS-LOG-1473,2026-09-18,PMKVY-MH-NGP-0031,"NTTF Advanced Vocational Centre, Nagpur",CAN-2026-3912-030,Vikram S.,08:46:14,13:13:30,True,13:13:30,VERIFIED_PRESENT,CNC Milling & Lathe Operator (NSQF Level 5)
AEBAS-LOG-1474,2026-09-18,PMKVY-MH-NGP-0031,"NTTF Advanced Vocational Centre, Nagpur",CAN-2026-3912-031,Neha R.,08:59:14,13:12:30,True,13:12:30,VERIFIED_PRESENT,CNC Milling & Lathe Operator (NSQF Level 5)
AEBAS-LOG-1475,2026-09-18,PMKVY-MH-NGP-0031,"NTTF Advanced Vocational Centre, Nagpur",CAN-2026-3912-032,Anjali J.,08:53:14,13:04:30,True,13:04:30,VERIFIED_PRESENT,CNC Milling & Lathe Operator (NSQF Level 5)
AEBAS-LOG-1476,2026-09-18,PMKVY-MH-NGP-0031,"NTTF Advanced Vocational Centre, Nagpur",CAN-2026-3912-033,Aarav G.,08:46:14,13:12:30,True,13:12:30,VERIFIED_PRESENT,CNC Milling & Lathe Operator (NSQF Level 5)
AEBAS-LOG-1477,2026-09-18,PMKVY-MH-NGP-0031,"NTTF Advanced Vocational Centre, Nagpur",CAN-2026-3912-034,Sunil K.,08:46:14,13:00:30,True,13:00:30,VERIFIED_PRESENT,CNC Milling & Lathe Operator (NSQF Level 5)
AEBAS-LOG-1478,2026-09-18,PMKVY-MH-NGP-0031,"NTTF Advanced Vocational Centre, Nagpur",CAN-2026-3912-035,Pooja S.,08:48:14,13:02:30,True,13:02:30,VERIFIED_PRESENT,CNC Milling & Lathe Operator (NSQF Level 5)
AEBAS-LOG-1479,2026-09-18,PMKVY-MH-NGP-0031,"NTTF Advanced Vocational Centre, Nagpur",CAN-2026-3912-036,Amit S.,08:55:14,13:00:30,True,13:00:30,VERIFIED_PRESENT,CNC Milling & Lathe Operator (NSQF Level 5)
AEBAS-LOG-1480,2026-09-18,PMKVY-MH-NGP-0031,"NTTF Advanced Vocational Centre, Nagpur",CAN-2026-3912-037,Aarav S.,08:53:14,13:10:30,True,13:10:30,VERIFIED_PRESENT,CNC Milling & Lathe Operator (NSQF Level 5)
AEBAS-LOG-1481,2026-09-18,PMKVY-MH-NGP-0031,"NTTF Advanced Vocational Centre, Nagpur",CAN-2026-3912-038,Vikram Y.,08:47:14,13:15:30,True,13:15:30,VERIFIED_PRESENT,CNC Milling & Lathe Operator (NSQF Level 5)
AEBAS-LOG-1482,2026-09-18,PMKVY-MH-NGP-0031,"NTTF Advanced Vocational Centre, Nagpur",CAN-2026-3912-039,Manoj S.,08:49:14,13:10:30,True,13:10:30,VERIFIED_PRESENT,CNC Milling & Lathe Operator (NSQF Level 5)
AEBAS-LOG-1483,2026-09-18,PMKVY-MH-NGP-0031,"NTTF Advanced Vocational Centre, Nagpur",CAN-2026-3912-040,Kiran S.,08:48:14,13:01:30,True,13:01:30,VERIFIED_PRESENT,CNC Milling & Lathe Operator (NSQF Level 5)
AEBAS-LOG-1484,2026-09-18,PMKVY-MH-NGP-0031,"NTTF Advanced Vocational Centre, Nagpur",CAN-2026-3912-041,Amit M.,08:53:14,13:03:30,True,13:03:30,VERIFIED_PRESENT,CNC Milling & Lathe Operator (NSQF Level 5)
AEBAS-LOG-1485,2026-09-18,PMKVY-MH-NGP-0031,"NTTF Advanced Vocational Centre, Nagpur",CAN-2026-3912-042,Aarav K.,08:46:14,13:09:30,True,13:09:30,VERIFIED_PRESENT,CNC Milling & Lathe Operator (NSQF Level 5)
AEBAS-LOG-1486,2026-09-18,PMKVY-MH-NGP-0031,"NTTF Advanced Vocational Centre, Nagpur",CAN-2026-3912-043,Anjali D.,08:59:14,13:13:30,True,13:13:30,VERIFIED_PRESENT,CNC Milling & Lathe Operator (NSQF Level 5)
AEBAS-LOG-1487,2026-09-19,PMKVY-MH-NGP-0031,"NTTF Advanced Vocational Centre, Nagpur",CAN-2026-3912-001,Rohan K.,08:59:14,13:07:30,True,13:07:30,VERIFIED_PRESENT,CNC Milling & Lathe Operator (NSQF Level 5)
AEBAS-LOG-1488,2026-09-19,PMKVY-MH-NGP-0031,"NTTF Advanced Vocational Centre, Nagpur",CAN-2026-3912-002,Aarav Y.,08:51:14,13:12:30,True,13:12:30,VERIFIED_PRESENT,CNC Milling & Lathe Operator (NSQF Level 5)
AEBAS-LOG-1489,2026-09-19,PMKVY-MH-NGP-0031,"NTTF Advanced Vocational Centre, Nagpur",CAN-2026-3912-003,Rohan V.,08:55:14,13:09:30,True,13:09:30,VERIFIED_PRESENT,CNC Milling & Lathe Operator (NSQF Level 5)
AEBAS-LOG-1490,2026-09-19,PMKVY-MH-NGP-0031,"NTTF Advanced Vocational Centre, Nagpur",CAN-2026-3912-004,Neha M.,08:51:14,13:03:30,True,13:03:30,VERIFIED_PRESENT,CNC Milling & Lathe Operator (NSQF Level 5)
AEBAS-LOG-1491,2026-09-19,PMKVY-MH-NGP-0031,"NTTF Advanced Vocational Centre, Nagpur",CAN-2026-3912-005,Kiran S.,08:46:14,13:07:30,True,13:07:30,VERIFIED_PRESENT,CNC Milling & Lathe Operator (NSQF Level 5)
AEBAS-LOG-1492,2026-09-19,PMKVY-MH-NGP-0031,"NTTF Advanced Vocational Centre, Nagpur",CAN-2026-3912-006,Anjali P.,08:50:14,13:02:30,True,13:02:30,VERIFIED_PRESENT,CNC Milling & Lathe Operator (NSQF Level 5)
AEBAS-LOG-1493,2026-09-19,PMKVY-MH-NGP-0031,"NTTF Advanced Vocational Centre, Nagpur",CAN-2026-3912-007,Sanjay S.,08:50:14,13:02:30,True,13:02:30,VERIFIED_PRESENT,CNC Milling & Lathe Operator (NSQF Level 5)
AEBAS-LOG-1494,2026-09-19,PMKVY-MH-NGP-0031,"NTTF Advanced Vocational Centre, Nagpur",CAN-2026-3912-008,Pooja G.,08:47:14,13:05:30,True,13:05:30,VERIFIED_PRESENT,CNC Milling & Lathe Operator (NSQF Level 5)
AEBAS-LOG-1495,2026-09-19,PMKVY-MH-NGP-0031,"NTTF Advanced Vocational Centre, Nagpur",CAN-2026-3912-009,Meera D.,08:50:14,13:05:30,True,13:05:30,VERIFIED_PRESENT,CNC Milling & Lathe Operator (NSQF Level 5)
AEBAS-LOG-1496,2026-09-19,PMKVY-MH-NGP-0031,"NTTF Advanced Vocational Centre, Nagpur",CAN-2026-3912-010,Meera S.,08:59:14,13:09:30,True,13:09:30,VERIFIED_PRESENT,CNC Milling & Lathe Operator (NSQF Level 5)
AEBAS-LOG-1497,2026-09-19,PMKVY-MH-NGP-0031,"NTTF Advanced Vocational Centre, Nagpur",CAN-2026-3912-011,Kavita V.,08:59:14,13:03:30,True,13:03:30,VERIFIED_PRESENT,CNC Milling & Lathe Operator (NSQF Level 5)
AEBAS-LOG-1498,2026-09-19,PMKVY-MH-NGP-0031,"NTTF Advanced Vocational Centre, Nagpur",CAN-2026-3912-012,Amit R.,08:55:14,13:11:30,True,13:11:30,VERIFIED_PRESENT,CNC Milling & Lathe Operator (NSQF Level 5)
AEBAS-LOG-1499,2026-09-19,PMKVY-MH-NGP-0031,"NTTF Advanced Vocational Centre, Nagpur",CAN-2026-3912-013,Amit J.,08:57:14,13:02:30,True,13:02:30,VERIFIED_PRESENT,CNC Milling & Lathe Operator (NSQF Level 5)
AEBAS-LOG-1500,2026-09-19,PMKVY-MH-NGP-0031,"NTTF Advanced Vocational Centre, Nagpur",CAN-2026-3912-014,Aarav S.,08:57:14,13:04:30,True,13:04:30,VERIFIED_PRESENT,CNC Milling & Lathe Operator (NSQF Level 5)
AEBAS-LOG-1501,2026-09-19,PMKVY-MH-NGP-0031,"NTTF Advanced Vocational Centre, Nagpur",CAN-2026-3912-015,Sanjay S.,08:51:14,13:14:30,True,13:14:30,VERIFIED_PRESENT,CNC Milling & Lathe Operator (NSQF Level 5)
AEBAS-LOG-1502,2026-09-19,PMKVY-MH-NGP-0031,"NTTF Advanced Vocational Centre, Nagpur",CAN-2026-3912-016,Kiran S.,08:46:14,13:13:30,True,13:13:30,VERIFIED_PRESENT,CNC Milling & Lathe Operator (NSQF Level 5)
AEBAS-LOG-1503,2026-09-19,PMKVY-MH-NGP-0031,"NTTF Advanced Vocational Centre, Nagpur",CAN-2026-3912-017,Amit S.,08:46:14,13:10:30,True,13:10:30,VERIFIED_PRESENT,CNC Milling & Lathe Operator (NSQF Level 5)
AEBAS-LOG-1504,2026-09-19,PMKVY-MH-NGP-0031,"NTTF Advanced Vocational Centre, Nagpur",CAN-2026-3912-018,Rohan S.,08:57:14,13:12:30,True,13:12:30,VERIFIED_PRESENT,CNC Milling & Lathe Operator (NSQF Level 5)
AEBAS-LOG-1505,2026-09-19,PMKVY-MH-NGP-0031,"NTTF Advanced Vocational Centre, Nagpur",CAN-2026-3912-019,Deepa V.,08:52:14,13:13:30,True,13:13:30,VERIFIED_PRESENT,CNC Milling & Lathe Operator (NSQF Level 5)
AEBAS-LOG-1506,2026-09-19,PMKVY-MH-NGP-0031,"NTTF Advanced Vocational Centre, Nagpur",CAN-2026-3912-020,Kiran J.,08:51:14,13:10:30,True,13:10:30,VERIFIED_PRESENT,CNC Milling & Lathe Operator (NSQF Level 5)
AEBAS-LOG-1507,2026-09-19,PMKVY-MH-NGP-0031,"NTTF Advanced Vocational Centre, Nagpur",CAN-2026-3912-021,Rohan M.,08:59:14,13:07:30,True,13:07:30,VERIFIED_PRESENT,CNC Milling & Lathe Operator (NSQF Level 5)
AEBAS-LOG-1508,2026-09-19,PMKVY-MH-NGP-0031,"NTTF Advanced Vocational Centre, Nagpur",CAN-2026-3912-022,Sunil D.,08:53:14,13:15:30,True,13:15:30,VERIFIED_PRESENT,CNC Milling & Lathe Operator (NSQF Level 5)
AEBAS-LOG-1509,2026-09-19,PMKVY-MH-NGP-0031,"NTTF Advanced Vocational Centre, Nagpur",CAN-2026-3912-023,Kiran D.,08:53:14,13:07:30,True,13:07:30,VERIFIED_PRESENT,CNC Milling & Lathe Operator (NSQF Level 5)
AEBAS-LOG-1510,2026-09-19,PMKVY-MH-NGP-0031,"NTTF Advanced Vocational Centre, Nagpur",CAN-2026-3912-024,Sunil S.,08:54:14,13:13:30,True,13:13:30,VERIFIED_PRESENT,CNC Milling & Lathe Operator (NSQF Level 5)
AEBAS-LOG-1511,2026-09-19,PMKVY-MH-NGP-0031,"NTTF Advanced Vocational Centre, Nagpur",CAN-2026-3912-025,Neha J.,08:46:14,13:07:30,True,13:07:30,VERIFIED_PRESENT,CNC Milling & Lathe Operator (NSQF Level 5)
AEBAS-LOG-1512,2026-09-19,PMKVY-MH-NGP-0031,"NTTF Advanced Vocational Centre, Nagpur",CAN-2026-3912-026,Deepa K.,08:48:14,13:00:30,True,13:00:30,VERIFIED_PRESENT,CNC Milling & Lathe Operator (NSQF Level 5)
AEBAS-LOG-1513,2026-09-19,PMKVY-MH-NGP-0031,"NTTF Advanced Vocational Centre, Nagpur",CAN-2026-3912-027,Deepa D.,08:52:14,13:04:30,True,13:04:30,VERIFIED_PRESENT,CNC Milling & Lathe Operator (NSQF Level 5)
AEBAS-LOG-1514,2026-09-19,PMKVY-MH-NGP-0031,"NTTF Advanced Vocational Centre, Nagpur",CAN-2026-3912-028,Anjali K.,08:59:14,13:11:30,True,13:11:30,VERIFIED_PRESENT,CNC Milling & Lathe Operator (NSQF Level 5)
AEBAS-LOG-1515,2026-09-19,PMKVY-MH-NGP-0031,"NTTF Advanced Vocational Centre, Nagpur",CAN-2026-3912-029,Deepa S.,08:49:14,13:14:30,True,13:14:30,VERIFIED_PRESENT,CNC Milling & Lathe Operator (NSQF Level 5)
AEBAS-LOG-1516,2026-09-19,PMKVY-MH-NGP-0031,"NTTF Advanced Vocational Centre, Nagpur",CAN-2026-3912-030,Rohan D.,08:59:14,13:13:30,True,13:13:30,VERIFIED_PRESENT,CNC Milling & Lathe Operator (NSQF Level 5)
AEBAS-LOG-1517,2026-09-19,PMKVY-MH-NGP-0031,"NTTF Advanced Vocational Centre, Nagpur",CAN-2026-3912-031,Neha Y.,08:58:14,13:07:30,True,13:07:30,VERIFIED_PRESENT,CNC Milling & Lathe Operator (NSQF Level 5)
AEBAS-LOG-1518,2026-09-19,PMKVY-MH-NGP-0031,"NTTF Advanced Vocational Centre, Nagpur",CAN-2026-3912-032,Pooja J.,08:47:14,13:03:30,True,13:03:30,VERIFIED_PRESENT,CNC Milling & Lathe Operator (NSQF Level 5)
AEBAS-LOG-1519,2026-09-19,PMKVY-MH-NGP-0031,"NTTF Advanced Vocational Centre, Nagpur",CAN-2026-3912-033,Rohan D.,08:56:14,13:00:30,True,13:00:30,VERIFIED_PRESENT,CNC Milling & Lathe Operator (NSQF Level 5)
AEBAS-LOG-1520,2026-09-19,PMKVY-MH-NGP-0031,"NTTF Advanced Vocational Centre, Nagpur",CAN-2026-3912-034,Meera V.,08:45:14,13:03:30,True,13:03:30,VERIFIED_PRESENT,CNC Milling & Lathe Operator (NSQF Level 5)
AEBAS-LOG-1521,2026-09-19,PMKVY-MH-NGP-0031,"NTTF Advanced Vocational Centre, Nagpur",CAN-2026-3912-035,Vikram R.,08:58:14,13:05:30,True,13:05:30,VERIFIED_PRESENT,CNC Milling & Lathe Operator (NSQF Level 5)
AEBAS-LOG-1522,2026-09-19,PMKVY-MH-NGP-0031,"NTTF Advanced Vocational Centre, Nagpur",CAN-2026-3912-036,Aarav S.,08:50:14,13:04:30,True,13:04:30,VERIFIED_PRESENT,CNC Milling & Lathe Operator (NSQF Level 5)
AEBAS-LOG-1523,2026-09-19,PMKVY-MH-NGP-0031,"NTTF Advanced Vocational Centre, Nagpur",CAN-2026-3912-037,Vikram Y.,08:46:14,13:00:30,True,13:00:30,VERIFIED_PRESENT,CNC Milling & Lathe Operator (NSQF Level 5)
AEBAS-LOG-1524,2026-09-19,PMKVY-MH-NGP-0031,"NTTF Advanced Vocational Centre, Nagpur",CAN-2026-3912-038,Meera S.,08:57:14,13:05:30,True,13:05:30,VERIFIED_PRESENT,CNC Milling & Lathe Operator (NSQF Level 5)
AEBAS-LOG-1525,2026-09-19,PMKVY-MH-NGP-0031,"NTTF Advanced Vocational Centre, Nagpur",CAN-2026-3912-039,Kiran J.,08:47:14,13:09:30,True,13:09:30,VERIFIED_PRESENT,CNC Milling & Lathe Operator (NSQF Level 5)
AEBAS-LOG-1526,2026-09-19,PMKVY-MH-NGP-0031,"NTTF Advanced Vocational Centre, Nagpur",CAN-2026-3912-040,Kiran D.,08:56:14,13:10:30,True,13:10:30,VERIFIED_PRESENT,CNC Milling & Lathe Operator (NSQF Level 5)
AEBAS-LOG-1527,2026-09-19,PMKVY-MH-NGP-0031,"NTTF Advanced Vocational Centre, Nagpur",CAN-2026-3912-041,Manoj M.,08:56:14,13:00:30,True,13:00:30,VERIFIED_PRESENT,CNC Milling & Lathe Operator (NSQF Level 5)
AEBAS-LOG-1528,2026-09-19,PMKVY-MH-NGP-0031,"NTTF Advanced Vocational Centre, Nagpur",CAN-2026-3912-042,Kavita S.,08:47:14,13:01:30,True,13:01:30,VERIFIED_PRESENT,CNC Milling & Lathe Operator (NSQF Level 5)
AEBAS-LOG-1529,2026-09-19,PMKVY-MH-NGP-0031,"NTTF Advanced Vocational Centre, Nagpur",CAN-2026-3912-043,Pooja G.,08:57:14,13:05:30,True,13:05:30,VERIFIED_PRESENT,CNC Milling & Lathe Operator (NSQF Level 5)
AEBAS-LOG-1530,2026-09-15,PMKVY-HP-SMR-0019,"Centum WorkSkills Institute, Shimla",CAN-2026-4810-001,Priya K.,08:51:14,13:13:30,True,13:13:30,VERIFIED_PRESENT,Food & Beverage Service Steward (NSQF Level 4)
AEBAS-LOG-1531,2026-09-15,PMKVY-HP-SMR-0019,"Centum WorkSkills Institute, Shimla",CAN-2026-4810-002,Manoj D.,08:56:14,13:08:30,True,13:08:30,VERIFIED_PRESENT,Food & Beverage Service Steward (NSQF Level 4)
AEBAS-LOG-1532,2026-09-15,PMKVY-HP-SMR-0019,"Centum WorkSkills Institute, Shimla",CAN-2026-4810-003,Kavita J.,08:48:14,13:13:30,True,13:13:30,VERIFIED_PRESENT,Food & Beverage Service Steward (NSQF Level 4)
AEBAS-LOG-1533,2026-09-15,PMKVY-HP-SMR-0019,"Centum WorkSkills Institute, Shimla",CAN-2026-4810-004,Priya P.,08:46:14,13:12:30,True,13:12:30,VERIFIED_PRESENT,Food & Beverage Service Steward (NSQF Level 4)
AEBAS-LOG-1534,2026-09-15,PMKVY-HP-SMR-0019,"Centum WorkSkills Institute, Shimla",CAN-2026-4810-005,Rohan J.,08:48:14,13:12:30,True,13:12:30,VERIFIED_PRESENT,Food & Beverage Service Steward (NSQF Level 4)
AEBAS-LOG-1535,2026-09-15,PMKVY-HP-SMR-0019,"Centum WorkSkills Institute, Shimla",CAN-2026-4810-006,Pooja Y.,08:51:14,13:05:30,True,13:05:30,VERIFIED_PRESENT,Food & Beverage Service Steward (NSQF Level 4)
AEBAS-LOG-1536,2026-09-15,PMKVY-HP-SMR-0019,"Centum WorkSkills Institute, Shimla",CAN-2026-4810-007,Vikram J.,08:52:14,13:15:30,True,13:15:30,VERIFIED_PRESENT,Food & Beverage Service Steward (NSQF Level 4)
AEBAS-LOG-1537,2026-09-15,PMKVY-HP-SMR-0019,"Centum WorkSkills Institute, Shimla",CAN-2026-4810-008,Sanjay M.,08:55:14,13:12:30,True,13:12:30,VERIFIED_PRESENT,Food & Beverage Service Steward (NSQF Level 4)
AEBAS-LOG-1538,2026-09-15,PMKVY-HP-SMR-0019,"Centum WorkSkills Institute, Shimla",CAN-2026-4810-009,Sunil S.,08:45:14,13:11:30,True,13:11:30,VERIFIED_PRESENT,Food & Beverage Service Steward (NSQF Level 4)
AEBAS-LOG-1539,2026-09-15,PMKVY-HP-SMR-0019,"Centum WorkSkills Institute, Shimla",CAN-2026-4810-010,Meera Y.,08:49:14,13:03:30,True,13:03:30,VERIFIED_PRESENT,Food & Beverage Service Steward (NSQF Level 4)
AEBAS-LOG-1540,2026-09-15,PMKVY-HP-SMR-0019,"Centum WorkSkills Institute, Shimla",CAN-2026-4810-011,Anjali S.,08:50:14,13:10:30,True,13:10:30,VERIFIED_PRESENT,Food & Beverage Service Steward (NSQF Level 4)
AEBAS-LOG-1541,2026-09-15,PMKVY-HP-SMR-0019,"Centum WorkSkills Institute, Shimla",CAN-2026-4810-012,Aarav Y.,08:49:14,13:05:30,True,13:05:30,VERIFIED_PRESENT,Food & Beverage Service Steward (NSQF Level 4)
AEBAS-LOG-1542,2026-09-15,PMKVY-HP-SMR-0019,"Centum WorkSkills Institute, Shimla",CAN-2026-4810-013,Anjali S.,08:48:14,13:00:30,True,13:00:30,VERIFIED_PRESENT,Food & Beverage Service Steward (NSQF Level 4)
AEBAS-LOG-1543,2026-09-15,PMKVY-HP-SMR-0019,"Centum WorkSkills Institute, Shimla",CAN-2026-4810-014,Kavita Y.,08:53:14,13:06:30,True,13:06:30,VERIFIED_PRESENT,Food & Beverage Service Steward (NSQF Level 4)
AEBAS-LOG-1544,2026-09-15,PMKVY-HP-SMR-0019,"Centum WorkSkills Institute, Shimla",CAN-2026-4810-015,Pooja Y.,08:49:14,13:02:30,True,13:02:30,VERIFIED_PRESENT,Food & Beverage Service Steward (NSQF Level 4)
AEBAS-LOG-1545,2026-09-15,PMKVY-HP-SMR-0019,"Centum WorkSkills Institute, Shimla",CAN-2026-4810-016,Pooja G.,08:57:14,13:15:30,True,13:15:30,VERIFIED_PRESENT,Food & Beverage Service Steward (NSQF Level 4)
AEBAS-LOG-1546,2026-09-15,PMKVY-HP-SMR-0019,"Centum WorkSkills Institute, Shimla",CAN-2026-4810-017,Pooja K.,08:50:14,13:02:30,True,13:02:30,VERIFIED_PRESENT,Food & Beverage Service Steward (NSQF Level 4)
AEBAS-LOG-1547,2026-09-15,PMKVY-HP-SMR-0019,"Centum WorkSkills Institute, Shimla",CAN-2026-4810-018,Kavita K.,08:50:14,13:09:30,True,13:09:30,VERIFIED_PRESENT,Food & Beverage Service Steward (NSQF Level 4)
AEBAS-LOG-1548,2026-09-15,PMKVY-HP-SMR-0019,"Centum WorkSkills Institute, Shimla",CAN-2026-4810-019,Sunil D.,08:48:14,13:10:30,False,09:17:00,GHOST_ABSENT,Food & Beverage Service Steward (NSQF Level 4)
AEBAS-LOG-1549,2026-09-15,PMKVY-HP-SMR-0019,"Centum WorkSkills Institute, Shimla",CAN-2026-4810-020,Sunil J.,08:50:14,13:04:30,False,09:16:00,GHOST_ABSENT,Food & Beverage Service Steward (NSQF Level 4)
AEBAS-LOG-1550,2026-09-15,PMKVY-HP-SMR-0019,"Centum WorkSkills Institute, Shimla",CAN-2026-4810-021,Anjali V.,08:51:14,13:03:30,False,09:13:00,GHOST_ABSENT,Food & Beverage Service Steward (NSQF Level 4)
AEBAS-LOG-1551,2026-09-15,PMKVY-HP-SMR-0019,"Centum WorkSkills Institute, Shimla",CAN-2026-4810-022,Rohan K.,08:54:14,13:12:30,False,09:12:00,GHOST_ABSENT,Food & Beverage Service Steward (NSQF Level 4)
AEBAS-LOG-1552,2026-09-15,PMKVY-HP-SMR-0019,"Centum WorkSkills Institute, Shimla",CAN-2026-4810-023,Pooja P.,08:47:14,13:04:30,False,09:15:00,GHOST_ABSENT,Food & Beverage Service Steward (NSQF Level 4)
AEBAS-LOG-1553,2026-09-15,PMKVY-HP-SMR-0019,"Centum WorkSkills Institute, Shimla",CAN-2026-4810-024,Manoj S.,08:59:14,13:02:30,False,09:16:00,GHOST_ABSENT,Food & Beverage Service Steward (NSQF Level 4)
AEBAS-LOG-1554,2026-09-15,PMKVY-HP-SMR-0019,"Centum WorkSkills Institute, Shimla",CAN-2026-4810-025,Neha Y.,08:57:14,13:04:30,False,09:17:00,GHOST_ABSENT,Food & Beverage Service Steward (NSQF Level 4)
AEBAS-LOG-1555,2026-09-16,PMKVY-HP-SMR-0019,"Centum WorkSkills Institute, Shimla",CAN-2026-4810-001,Priya D.,08:53:14,13:10:30,True,13:10:30,VERIFIED_PRESENT,Food & Beverage Service Steward (NSQF Level 4)
AEBAS-LOG-1556,2026-09-16,PMKVY-HP-SMR-0019,"Centum WorkSkills Institute, Shimla",CAN-2026-4810-002,Manoj S.,08:50:14,13:09:30,True,13:09:30,VERIFIED_PRESENT,Food & Beverage Service Steward (NSQF Level 4)
AEBAS-LOG-1557,2026-09-16,PMKVY-HP-SMR-0019,"Centum WorkSkills Institute, Shimla",CAN-2026-4810-003,Deepa G.,08:58:14,13:13:30,True,13:13:30,VERIFIED_PRESENT,Food & Beverage Service Steward (NSQF Level 4)
AEBAS-LOG-1558,2026-09-16,PMKVY-HP-SMR-0019,"Centum WorkSkills Institute, Shimla",CAN-2026-4810-004,Pooja J.,08:57:14,13:12:30,True,13:12:30,VERIFIED_PRESENT,Food & Beverage Service Steward (NSQF Level 4)
AEBAS-LOG-1559,2026-09-16,PMKVY-HP-SMR-0019,"Centum WorkSkills Institute, Shimla",CAN-2026-4810-005,Neha Y.,08:54:14,13:02:30,True,13:02:30,VERIFIED_PRESENT,Food & Beverage Service Steward (NSQF Level 4)
AEBAS-LOG-1560,2026-09-16,PMKVY-HP-SMR-0019,"Centum WorkSkills Institute, Shimla",CAN-2026-4810-006,Rohan G.,08:55:14,13:15:30,True,13:15:30,VERIFIED_PRESENT,Food & Beverage Service Steward (NSQF Level 4)
AEBAS-LOG-1561,2026-09-16,PMKVY-HP-SMR-0019,"Centum WorkSkills Institute, Shimla",CAN-2026-4810-007,Anjali K.,08:47:14,13:09:30,True,13:09:30,VERIFIED_PRESENT,Food & Beverage Service Steward (NSQF Level 4)
AEBAS-LOG-1562,2026-09-16,PMKVY-HP-SMR-0019,"Centum WorkSkills Institute, Shimla",CAN-2026-4810-008,Vikram R.,08:46:14,13:14:30,True,13:14:30,VERIFIED_PRESENT,Food & Beverage Service Steward (NSQF Level 4)
AEBAS-LOG-1563,2026-09-16,PMKVY-HP-SMR-0019,"Centum WorkSkills Institute, Shimla",CAN-2026-4810-009,Sanjay S.,08:59:14,13:09:30,True,13:09:30,VERIFIED_PRESENT,Food & Beverage Service Steward (NSQF Level 4)
AEBAS-LOG-1564,2026-09-16,PMKVY-HP-SMR-0019,"Centum WorkSkills Institute, Shimla",CAN-2026-4810-010,Priya S.,08:49:14,13:11:30,True,13:11:30,VERIFIED_PRESENT,Food & Beverage Service Steward (NSQF Level 4)
AEBAS-LOG-1565,2026-09-16,PMKVY-HP-SMR-0019,"Centum WorkSkills Institute, Shimla",CAN-2026-4810-011,Deepa S.,08:46:14,13:05:30,True,13:05:30,VERIFIED_PRESENT,Food & Beverage Service Steward (NSQF Level 4)
AEBAS-LOG-1566,2026-09-16,PMKVY-HP-SMR-0019,"Centum WorkSkills Institute, Shimla",CAN-2026-4810-012,Manoj P.,08:52:14,13:08:30,True,13:08:30,VERIFIED_PRESENT,Food & Beverage Service Steward (NSQF Level 4)
AEBAS-LOG-1567,2026-09-16,PMKVY-HP-SMR-0019,"Centum WorkSkills Institute, Shimla",CAN-2026-4810-013,Manoj M.,08:59:14,13:04:30,True,13:04:30,VERIFIED_PRESENT,Food & Beverage Service Steward (NSQF Level 4)
AEBAS-LOG-1568,2026-09-16,PMKVY-HP-SMR-0019,"Centum WorkSkills Institute, Shimla",CAN-2026-4810-014,Anjali G.,08:52:14,13:01:30,True,13:01:30,VERIFIED_PRESENT,Food & Beverage Service Steward (NSQF Level 4)
AEBAS-LOG-1569,2026-09-16,PMKVY-HP-SMR-0019,"Centum WorkSkills Institute, Shimla",CAN-2026-4810-015,Deepa P.,08:51:14,13:13:30,True,13:13:30,VERIFIED_PRESENT,Food & Beverage Service Steward (NSQF Level 4)
AEBAS-LOG-1570,2026-09-16,PMKVY-HP-SMR-0019,"Centum WorkSkills Institute, Shimla",CAN-2026-4810-016,Rohan R.,08:50:14,13:10:30,True,13:10:30,VERIFIED_PRESENT,Food & Beverage Service Steward (NSQF Level 4)
AEBAS-LOG-1571,2026-09-16,PMKVY-HP-SMR-0019,"Centum WorkSkills Institute, Shimla",CAN-2026-4810-017,Deepa S.,08:55:14,13:13:30,True,13:13:30,VERIFIED_PRESENT,Food & Beverage Service Steward (NSQF Level 4)
AEBAS-LOG-1572,2026-09-16,PMKVY-HP-SMR-0019,"Centum WorkSkills Institute, Shimla",CAN-2026-4810-018,Manoj P.,08:59:14,13:01:30,True,13:01:30,VERIFIED_PRESENT,Food & Beverage Service Steward (NSQF Level 4)
AEBAS-LOG-1573,2026-09-16,PMKVY-HP-SMR-0019,"Centum WorkSkills Institute, Shimla",CAN-2026-4810-019,Pooja J.,08:57:14,13:07:30,False,09:16:00,GHOST_ABSENT,Food & Beverage Service Steward (NSQF Level 4)
AEBAS-LOG-1574,2026-09-16,PMKVY-HP-SMR-0019,"Centum WorkSkills Institute, Shimla",CAN-2026-4810-020,Aarav S.,08:58:14,13:03:30,False,09:09:00,GHOST_ABSENT,Food & Beverage Service Steward (NSQF Level 4)
AEBAS-LOG-1575,2026-09-16,PMKVY-HP-SMR-0019,"Centum WorkSkills Institute, Shimla",CAN-2026-4810-021,Sunil S.,08:54:14,13:12:30,False,09:18:00,GHOST_ABSENT,Food & Beverage Service Steward (NSQF Level 4)
AEBAS-LOG-1576,2026-09-16,PMKVY-HP-SMR-0019,"Centum WorkSkills Institute, Shimla",CAN-2026-4810-022,Vikram Y.,08:51:14,13:14:30,False,09:15:00,GHOST_ABSENT,Food & Beverage Service Steward (NSQF Level 4)
AEBAS-LOG-1577,2026-09-16,PMKVY-HP-SMR-0019,"Centum WorkSkills Institute, Shimla",CAN-2026-4810-023,Vikram V.,08:52:14,13:14:30,False,09:15:00,GHOST_ABSENT,Food & Beverage Service Steward (NSQF Level 4)
AEBAS-LOG-1578,2026-09-16,PMKVY-HP-SMR-0019,"Centum WorkSkills Institute, Shimla",CAN-2026-4810-024,Manoj S.,08:46:14,13:05:30,False,09:16:00,GHOST_ABSENT,Food & Beverage Service Steward (NSQF Level 4)
AEBAS-LOG-1579,2026-09-16,PMKVY-HP-SMR-0019,"Centum WorkSkills Institute, Shimla",CAN-2026-4810-025,Anjali D.,08:57:14,13:13:30,False,09:08:00,GHOST_ABSENT,Food & Beverage Service Steward (NSQF Level 4)
AEBAS-LOG-1580,2026-09-17,PMKVY-HP-SMR-0019,"Centum WorkSkills Institute, Shimla",CAN-2026-4810-001,Sunil V.,08:46:14,13:10:30,True,13:10:30,VERIFIED_PRESENT,Food & Beverage Service Steward (NSQF Level 4)
AEBAS-LOG-1581,2026-09-17,PMKVY-HP-SMR-0019,"Centum WorkSkills Institute, Shimla",CAN-2026-4810-002,Sanjay G.,08:52:14,13:06:30,True,13:06:30,VERIFIED_PRESENT,Food & Beverage Service Steward (NSQF Level 4)
AEBAS-LOG-1582,2026-09-17,PMKVY-HP-SMR-0019,"Centum WorkSkills Institute, Shimla",CAN-2026-4810-003,Kiran S.,08:49:14,13:14:30,True,13:14:30,VERIFIED_PRESENT,Food & Beverage Service Steward (NSQF Level 4)
AEBAS-LOG-1583,2026-09-17,PMKVY-HP-SMR-0019,"Centum WorkSkills Institute, Shimla",CAN-2026-4810-004,Pooja D.,08:47:14,13:15:30,True,13:15:30,VERIFIED_PRESENT,Food & Beverage Service Steward (NSQF Level 4)
AEBAS-LOG-1584,2026-09-17,PMKVY-HP-SMR-0019,"Centum WorkSkills Institute, Shimla",CAN-2026-4810-005,Rohan M.,08:48:14,13:10:30,True,13:10:30,VERIFIED_PRESENT,Food & Beverage Service Steward (NSQF Level 4)
AEBAS-LOG-1585,2026-09-17,PMKVY-HP-SMR-0019,"Centum WorkSkills Institute, Shimla",CAN-2026-4810-006,Pooja G.,08:57:14,13:12:30,True,13:12:30,VERIFIED_PRESENT,Food & Beverage Service Steward (NSQF Level 4)
AEBAS-LOG-1586,2026-09-17,PMKVY-HP-SMR-0019,"Centum WorkSkills Institute, Shimla",CAN-2026-4810-007,Pooja V.,08:57:14,13:13:30,True,13:13:30,VERIFIED_PRESENT,Food & Beverage Service Steward (NSQF Level 4)
AEBAS-LOG-1587,2026-09-17,PMKVY-HP-SMR-0019,"Centum WorkSkills Institute, Shimla",CAN-2026-4810-008,Kiran Y.,08:45:14,13:06:30,True,13:06:30,VERIFIED_PRESENT,Food & Beverage Service Steward (NSQF Level 4)
AEBAS-LOG-1588,2026-09-17,PMKVY-HP-SMR-0019,"Centum WorkSkills Institute, Shimla",CAN-2026-4810-009,Aarav M.,08:51:14,13:08:30,True,13:08:30,VERIFIED_PRESENT,Food & Beverage Service Steward (NSQF Level 4)
AEBAS-LOG-1589,2026-09-17,PMKVY-HP-SMR-0019,"Centum WorkSkills Institute, Shimla",CAN-2026-4810-010,Amit M.,08:47:14,13:02:30,True,13:02:30,VERIFIED_PRESENT,Food & Beverage Service Steward (NSQF Level 4)
AEBAS-LOG-1590,2026-09-17,PMKVY-HP-SMR-0019,"Centum WorkSkills Institute, Shimla",CAN-2026-4810-011,Rohan S.,08:49:14,13:12:30,True,13:12:30,VERIFIED_PRESENT,Food & Beverage Service Steward (NSQF Level 4)
AEBAS-LOG-1591,2026-09-17,PMKVY-HP-SMR-0019,"Centum WorkSkills Institute, Shimla",CAN-2026-4810-012,Vikram P.,08:58:14,13:14:30,True,13:14:30,VERIFIED_PRESENT,Food & Beverage Service Steward (NSQF Level 4)
AEBAS-LOG-1592,2026-09-17,PMKVY-HP-SMR-0019,"Centum WorkSkills Institute, Shimla",CAN-2026-4810-013,Meera D.,08:48:14,13:08:30,True,13:08:30,VERIFIED_PRESENT,Food & Beverage Service Steward (NSQF Level 4)
AEBAS-LOG-1593,2026-09-17,PMKVY-HP-SMR-0019,"Centum WorkSkills Institute, Shimla",CAN-2026-4810-014,Priya K.,08:46:14,13:13:30,True,13:13:30,VERIFIED_PRESENT,Food & Beverage Service Steward (NSQF Level 4)
AEBAS-LOG-1594,2026-09-17,PMKVY-HP-SMR-0019,"Centum WorkSkills Institute, Shimla",CAN-2026-4810-015,Sanjay P.,08:47:14,13:06:30,True,13:06:30,VERIFIED_PRESENT,Food & Beverage Service Steward (NSQF Level 4)
AEBAS-LOG-1595,2026-09-17,PMKVY-HP-SMR-0019,"Centum WorkSkills Institute, Shimla",CAN-2026-4810-016,Deepa D.,08:52:14,13:15:30,True,13:15:30,VERIFIED_PRESENT,Food & Beverage Service Steward (NSQF Level 4)
AEBAS-LOG-1596,2026-09-17,PMKVY-HP-SMR-0019,"Centum WorkSkills Institute, Shimla",CAN-2026-4810-017,Priya J.,08:51:14,13:11:30,True,13:11:30,VERIFIED_PRESENT,Food & Beverage Service Steward (NSQF Level 4)
AEBAS-LOG-1597,2026-09-17,PMKVY-HP-SMR-0019,"Centum WorkSkills Institute, Shimla",CAN-2026-4810-018,Sunil K.,08:53:14,13:06:30,True,13:06:30,VERIFIED_PRESENT,Food & Beverage Service Steward (NSQF Level 4)
AEBAS-LOG-1598,2026-09-17,PMKVY-HP-SMR-0019,"Centum WorkSkills Institute, Shimla",CAN-2026-4810-019,Vikram J.,08:55:14,13:04:30,False,09:10:00,GHOST_ABSENT,Food & Beverage Service Steward (NSQF Level 4)
AEBAS-LOG-1599,2026-09-17,PMKVY-HP-SMR-0019,"Centum WorkSkills Institute, Shimla",CAN-2026-4810-020,Sanjay K.,08:47:14,13:14:30,False,09:07:00,GHOST_ABSENT,Food & Beverage Service Steward (NSQF Level 4)
AEBAS-LOG-1600,2026-09-17,PMKVY-HP-SMR-0019,"Centum WorkSkills Institute, Shimla",CAN-2026-4810-021,Kiran V.,08:46:14,13:13:30,False,09:09:00,GHOST_ABSENT,Food & Beverage Service Steward (NSQF Level 4)
AEBAS-LOG-1601,2026-09-17,PMKVY-HP-SMR-0019,"Centum WorkSkills Institute, Shimla",CAN-2026-4810-022,Aarav R.,08:58:14,13:04:30,False,09:15:00,GHOST_ABSENT,Food & Beverage Service Steward (NSQF Level 4)
AEBAS-LOG-1602,2026-09-17,PMKVY-HP-SMR-0019,"Centum WorkSkills Institute, Shimla",CAN-2026-4810-023,Manoj M.,08:54:14,13:03:30,False,09:05:00,GHOST_ABSENT,Food & Beverage Service Steward (NSQF Level 4)
AEBAS-LOG-1603,2026-09-17,PMKVY-HP-SMR-0019,"Centum WorkSkills Institute, Shimla",CAN-2026-4810-024,Rahul J.,08:48:14,13:13:30,False,09:16:00,GHOST_ABSENT,Food & Beverage Service Steward (NSQF Level 4)
AEBAS-LOG-1604,2026-09-17,PMKVY-HP-SMR-0019,"Centum WorkSkills Institute, Shimla",CAN-2026-4810-025,Priya G.,08:51:14,13:06:30,False,09:10:00,GHOST_ABSENT,Food & Beverage Service Steward (NSQF Level 4)
AEBAS-LOG-1605,2026-09-18,PMKVY-HP-SMR-0019,"Centum WorkSkills Institute, Shimla",CAN-2026-4810-001,Rahul Y.,08:55:14,13:00:30,True,13:00:30,VERIFIED_PRESENT,Food & Beverage Service Steward (NSQF Level 4)
AEBAS-LOG-1606,2026-09-18,PMKVY-HP-SMR-0019,"Centum WorkSkills Institute, Shimla",CAN-2026-4810-002,Deepa V.,08:45:14,13:09:30,True,13:09:30,VERIFIED_PRESENT,Food & Beverage Service Steward (NSQF Level 4)
AEBAS-LOG-1607,2026-09-18,PMKVY-HP-SMR-0019,"Centum WorkSkills Institute, Shimla",CAN-2026-4810-003,Kavita D.,08:58:14,13:03:30,True,13:03:30,VERIFIED_PRESENT,Food & Beverage Service Steward (NSQF Level 4)
AEBAS-LOG-1608,2026-09-18,PMKVY-HP-SMR-0019,"Centum WorkSkills Institute, Shimla",CAN-2026-4810-004,Kiran M.,08:52:14,13:13:30,True,13:13:30,VERIFIED_PRESENT,Food & Beverage Service Steward (NSQF Level 4)
AEBAS-LOG-1609,2026-09-18,PMKVY-HP-SMR-0019,"Centum WorkSkills Institute, Shimla",CAN-2026-4810-005,Meera V.,08:50:14,13:13:30,True,13:13:30,VERIFIED_PRESENT,Food & Beverage Service Steward (NSQF Level 4)
AEBAS-LOG-1610,2026-09-18,PMKVY-HP-SMR-0019,"Centum WorkSkills Institute, Shimla",CAN-2026-4810-006,Sanjay S.,08:59:14,13:05:30,True,13:05:30,VERIFIED_PRESENT,Food & Beverage Service Steward (NSQF Level 4)
AEBAS-LOG-1611,2026-09-18,PMKVY-HP-SMR-0019,"Centum WorkSkills Institute, Shimla",CAN-2026-4810-007,Manoj D.,08:50:14,13:05:30,True,13:05:30,VERIFIED_PRESENT,Food & Beverage Service Steward (NSQF Level 4)
AEBAS-LOG-1612,2026-09-18,PMKVY-HP-SMR-0019,"Centum WorkSkills Institute, Shimla",CAN-2026-4810-008,Priya D.,08:51:14,13:12:30,True,13:12:30,VERIFIED_PRESENT,Food & Beverage Service Steward (NSQF Level 4)
AEBAS-LOG-1613,2026-09-18,PMKVY-HP-SMR-0019,"Centum WorkSkills Institute, Shimla",CAN-2026-4810-009,Kavita M.,08:56:14,13:13:30,True,13:13:30,VERIFIED_PRESENT,Food & Beverage Service Steward (NSQF Level 4)
AEBAS-LOG-1614,2026-09-18,PMKVY-HP-SMR-0019,"Centum WorkSkills Institute, Shimla",CAN-2026-4810-010,Kavita J.,08:54:14,13:03:30,True,13:03:30,VERIFIED_PRESENT,Food & Beverage Service Steward (NSQF Level 4)
AEBAS-LOG-1615,2026-09-18,PMKVY-HP-SMR-0019,"Centum WorkSkills Institute, Shimla",CAN-2026-4810-011,Vikram S.,08:46:14,13:00:30,True,13:00:30,VERIFIED_PRESENT,Food & Beverage Service Steward (NSQF Level 4)
AEBAS-LOG-1616,2026-09-18,PMKVY-HP-SMR-0019,"Centum WorkSkills Institute, Shimla",CAN-2026-4810-012,Meera S.,08:52:14,13:03:30,True,13:03:30,VERIFIED_PRESENT,Food & Beverage Service Steward (NSQF Level 4)
AEBAS-LOG-1617,2026-09-18,PMKVY-HP-SMR-0019,"Centum WorkSkills Institute, Shimla",CAN-2026-4810-013,Manoj D.,08:54:14,13:01:30,True,13:01:30,VERIFIED_PRESENT,Food & Beverage Service Steward (NSQF Level 4)
AEBAS-LOG-1618,2026-09-18,PMKVY-HP-SMR-0019,"Centum WorkSkills Institute, Shimla",CAN-2026-4810-014,Kavita D.,08:48:14,13:07:30,True,13:07:30,VERIFIED_PRESENT,Food & Beverage Service Steward (NSQF Level 4)
AEBAS-LOG-1619,2026-09-18,PMKVY-HP-SMR-0019,"Centum WorkSkills Institute, Shimla",CAN-2026-4810-015,Manoj D.,08:51:14,13:03:30,True,13:03:30,VERIFIED_PRESENT,Food & Beverage Service Steward (NSQF Level 4)
AEBAS-LOG-1620,2026-09-18,PMKVY-HP-SMR-0019,"Centum WorkSkills Institute, Shimla",CAN-2026-4810-016,Rahul R.,08:46:14,13:11:30,True,13:11:30,VERIFIED_PRESENT,Food & Beverage Service Steward (NSQF Level 4)
AEBAS-LOG-1621,2026-09-18,PMKVY-HP-SMR-0019,"Centum WorkSkills Institute, Shimla",CAN-2026-4810-017,Manoj D.,08:59:14,13:12:30,True,13:12:30,VERIFIED_PRESENT,Food & Beverage Service Steward (NSQF Level 4)
AEBAS-LOG-1622,2026-09-18,PMKVY-HP-SMR-0019,"Centum WorkSkills Institute, Shimla",CAN-2026-4810-018,Aarav V.,08:57:14,13:07:30,True,13:07:30,VERIFIED_PRESENT,Food & Beverage Service Steward (NSQF Level 4)
AEBAS-LOG-1623,2026-09-18,PMKVY-HP-SMR-0019,"Centum WorkSkills Institute, Shimla",CAN-2026-4810-019,Kavita P.,08:59:14,13:08:30,False,09:09:00,GHOST_ABSENT,Food & Beverage Service Steward (NSQF Level 4)
AEBAS-LOG-1624,2026-09-18,PMKVY-HP-SMR-0019,"Centum WorkSkills Institute, Shimla",CAN-2026-4810-020,Meera M.,08:48:14,13:00:30,False,09:11:00,GHOST_ABSENT,Food & Beverage Service Steward (NSQF Level 4)
AEBAS-LOG-1625,2026-09-18,PMKVY-HP-SMR-0019,"Centum WorkSkills Institute, Shimla",CAN-2026-4810-021,Pooja K.,08:45:14,13:04:30,False,09:17:00,GHOST_ABSENT,Food & Beverage Service Steward (NSQF Level 4)
AEBAS-LOG-1626,2026-09-18,PMKVY-HP-SMR-0019,"Centum WorkSkills Institute, Shimla",CAN-2026-4810-022,Deepa D.,08:58:14,13:10:30,False,09:10:00,GHOST_ABSENT,Food & Beverage Service Steward (NSQF Level 4)
AEBAS-LOG-1627,2026-09-18,PMKVY-HP-SMR-0019,"Centum WorkSkills Institute, Shimla",CAN-2026-4810-023,Priya G.,08:51:14,13:07:30,False,09:13:00,GHOST_ABSENT,Food & Beverage Service Steward (NSQF Level 4)
AEBAS-LOG-1628,2026-09-18,PMKVY-HP-SMR-0019,"Centum WorkSkills Institute, Shimla",CAN-2026-4810-024,Sunil Y.,08:54:14,13:12:30,False,09:18:00,GHOST_ABSENT,Food & Beverage Service Steward (NSQF Level 4)
AEBAS-LOG-1629,2026-09-18,PMKVY-HP-SMR-0019,"Centum WorkSkills Institute, Shimla",CAN-2026-4810-025,Pooja G.,08:51:14,13:04:30,False,09:15:00,GHOST_ABSENT,Food & Beverage Service Steward (NSQF Level 4)
AEBAS-LOG-1630,2026-09-19,PMKVY-HP-SMR-0019,"Centum WorkSkills Institute, Shimla",CAN-2026-4810-001,Sunil J.,08:47:14,13:12:30,True,13:12:30,VERIFIED_PRESENT,Food & Beverage Service Steward (NSQF Level 4)
AEBAS-LOG-1631,2026-09-19,PMKVY-HP-SMR-0019,"Centum WorkSkills Institute, Shimla",CAN-2026-4810-002,Sanjay D.,08:47:14,13:13:30,True,13:13:30,VERIFIED_PRESENT,Food & Beverage Service Steward (NSQF Level 4)
AEBAS-LOG-1632,2026-09-19,PMKVY-HP-SMR-0019,"Centum WorkSkills Institute, Shimla",CAN-2026-4810-003,Neha S.,08:56:14,13:04:30,True,13:04:30,VERIFIED_PRESENT,Food & Beverage Service Steward (NSQF Level 4)
AEBAS-LOG-1633,2026-09-19,PMKVY-HP-SMR-0019,"Centum WorkSkills Institute, Shimla",CAN-2026-4810-004,Anjali M.,08:54:14,13:12:30,True,13:12:30,VERIFIED_PRESENT,Food & Beverage Service Steward (NSQF Level 4)
AEBAS-LOG-1634,2026-09-19,PMKVY-HP-SMR-0019,"Centum WorkSkills Institute, Shimla",CAN-2026-4810-005,Amit D.,08:47:14,13:10:30,True,13:10:30,VERIFIED_PRESENT,Food & Beverage Service Steward (NSQF Level 4)
AEBAS-LOG-1635,2026-09-19,PMKVY-HP-SMR-0019,"Centum WorkSkills Institute, Shimla",CAN-2026-4810-006,Rahul S.,08:46:14,13:00:30,True,13:00:30,VERIFIED_PRESENT,Food & Beverage Service Steward (NSQF Level 4)
AEBAS-LOG-1636,2026-09-19,PMKVY-HP-SMR-0019,"Centum WorkSkills Institute, Shimla",CAN-2026-4810-007,Meera K.,08:55:14,13:04:30,True,13:04:30,VERIFIED_PRESENT,Food & Beverage Service Steward (NSQF Level 4)
AEBAS-LOG-1637,2026-09-19,PMKVY-HP-SMR-0019,"Centum WorkSkills Institute, Shimla",CAN-2026-4810-008,Aarav G.,08:56:14,13:02:30,True,13:02:30,VERIFIED_PRESENT,Food & Beverage Service Steward (NSQF Level 4)
AEBAS-LOG-1638,2026-09-19,PMKVY-HP-SMR-0019,"Centum WorkSkills Institute, Shimla",CAN-2026-4810-009,Sunil K.,08:56:14,13:04:30,True,13:04:30,VERIFIED_PRESENT,Food & Beverage Service Steward (NSQF Level 4)
AEBAS-LOG-1639,2026-09-19,PMKVY-HP-SMR-0019,"Centum WorkSkills Institute, Shimla",CAN-2026-4810-010,Manoj M.,08:55:14,13:11:30,True,13:11:30,VERIFIED_PRESENT,Food & Beverage Service Steward (NSQF Level 4)
AEBAS-LOG-1640,2026-09-19,PMKVY-HP-SMR-0019,"Centum WorkSkills Institute, Shimla",CAN-2026-4810-011,Priya Y.,08:55:14,13:07:30,True,13:07:30,VERIFIED_PRESENT,Food & Beverage Service Steward (NSQF Level 4)
AEBAS-LOG-1641,2026-09-19,PMKVY-HP-SMR-0019,"Centum WorkSkills Institute, Shimla",CAN-2026-4810-012,Kavita Y.,08:53:14,13:07:30,True,13:07:30,VERIFIED_PRESENT,Food & Beverage Service Steward (NSQF Level 4)
AEBAS-LOG-1642,2026-09-19,PMKVY-HP-SMR-0019,"Centum WorkSkills Institute, Shimla",CAN-2026-4810-013,Sunil P.,08:55:14,13:01:30,True,13:01:30,VERIFIED_PRESENT,Food & Beverage Service Steward (NSQF Level 4)
AEBAS-LOG-1643,2026-09-19,PMKVY-HP-SMR-0019,"Centum WorkSkills Institute, Shimla",CAN-2026-4810-014,Amit S.,08:59:14,13:04:30,True,13:04:30,VERIFIED_PRESENT,Food & Beverage Service Steward (NSQF Level 4)
AEBAS-LOG-1644,2026-09-19,PMKVY-HP-SMR-0019,"Centum WorkSkills Institute, Shimla",CAN-2026-4810-015,Aarav M.,08:54:14,13:03:30,True,13:03:30,VERIFIED_PRESENT,Food & Beverage Service Steward (NSQF Level 4)
AEBAS-LOG-1645,2026-09-19,PMKVY-HP-SMR-0019,"Centum WorkSkills Institute, Shimla",CAN-2026-4810-016,Anjali R.,08:59:14,13:03:30,True,13:03:30,VERIFIED_PRESENT,Food & Beverage Service Steward (NSQF Level 4)
AEBAS-LOG-1646,2026-09-19,PMKVY-HP-SMR-0019,"Centum WorkSkills Institute, Shimla",CAN-2026-4810-017,Anjali S.,08:49:14,13:08:30,True,13:08:30,VERIFIED_PRESENT,Food & Beverage Service Steward (NSQF Level 4)
AEBAS-LOG-1647,2026-09-19,PMKVY-HP-SMR-0019,"Centum WorkSkills Institute, Shimla",CAN-2026-4810-018,Priya S.,08:46:14,13:15:30,True,13:15:30,VERIFIED_PRESENT,Food & Beverage Service Steward (NSQF Level 4)
AEBAS-LOG-1648,2026-09-19,PMKVY-HP-SMR-0019,"Centum WorkSkills Institute, Shimla",CAN-2026-4810-019,Deepa Y.,08:51:14,13:03:30,False,09:12:00,GHOST_ABSENT,Food & Beverage Service Steward (NSQF Level 4)
AEBAS-LOG-1649,2026-09-19,PMKVY-HP-SMR-0019,"Centum WorkSkills Institute, Shimla",CAN-2026-4810-020,Aarav D.,08:46:14,13:15:30,False,09:15:00,GHOST_ABSENT,Food & Beverage Service Steward (NSQF Level 4)
AEBAS-LOG-1650,2026-09-19,PMKVY-HP-SMR-0019,"Centum WorkSkills Institute, Shimla",CAN-2026-4810-021,Vikram Y.,08:55:14,13:13:30,False,09:11:00,GHOST_ABSENT,Food & Beverage Service Steward (NSQF Level 4)
AEBAS-LOG-1651,2026-09-19,PMKVY-HP-SMR-0019,"Centum WorkSkills Institute, Shimla",CAN-2026-4810-022,Sanjay M.,08:59:14,13:14:30,False,09:17:00,GHOST_ABSENT,Food & Beverage Service Steward (NSQF Level 4)
AEBAS-LOG-1652,2026-09-19,PMKVY-HP-SMR-0019,"Centum WorkSkills Institute, Shimla",CAN-2026-4810-023,Priya S.,08:49:14,13:00:30,False,09:07:00,GHOST_ABSENT,Food & Beverage Service Steward (NSQF Level 4)
AEBAS-LOG-1653,2026-09-19,PMKVY-HP-SMR-0019,"Centum WorkSkills Institute, Shimla",CAN-2026-4810-024,Pooja S.,08:50:14,13:11:30,False,09:12:00,GHOST_ABSENT,Food & Beverage Service Steward (NSQF Level 4)
AEBAS-LOG-1654,2026-09-19,PMKVY-HP-SMR-0019,"Centum WorkSkills Institute, Shimla",CAN-2026-4810-025,Aarav S.,08:53:14,13:08:30,False,09:06:00,GHOST_ABSENT,Food & Beverage Service Steward (NSQF Level 4)
AEBAS-LOG-1655,2026-09-15,DDU-WB-MLD-0008,"IL&FS Skills Regional Development Centre, Malda",CAN-2026-1409-001,Rahul G.,08:45:14,13:00:30,True,13:00:30,VERIFIED_PRESENT,Domestic Data Entry Operator (NSQF Level 4)
AEBAS-LOG-1656,2026-09-15,DDU-WB-MLD-0008,"IL&FS Skills Regional Development Centre, Malda",CAN-2026-1409-002,Rohan Y.,08:58:14,13:11:30,True,13:11:30,VERIFIED_PRESENT,Domestic Data Entry Operator (NSQF Level 4)
AEBAS-LOG-1657,2026-09-15,DDU-WB-MLD-0008,"IL&FS Skills Regional Development Centre, Malda",CAN-2026-1409-003,Anjali Y.,08:45:14,13:10:30,True,13:10:30,VERIFIED_PRESENT,Domestic Data Entry Operator (NSQF Level 4)
AEBAS-LOG-1658,2026-09-15,DDU-WB-MLD-0008,"IL&FS Skills Regional Development Centre, Malda",CAN-2026-1409-004,Rohan Y.,08:46:14,13:04:30,True,13:04:30,VERIFIED_PRESENT,Domestic Data Entry Operator (NSQF Level 4)
AEBAS-LOG-1659,2026-09-15,DDU-WB-MLD-0008,"IL&FS Skills Regional Development Centre, Malda",CAN-2026-1409-005,Amit P.,08:52:14,13:06:30,True,13:06:30,VERIFIED_PRESENT,Domestic Data Entry Operator (NSQF Level 4)
AEBAS-LOG-1660,2026-09-15,DDU-WB-MLD-0008,"IL&FS Skills Regional Development Centre, Malda",CAN-2026-1409-006,Vikram V.,08:56:14,13:09:30,True,13:09:30,VERIFIED_PRESENT,Domestic Data Entry Operator (NSQF Level 4)
AEBAS-LOG-1661,2026-09-15,DDU-WB-MLD-0008,"IL&FS Skills Regional Development Centre, Malda",CAN-2026-1409-007,Manoj J.,08:57:14,13:15:30,True,13:15:30,VERIFIED_PRESENT,Domestic Data Entry Operator (NSQF Level 4)
AEBAS-LOG-1662,2026-09-15,DDU-WB-MLD-0008,"IL&FS Skills Regional Development Centre, Malda",CAN-2026-1409-008,Meera D.,08:51:14,13:06:30,True,13:06:30,VERIFIED_PRESENT,Domestic Data Entry Operator (NSQF Level 4)
AEBAS-LOG-1663,2026-09-15,DDU-WB-MLD-0008,"IL&FS Skills Regional Development Centre, Malda",CAN-2026-1409-009,Amit S.,08:48:14,13:08:30,True,13:08:30,VERIFIED_PRESENT,Domestic Data Entry Operator (NSQF Level 4)
AEBAS-LOG-1664,2026-09-15,DDU-WB-MLD-0008,"IL&FS Skills Regional Development Centre, Malda",CAN-2026-1409-010,Sunil S.,08:54:14,13:09:30,True,13:09:30,VERIFIED_PRESENT,Domestic Data Entry Operator (NSQF Level 4)
AEBAS-LOG-1665,2026-09-15,DDU-WB-MLD-0008,"IL&FS Skills Regional Development Centre, Malda",CAN-2026-1409-011,Priya Y.,08:56:14,13:15:30,True,13:15:30,VERIFIED_PRESENT,Domestic Data Entry Operator (NSQF Level 4)
AEBAS-LOG-1666,2026-09-15,DDU-WB-MLD-0008,"IL&FS Skills Regional Development Centre, Malda",CAN-2026-1409-012,Meera R.,08:51:14,13:08:30,True,13:08:30,VERIFIED_PRESENT,Domestic Data Entry Operator (NSQF Level 4)
AEBAS-LOG-1667,2026-09-15,DDU-WB-MLD-0008,"IL&FS Skills Regional Development Centre, Malda",CAN-2026-1409-013,Sanjay G.,08:46:14,13:12:30,True,13:12:30,VERIFIED_PRESENT,Domestic Data Entry Operator (NSQF Level 4)
AEBAS-LOG-1668,2026-09-15,DDU-WB-MLD-0008,"IL&FS Skills Regional Development Centre, Malda",CAN-2026-1409-014,Meera Y.,08:54:14,13:11:30,True,13:11:30,VERIFIED_PRESENT,Domestic Data Entry Operator (NSQF Level 4)
AEBAS-LOG-1669,2026-09-15,DDU-WB-MLD-0008,"IL&FS Skills Regional Development Centre, Malda",CAN-2026-1409-015,Deepa M.,08:58:14,13:02:30,True,13:02:30,VERIFIED_PRESENT,Domestic Data Entry Operator (NSQF Level 4)
AEBAS-LOG-1670,2026-09-15,DDU-WB-MLD-0008,"IL&FS Skills Regional Development Centre, Malda",CAN-2026-1409-016,Manoj S.,08:59:14,13:01:30,True,13:01:30,VERIFIED_PRESENT,Domestic Data Entry Operator (NSQF Level 4)
AEBAS-LOG-1671,2026-09-15,DDU-WB-MLD-0008,"IL&FS Skills Regional Development Centre, Malda",CAN-2026-1409-017,Amit G.,08:51:14,13:09:30,True,13:09:30,VERIFIED_PRESENT,Domestic Data Entry Operator (NSQF Level 4)
AEBAS-LOG-1672,2026-09-15,DDU-WB-MLD-0008,"IL&FS Skills Regional Development Centre, Malda",CAN-2026-1409-018,Deepa D.,08:45:14,13:03:30,True,13:03:30,VERIFIED_PRESENT,Domestic Data Entry Operator (NSQF Level 4)
AEBAS-LOG-1673,2026-09-15,DDU-WB-MLD-0008,"IL&FS Skills Regional Development Centre, Malda",CAN-2026-1409-019,Priya V.,08:51:14,13:05:30,True,13:05:30,VERIFIED_PRESENT,Domestic Data Entry Operator (NSQF Level 4)
AEBAS-LOG-1674,2026-09-15,DDU-WB-MLD-0008,"IL&FS Skills Regional Development Centre, Malda",CAN-2026-1409-020,Deepa Y.,08:46:14,13:06:30,True,13:06:30,VERIFIED_PRESENT,Domestic Data Entry Operator (NSQF Level 4)
AEBAS-LOG-1675,2026-09-15,DDU-WB-MLD-0008,"IL&FS Skills Regional Development Centre, Malda",CAN-2026-1409-021,Deepa V.,08:47:14,13:10:30,True,13:10:30,VERIFIED_PRESENT,Domestic Data Entry Operator (NSQF Level 4)
AEBAS-LOG-1676,2026-09-15,DDU-WB-MLD-0008,"IL&FS Skills Regional Development Centre, Malda",CAN-2026-1409-022,Anjali K.,08:50:14,13:00:30,True,13:00:30,VERIFIED_PRESENT,Domestic Data Entry Operator (NSQF Level 4)
AEBAS-LOG-1677,2026-09-15,DDU-WB-MLD-0008,"IL&FS Skills Regional Development Centre, Malda",CAN-2026-1409-023,Sanjay Y.,08:52:14,13:10:30,True,13:10:30,VERIFIED_PRESENT,Domestic Data Entry Operator (NSQF Level 4)
AEBAS-LOG-1678,2026-09-15,DDU-WB-MLD-0008,"IL&FS Skills Regional Development Centre, Malda",CAN-2026-1409-024,Neha D.,08:46:14,13:12:30,True,13:12:30,VERIFIED_PRESENT,Domestic Data Entry Operator (NSQF Level 4)
AEBAS-LOG-1679,2026-09-15,DDU-WB-MLD-0008,"IL&FS Skills Regional Development Centre, Malda",CAN-2026-1409-025,Kavita G.,08:48:14,13:06:30,True,13:06:30,VERIFIED_PRESENT,Domestic Data Entry Operator (NSQF Level 4)
AEBAS-LOG-1680,2026-09-15,DDU-WB-MLD-0008,"IL&FS Skills Regional Development Centre, Malda",CAN-2026-1409-026,Anjali D.,08:49:14,13:02:30,True,13:02:30,VERIFIED_PRESENT,Domestic Data Entry Operator (NSQF Level 4)
AEBAS-LOG-1681,2026-09-15,DDU-WB-MLD-0008,"IL&FS Skills Regional Development Centre, Malda",CAN-2026-1409-027,Meera M.,08:57:14,13:13:30,True,13:13:30,VERIFIED_PRESENT,Domestic Data Entry Operator (NSQF Level 4)
AEBAS-LOG-1682,2026-09-15,DDU-WB-MLD-0008,"IL&FS Skills Regional Development Centre, Malda",CAN-2026-1409-028,Sanjay V.,08:48:14,13:06:30,True,13:06:30,VERIFIED_PRESENT,Domestic Data Entry Operator (NSQF Level 4)
AEBAS-LOG-1683,2026-09-15,DDU-WB-MLD-0008,"IL&FS Skills Regional Development Centre, Malda",CAN-2026-1409-029,Pooja R.,08:52:14,13:01:30,True,13:01:30,VERIFIED_PRESENT,Domestic Data Entry Operator (NSQF Level 4)
AEBAS-LOG-1684,2026-09-16,DDU-WB-MLD-0008,"IL&FS Skills Regional Development Centre, Malda",CAN-2026-1409-001,Amit D.,08:46:14,13:03:30,True,13:03:30,VERIFIED_PRESENT,Domestic Data Entry Operator (NSQF Level 4)
AEBAS-LOG-1685,2026-09-16,DDU-WB-MLD-0008,"IL&FS Skills Regional Development Centre, Malda",CAN-2026-1409-002,Manoj S.,08:54:14,13:10:30,True,13:10:30,VERIFIED_PRESENT,Domestic Data Entry Operator (NSQF Level 4)
AEBAS-LOG-1686,2026-09-16,DDU-WB-MLD-0008,"IL&FS Skills Regional Development Centre, Malda",CAN-2026-1409-003,Sunil Y.,08:54:14,13:00:30,True,13:00:30,VERIFIED_PRESENT,Domestic Data Entry Operator (NSQF Level 4)
AEBAS-LOG-1687,2026-09-16,DDU-WB-MLD-0008,"IL&FS Skills Regional Development Centre, Malda",CAN-2026-1409-004,Kavita K.,08:55:14,13:00:30,True,13:00:30,VERIFIED_PRESENT,Domestic Data Entry Operator (NSQF Level 4)
AEBAS-LOG-1688,2026-09-16,DDU-WB-MLD-0008,"IL&FS Skills Regional Development Centre, Malda",CAN-2026-1409-005,Manoj P.,08:47:14,13:12:30,True,13:12:30,VERIFIED_PRESENT,Domestic Data Entry Operator (NSQF Level 4)
AEBAS-LOG-1689,2026-09-16,DDU-WB-MLD-0008,"IL&FS Skills Regional Development Centre, Malda",CAN-2026-1409-006,Pooja D.,08:59:14,13:01:30,True,13:01:30,VERIFIED_PRESENT,Domestic Data Entry Operator (NSQF Level 4)
AEBAS-LOG-1690,2026-09-16,DDU-WB-MLD-0008,"IL&FS Skills Regional Development Centre, Malda",CAN-2026-1409-007,Sanjay M.,08:45:14,13:02:30,True,13:02:30,VERIFIED_PRESENT,Domestic Data Entry Operator (NSQF Level 4)
AEBAS-LOG-1691,2026-09-16,DDU-WB-MLD-0008,"IL&FS Skills Regional Development Centre, Malda",CAN-2026-1409-008,Kiran S.,08:58:14,13:13:30,True,13:13:30,VERIFIED_PRESENT,Domestic Data Entry Operator (NSQF Level 4)
AEBAS-LOG-1692,2026-09-16,DDU-WB-MLD-0008,"IL&FS Skills Regional Development Centre, Malda",CAN-2026-1409-009,Kavita P.,08:50:14,13:11:30,True,13:11:30,VERIFIED_PRESENT,Domestic Data Entry Operator (NSQF Level 4)
AEBAS-LOG-1693,2026-09-16,DDU-WB-MLD-0008,"IL&FS Skills Regional Development Centre, Malda",CAN-2026-1409-010,Sunil S.,08:53:14,13:10:30,True,13:10:30,VERIFIED_PRESENT,Domestic Data Entry Operator (NSQF Level 4)
AEBAS-LOG-1694,2026-09-16,DDU-WB-MLD-0008,"IL&FS Skills Regional Development Centre, Malda",CAN-2026-1409-011,Kiran G.,08:45:14,13:12:30,True,13:12:30,VERIFIED_PRESENT,Domestic Data Entry Operator (NSQF Level 4)
AEBAS-LOG-1695,2026-09-16,DDU-WB-MLD-0008,"IL&FS Skills Regional Development Centre, Malda",CAN-2026-1409-012,Kavita J.,08:52:14,13:15:30,True,13:15:30,VERIFIED_PRESENT,Domestic Data Entry Operator (NSQF Level 4)
AEBAS-LOG-1696,2026-09-16,DDU-WB-MLD-0008,"IL&FS Skills Regional Development Centre, Malda",CAN-2026-1409-013,Anjali V.,08:54:14,13:03:30,True,13:03:30,VERIFIED_PRESENT,Domestic Data Entry Operator (NSQF Level 4)
AEBAS-LOG-1697,2026-09-16,DDU-WB-MLD-0008,"IL&FS Skills Regional Development Centre, Malda",CAN-2026-1409-014,Aarav Y.,08:45:14,13:00:30,True,13:00:30,VERIFIED_PRESENT,Domestic Data Entry Operator (NSQF Level 4)
AEBAS-LOG-1698,2026-09-16,DDU-WB-MLD-0008,"IL&FS Skills Regional Development Centre, Malda",CAN-2026-1409-015,Rohan S.,08:50:14,13:13:30,True,13:13:30,VERIFIED_PRESENT,Domestic Data Entry Operator (NSQF Level 4)
AEBAS-LOG-1699,2026-09-16,DDU-WB-MLD-0008,"IL&FS Skills Regional Development Centre, Malda",CAN-2026-1409-016,Neha S.,08:46:14,13:06:30,True,13:06:30,VERIFIED_PRESENT,Domestic Data Entry Operator (NSQF Level 4)
AEBAS-LOG-1700,2026-09-16,DDU-WB-MLD-0008,"IL&FS Skills Regional Development Centre, Malda",CAN-2026-1409-017,Deepa D.,08:45:14,13:01:30,True,13:01:30,VERIFIED_PRESENT,Domestic Data Entry Operator (NSQF Level 4)
AEBAS-LOG-1701,2026-09-16,DDU-WB-MLD-0008,"IL&FS Skills Regional Development Centre, Malda",CAN-2026-1409-018,Amit K.,08:46:14,13:01:30,True,13:01:30,VERIFIED_PRESENT,Domestic Data Entry Operator (NSQF Level 4)
AEBAS-LOG-1702,2026-09-16,DDU-WB-MLD-0008,"IL&FS Skills Regional Development Centre, Malda",CAN-2026-1409-019,Kavita S.,08:49:14,13:10:30,True,13:10:30,VERIFIED_PRESENT,Domestic Data Entry Operator (NSQF Level 4)
AEBAS-LOG-1703,2026-09-16,DDU-WB-MLD-0008,"IL&FS Skills Regional Development Centre, Malda",CAN-2026-1409-020,Sunil P.,08:56:14,13:05:30,True,13:05:30,VERIFIED_PRESENT,Domestic Data Entry Operator (NSQF Level 4)
AEBAS-LOG-1704,2026-09-16,DDU-WB-MLD-0008,"IL&FS Skills Regional Development Centre, Malda",CAN-2026-1409-021,Rohan G.,08:52:14,13:03:30,True,13:03:30,VERIFIED_PRESENT,Domestic Data Entry Operator (NSQF Level 4)
AEBAS-LOG-1705,2026-09-16,DDU-WB-MLD-0008,"IL&FS Skills Regional Development Centre, Malda",CAN-2026-1409-022,Rohan V.,08:58:14,13:04:30,True,13:04:30,VERIFIED_PRESENT,Domestic Data Entry Operator (NSQF Level 4)
AEBAS-LOG-1706,2026-09-16,DDU-WB-MLD-0008,"IL&FS Skills Regional Development Centre, Malda",CAN-2026-1409-023,Meera M.,08:52:14,13:03:30,True,13:03:30,VERIFIED_PRESENT,Domestic Data Entry Operator (NSQF Level 4)
AEBAS-LOG-1707,2026-09-16,DDU-WB-MLD-0008,"IL&FS Skills Regional Development Centre, Malda",CAN-2026-1409-024,Neha G.,08:52:14,13:15:30,True,13:15:30,VERIFIED_PRESENT,Domestic Data Entry Operator (NSQF Level 4)
AEBAS-LOG-1708,2026-09-16,DDU-WB-MLD-0008,"IL&FS Skills Regional Development Centre, Malda",CAN-2026-1409-025,Amit V.,08:57:14,13:15:30,True,13:15:30,VERIFIED_PRESENT,Domestic Data Entry Operator (NSQF Level 4)
AEBAS-LOG-1709,2026-09-16,DDU-WB-MLD-0008,"IL&FS Skills Regional Development Centre, Malda",CAN-2026-1409-026,Neha S.,08:49:14,13:09:30,True,13:09:30,VERIFIED_PRESENT,Domestic Data Entry Operator (NSQF Level 4)
AEBAS-LOG-1710,2026-09-16,DDU-WB-MLD-0008,"IL&FS Skills Regional Development Centre, Malda",CAN-2026-1409-027,Vikram V.,08:53:14,13:07:30,True,13:07:30,VERIFIED_PRESENT,Domestic Data Entry Operator (NSQF Level 4)
AEBAS-LOG-1711,2026-09-16,DDU-WB-MLD-0008,"IL&FS Skills Regional Development Centre, Malda",CAN-2026-1409-028,Rahul J.,08:46:14,13:02:30,True,13:02:30,VERIFIED_PRESENT,Domestic Data Entry Operator (NSQF Level 4)
AEBAS-LOG-1712,2026-09-16,DDU-WB-MLD-0008,"IL&FS Skills Regional Development Centre, Malda",CAN-2026-1409-029,Kiran K.,08:48:14,13:00:30,True,13:00:30,VERIFIED_PRESENT,Domestic Data Entry Operator (NSQF Level 4)
AEBAS-LOG-1713,2026-09-17,DDU-WB-MLD-0008,"IL&FS Skills Regional Development Centre, Malda",CAN-2026-1409-001,Rahul R.,08:58:14,13:12:30,True,13:12:30,VERIFIED_PRESENT,Domestic Data Entry Operator (NSQF Level 4)
AEBAS-LOG-1714,2026-09-17,DDU-WB-MLD-0008,"IL&FS Skills Regional Development Centre, Malda",CAN-2026-1409-002,Rahul R.,08:46:14,13:10:30,True,13:10:30,VERIFIED_PRESENT,Domestic Data Entry Operator (NSQF Level 4)
AEBAS-LOG-1715,2026-09-17,DDU-WB-MLD-0008,"IL&FS Skills Regional Development Centre, Malda",CAN-2026-1409-003,Rahul G.,08:57:14,13:10:30,True,13:10:30,VERIFIED_PRESENT,Domestic Data Entry Operator (NSQF Level 4)
AEBAS-LOG-1716,2026-09-17,DDU-WB-MLD-0008,"IL&FS Skills Regional Development Centre, Malda",CAN-2026-1409-004,Kavita J.,08:52:14,13:04:30,True,13:04:30,VERIFIED_PRESENT,Domestic Data Entry Operator (NSQF Level 4)
AEBAS-LOG-1717,2026-09-17,DDU-WB-MLD-0008,"IL&FS Skills Regional Development Centre, Malda",CAN-2026-1409-005,Anjali S.,08:48:14,13:11:30,True,13:11:30,VERIFIED_PRESENT,Domestic Data Entry Operator (NSQF Level 4)
AEBAS-LOG-1718,2026-09-17,DDU-WB-MLD-0008,"IL&FS Skills Regional Development Centre, Malda",CAN-2026-1409-006,Sunil R.,08:58:14,13:06:30,True,13:06:30,VERIFIED_PRESENT,Domestic Data Entry Operator (NSQF Level 4)
AEBAS-LOG-1719,2026-09-17,DDU-WB-MLD-0008,"IL&FS Skills Regional Development Centre, Malda",CAN-2026-1409-007,Sunil Y.,08:46:14,13:08:30,True,13:08:30,VERIFIED_PRESENT,Domestic Data Entry Operator (NSQF Level 4)
AEBAS-LOG-1720,2026-09-17,DDU-WB-MLD-0008,"IL&FS Skills Regional Development Centre, Malda",CAN-2026-1409-008,Meera S.,08:55:14,13:09:30,True,13:09:30,VERIFIED_PRESENT,Domestic Data Entry Operator (NSQF Level 4)
AEBAS-LOG-1721,2026-09-17,DDU-WB-MLD-0008,"IL&FS Skills Regional Development Centre, Malda",CAN-2026-1409-009,Anjali S.,08:52:14,13:03:30,True,13:03:30,VERIFIED_PRESENT,Domestic Data Entry Operator (NSQF Level 4)
AEBAS-LOG-1722,2026-09-17,DDU-WB-MLD-0008,"IL&FS Skills Regional Development Centre, Malda",CAN-2026-1409-010,Anjali Y.,08:45:14,13:14:30,True,13:14:30,VERIFIED_PRESENT,Domestic Data Entry Operator (NSQF Level 4)
AEBAS-LOG-1723,2026-09-17,DDU-WB-MLD-0008,"IL&FS Skills Regional Development Centre, Malda",CAN-2026-1409-011,Priya P.,08:45:14,13:15:30,True,13:15:30,VERIFIED_PRESENT,Domestic Data Entry Operator (NSQF Level 4)
AEBAS-LOG-1724,2026-09-17,DDU-WB-MLD-0008,"IL&FS Skills Regional Development Centre, Malda",CAN-2026-1409-012,Manoj V.,08:49:14,13:03:30,True,13:03:30,VERIFIED_PRESENT,Domestic Data Entry Operator (NSQF Level 4)
AEBAS-LOG-1725,2026-09-17,DDU-WB-MLD-0008,"IL&FS Skills Regional Development Centre, Malda",CAN-2026-1409-013,Vikram V.,08:51:14,13:06:30,True,13:06:30,VERIFIED_PRESENT,Domestic Data Entry Operator (NSQF Level 4)
AEBAS-LOG-1726,2026-09-17,DDU-WB-MLD-0008,"IL&FS Skills Regional Development Centre, Malda",CAN-2026-1409-014,Rohan D.,08:53:14,13:13:30,True,13:13:30,VERIFIED_PRESENT,Domestic Data Entry Operator (NSQF Level 4)
AEBAS-LOG-1727,2026-09-17,DDU-WB-MLD-0008,"IL&FS Skills Regional Development Centre, Malda",CAN-2026-1409-015,Sanjay K.,08:52:14,13:08:30,True,13:08:30,VERIFIED_PRESENT,Domestic Data Entry Operator (NSQF Level 4)
AEBAS-LOG-1728,2026-09-17,DDU-WB-MLD-0008,"IL&FS Skills Regional Development Centre, Malda",CAN-2026-1409-016,Deepa S.,08:45:14,13:12:30,True,13:12:30,VERIFIED_PRESENT,Domestic Data Entry Operator (NSQF Level 4)
AEBAS-LOG-1729,2026-09-17,DDU-WB-MLD-0008,"IL&FS Skills Regional Development Centre, Malda",CAN-2026-1409-017,Meera Y.,08:49:14,13:06:30,True,13:06:30,VERIFIED_PRESENT,Domestic Data Entry Operator (NSQF Level 4)
AEBAS-LOG-1730,2026-09-17,DDU-WB-MLD-0008,"IL&FS Skills Regional Development Centre, Malda",CAN-2026-1409-018,Sunil S.,08:54:14,13:08:30,True,13:08:30,VERIFIED_PRESENT,Domestic Data Entry Operator (NSQF Level 4)
AEBAS-LOG-1731,2026-09-17,DDU-WB-MLD-0008,"IL&FS Skills Regional Development Centre, Malda",CAN-2026-1409-019,Kiran D.,08:51:14,13:03:30,True,13:03:30,VERIFIED_PRESENT,Domestic Data Entry Operator (NSQF Level 4)
AEBAS-LOG-1732,2026-09-17,DDU-WB-MLD-0008,"IL&FS Skills Regional Development Centre, Malda",CAN-2026-1409-020,Pooja M.,08:48:14,13:03:30,True,13:03:30,VERIFIED_PRESENT,Domestic Data Entry Operator (NSQF Level 4)
AEBAS-LOG-1733,2026-09-17,DDU-WB-MLD-0008,"IL&FS Skills Regional Development Centre, Malda",CAN-2026-1409-021,Neha S.,08:45:14,13:01:30,True,13:01:30,VERIFIED_PRESENT,Domestic Data Entry Operator (NSQF Level 4)
AEBAS-LOG-1734,2026-09-17,DDU-WB-MLD-0008,"IL&FS Skills Regional Development Centre, Malda",CAN-2026-1409-022,Amit Y.,08:46:14,13:03:30,True,13:03:30,VERIFIED_PRESENT,Domestic Data Entry Operator (NSQF Level 4)
AEBAS-LOG-1735,2026-09-17,DDU-WB-MLD-0008,"IL&FS Skills Regional Development Centre, Malda",CAN-2026-1409-023,Amit Y.,08:59:14,13:12:30,True,13:12:30,VERIFIED_PRESENT,Domestic Data Entry Operator (NSQF Level 4)
AEBAS-LOG-1736,2026-09-17,DDU-WB-MLD-0008,"IL&FS Skills Regional Development Centre, Malda",CAN-2026-1409-024,Sunil D.,08:46:14,13:07:30,True,13:07:30,VERIFIED_PRESENT,Domestic Data Entry Operator (NSQF Level 4)
AEBAS-LOG-1737,2026-09-17,DDU-WB-MLD-0008,"IL&FS Skills Regional Development Centre, Malda",CAN-2026-1409-025,Amit R.,08:48:14,13:05:30,True,13:05:30,VERIFIED_PRESENT,Domestic Data Entry Operator (NSQF Level 4)
AEBAS-LOG-1738,2026-09-17,DDU-WB-MLD-0008,"IL&FS Skills Regional Development Centre, Malda",CAN-2026-1409-026,Rahul V.,08:55:14,13:09:30,True,13:09:30,VERIFIED_PRESENT,Domestic Data Entry Operator (NSQF Level 4)
AEBAS-LOG-1739,2026-09-17,DDU-WB-MLD-0008,"IL&FS Skills Regional Development Centre, Malda",CAN-2026-1409-027,Kavita J.,08:45:14,13:03:30,True,13:03:30,VERIFIED_PRESENT,Domestic Data Entry Operator (NSQF Level 4)
AEBAS-LOG-1740,2026-09-17,DDU-WB-MLD-0008,"IL&FS Skills Regional Development Centre, Malda",CAN-2026-1409-028,Priya D.,08:59:14,13:15:30,True,13:15:30,VERIFIED_PRESENT,Domestic Data Entry Operator (NSQF Level 4)
AEBAS-LOG-1741,2026-09-17,DDU-WB-MLD-0008,"IL&FS Skills Regional Development Centre, Malda",CAN-2026-1409-029,Kavita J.,08:48:14,13:05:30,True,13:05:30,VERIFIED_PRESENT,Domestic Data Entry Operator (NSQF Level 4)
AEBAS-LOG-1742,2026-09-18,DDU-WB-MLD-0008,"IL&FS Skills Regional Development Centre, Malda",CAN-2026-1409-001,Sanjay M.,08:46:14,13:05:30,True,13:05:30,VERIFIED_PRESENT,Domestic Data Entry Operator (NSQF Level 4)
AEBAS-LOG-1743,2026-09-18,DDU-WB-MLD-0008,"IL&FS Skills Regional Development Centre, Malda",CAN-2026-1409-002,Priya V.,08:59:14,13:14:30,True,13:14:30,VERIFIED_PRESENT,Domestic Data Entry Operator (NSQF Level 4)
AEBAS-LOG-1744,2026-09-18,DDU-WB-MLD-0008,"IL&FS Skills Regional Development Centre, Malda",CAN-2026-1409-003,Rohan K.,08:55:14,13:15:30,True,13:15:30,VERIFIED_PRESENT,Domestic Data Entry Operator (NSQF Level 4)
AEBAS-LOG-1745,2026-09-18,DDU-WB-MLD-0008,"IL&FS Skills Regional Development Centre, Malda",CAN-2026-1409-004,Meera V.,08:45:14,13:05:30,True,13:05:30,VERIFIED_PRESENT,Domestic Data Entry Operator (NSQF Level 4)
AEBAS-LOG-1746,2026-09-18,DDU-WB-MLD-0008,"IL&FS Skills Regional Development Centre, Malda",CAN-2026-1409-005,Amit S.,08:47:14,13:00:30,True,13:00:30,VERIFIED_PRESENT,Domestic Data Entry Operator (NSQF Level 4)
AEBAS-LOG-1747,2026-09-18,DDU-WB-MLD-0008,"IL&FS Skills Regional Development Centre, Malda",CAN-2026-1409-006,Deepa R.,08:54:14,13:00:30,True,13:00:30,VERIFIED_PRESENT,Domestic Data Entry Operator (NSQF Level 4)
AEBAS-LOG-1748,2026-09-18,DDU-WB-MLD-0008,"IL&FS Skills Regional Development Centre, Malda",CAN-2026-1409-007,Kiran Y.,08:52:14,13:03:30,True,13:03:30,VERIFIED_PRESENT,Domestic Data Entry Operator (NSQF Level 4)
AEBAS-LOG-1749,2026-09-18,DDU-WB-MLD-0008,"IL&FS Skills Regional Development Centre, Malda",CAN-2026-1409-008,Pooja K.,08:54:14,13:09:30,True,13:09:30,VERIFIED_PRESENT,Domestic Data Entry Operator (NSQF Level 4)
AEBAS-LOG-1750,2026-09-18,DDU-WB-MLD-0008,"IL&FS Skills Regional Development Centre, Malda",CAN-2026-1409-009,Neha D.,08:53:14,13:05:30,True,13:05:30,VERIFIED_PRESENT,Domestic Data Entry Operator (NSQF Level 4)
AEBAS-LOG-1751,2026-09-18,DDU-WB-MLD-0008,"IL&FS Skills Regional Development Centre, Malda",CAN-2026-1409-010,Rohan S.,08:46:14,13:09:30,True,13:09:30,VERIFIED_PRESENT,Domestic Data Entry Operator (NSQF Level 4)
AEBAS-LOG-1752,2026-09-18,DDU-WB-MLD-0008,"IL&FS Skills Regional Development Centre, Malda",CAN-2026-1409-011,Sanjay R.,08:52:14,13:11:30,True,13:11:30,VERIFIED_PRESENT,Domestic Data Entry Operator (NSQF Level 4)
AEBAS-LOG-1753,2026-09-18,DDU-WB-MLD-0008,"IL&FS Skills Regional Development Centre, Malda",CAN-2026-1409-012,Amit M.,08:52:14,13:08:30,True,13:08:30,VERIFIED_PRESENT,Domestic Data Entry Operator (NSQF Level 4)
AEBAS-LOG-1754,2026-09-18,DDU-WB-MLD-0008,"IL&FS Skills Regional Development Centre, Malda",CAN-2026-1409-013,Deepa R.,08:45:14,13:11:30,True,13:11:30,VERIFIED_PRESENT,Domestic Data Entry Operator (NSQF Level 4)
AEBAS-LOG-1755,2026-09-18,DDU-WB-MLD-0008,"IL&FS Skills Regional Development Centre, Malda",CAN-2026-1409-014,Kavita J.,08:50:14,13:15:30,True,13:15:30,VERIFIED_PRESENT,Domestic Data Entry Operator (NSQF Level 4)
AEBAS-LOG-1756,2026-09-18,DDU-WB-MLD-0008,"IL&FS Skills Regional Development Centre, Malda",CAN-2026-1409-015,Anjali P.,08:55:14,13:00:30,True,13:00:30,VERIFIED_PRESENT,Domestic Data Entry Operator (NSQF Level 4)
AEBAS-LOG-1757,2026-09-18,DDU-WB-MLD-0008,"IL&FS Skills Regional Development Centre, Malda",CAN-2026-1409-016,Rohan D.,08:58:14,13:07:30,True,13:07:30,VERIFIED_PRESENT,Domestic Data Entry Operator (NSQF Level 4)
AEBAS-LOG-1758,2026-09-18,DDU-WB-MLD-0008,"IL&FS Skills Regional Development Centre, Malda",CAN-2026-1409-017,Rohan V.,08:52:14,13:00:30,True,13:00:30,VERIFIED_PRESENT,Domestic Data Entry Operator (NSQF Level 4)
AEBAS-LOG-1759,2026-09-18,DDU-WB-MLD-0008,"IL&FS Skills Regional Development Centre, Malda",CAN-2026-1409-018,Neha G.,08:56:14,13:13:30,True,13:13:30,VERIFIED_PRESENT,Domestic Data Entry Operator (NSQF Level 4)
AEBAS-LOG-1760,2026-09-18,DDU-WB-MLD-0008,"IL&FS Skills Regional Development Centre, Malda",CAN-2026-1409-019,Deepa Y.,08:56:14,13:02:30,True,13:02:30,VERIFIED_PRESENT,Domestic Data Entry Operator (NSQF Level 4)
AEBAS-LOG-1761,2026-09-18,DDU-WB-MLD-0008,"IL&FS Skills Regional Development Centre, Malda",CAN-2026-1409-020,Rahul D.,08:55:14,13:03:30,True,13:03:30,VERIFIED_PRESENT,Domestic Data Entry Operator (NSQF Level 4)
AEBAS-LOG-1762,2026-09-18,DDU-WB-MLD-0008,"IL&FS Skills Regional Development Centre, Malda",CAN-2026-1409-021,Amit M.,08:55:14,13:14:30,True,13:14:30,VERIFIED_PRESENT,Domestic Data Entry Operator (NSQF Level 4)
AEBAS-LOG-1763,2026-09-18,DDU-WB-MLD-0008,"IL&FS Skills Regional Development Centre, Malda",CAN-2026-1409-022,Priya P.,08:59:14,13:11:30,True,13:11:30,VERIFIED_PRESENT,Domestic Data Entry Operator (NSQF Level 4)
AEBAS-LOG-1764,2026-09-18,DDU-WB-MLD-0008,"IL&FS Skills Regional Development Centre, Malda",CAN-2026-1409-023,Sanjay D.,08:54:14,13:13:30,True,13:13:30,VERIFIED_PRESENT,Domestic Data Entry Operator (NSQF Level 4)
AEBAS-LOG-1765,2026-09-18,DDU-WB-MLD-0008,"IL&FS Skills Regional Development Centre, Malda",CAN-2026-1409-024,Amit P.,08:48:14,13:01:30,True,13:01:30,VERIFIED_PRESENT,Domestic Data Entry Operator (NSQF Level 4)
AEBAS-LOG-1766,2026-09-18,DDU-WB-MLD-0008,"IL&FS Skills Regional Development Centre, Malda",CAN-2026-1409-025,Sanjay G.,08:46:14,13:13:30,True,13:13:30,VERIFIED_PRESENT,Domestic Data Entry Operator (NSQF Level 4)
AEBAS-LOG-1767,2026-09-18,DDU-WB-MLD-0008,"IL&FS Skills Regional Development Centre, Malda",CAN-2026-1409-026,Manoj G.,08:57:14,13:11:30,True,13:11:30,VERIFIED_PRESENT,Domestic Data Entry Operator (NSQF Level 4)
AEBAS-LOG-1768,2026-09-18,DDU-WB-MLD-0008,"IL&FS Skills Regional Development Centre, Malda",CAN-2026-1409-027,Kavita S.,08:45:14,13:15:30,True,13:15:30,VERIFIED_PRESENT,Domestic Data Entry Operator (NSQF Level 4)
AEBAS-LOG-1769,2026-09-18,DDU-WB-MLD-0008,"IL&FS Skills Regional Development Centre, Malda",CAN-2026-1409-028,Rohan R.,08:55:14,13:04:30,True,13:04:30,VERIFIED_PRESENT,Domestic Data Entry Operator (NSQF Level 4)
AEBAS-LOG-1770,2026-09-18,DDU-WB-MLD-0008,"IL&FS Skills Regional Development Centre, Malda",CAN-2026-1409-029,Kavita G.,08:53:14,13:05:30,True,13:05:30,VERIFIED_PRESENT,Domestic Data Entry Operator (NSQF Level 4)
AEBAS-LOG-1771,2026-09-19,DDU-WB-MLD-0008,"IL&FS Skills Regional Development Centre, Malda",CAN-2026-1409-001,Kavita R.,08:49:14,13:02:30,True,13:02:30,VERIFIED_PRESENT,Domestic Data Entry Operator (NSQF Level 4)
AEBAS-LOG-1772,2026-09-19,DDU-WB-MLD-0008,"IL&FS Skills Regional Development Centre, Malda",CAN-2026-1409-002,Kavita K.,08:52:14,13:01:30,True,13:01:30,VERIFIED_PRESENT,Domestic Data Entry Operator (NSQF Level 4)
AEBAS-LOG-1773,2026-09-19,DDU-WB-MLD-0008,"IL&FS Skills Regional Development Centre, Malda",CAN-2026-1409-003,Rahul P.,08:58:14,13:03:30,True,13:03:30,VERIFIED_PRESENT,Domestic Data Entry Operator (NSQF Level 4)
AEBAS-LOG-1774,2026-09-19,DDU-WB-MLD-0008,"IL&FS Skills Regional Development Centre, Malda",CAN-2026-1409-004,Pooja R.,08:49:14,13:00:30,True,13:00:30,VERIFIED_PRESENT,Domestic Data Entry Operator (NSQF Level 4)
AEBAS-LOG-1775,2026-09-19,DDU-WB-MLD-0008,"IL&FS Skills Regional Development Centre, Malda",CAN-2026-1409-005,Meera V.,08:55:14,13:00:30,True,13:00:30,VERIFIED_PRESENT,Domestic Data Entry Operator (NSQF Level 4)
AEBAS-LOG-1776,2026-09-19,DDU-WB-MLD-0008,"IL&FS Skills Regional Development Centre, Malda",CAN-2026-1409-006,Pooja P.,08:47:14,13:11:30,True,13:11:30,VERIFIED_PRESENT,Domestic Data Entry Operator (NSQF Level 4)
AEBAS-LOG-1777,2026-09-19,DDU-WB-MLD-0008,"IL&FS Skills Regional Development Centre, Malda",CAN-2026-1409-007,Kavita D.,08:55:14,13:04:30,True,13:04:30,VERIFIED_PRESENT,Domestic Data Entry Operator (NSQF Level 4)
AEBAS-LOG-1778,2026-09-19,DDU-WB-MLD-0008,"IL&FS Skills Regional Development Centre, Malda",CAN-2026-1409-008,Vikram J.,08:49:14,13:04:30,True,13:04:30,VERIFIED_PRESENT,Domestic Data Entry Operator (NSQF Level 4)
AEBAS-LOG-1779,2026-09-19,DDU-WB-MLD-0008,"IL&FS Skills Regional Development Centre, Malda",CAN-2026-1409-009,Rahul D.,08:54:14,13:02:30,True,13:02:30,VERIFIED_PRESENT,Domestic Data Entry Operator (NSQF Level 4)
AEBAS-LOG-1780,2026-09-19,DDU-WB-MLD-0008,"IL&FS Skills Regional Development Centre, Malda",CAN-2026-1409-010,Kavita Y.,08:45:14,13:15:30,True,13:15:30,VERIFIED_PRESENT,Domestic Data Entry Operator (NSQF Level 4)
AEBAS-LOG-1781,2026-09-19,DDU-WB-MLD-0008,"IL&FS Skills Regional Development Centre, Malda",CAN-2026-1409-011,Deepa Y.,08:57:14,13:12:30,True,13:12:30,VERIFIED_PRESENT,Domestic Data Entry Operator (NSQF Level 4)
AEBAS-LOG-1782,2026-09-19,DDU-WB-MLD-0008,"IL&FS Skills Regional Development Centre, Malda",CAN-2026-1409-012,Meera D.,08:59:14,13:03:30,True,13:03:30,VERIFIED_PRESENT,Domestic Data Entry Operator (NSQF Level 4)
AEBAS-LOG-1783,2026-09-19,DDU-WB-MLD-0008,"IL&FS Skills Regional Development Centre, Malda",CAN-2026-1409-013,Amit P.,08:54:14,13:09:30,True,13:09:30,VERIFIED_PRESENT,Domestic Data Entry Operator (NSQF Level 4)
AEBAS-LOG-1784,2026-09-19,DDU-WB-MLD-0008,"IL&FS Skills Regional Development Centre, Malda",CAN-2026-1409-014,Priya G.,08:51:14,13:10:30,True,13:10:30,VERIFIED_PRESENT,Domestic Data Entry Operator (NSQF Level 4)
AEBAS-LOG-1785,2026-09-19,DDU-WB-MLD-0008,"IL&FS Skills Regional Development Centre, Malda",CAN-2026-1409-015,Rohan M.,08:57:14,13:06:30,True,13:06:30,VERIFIED_PRESENT,Domestic Data Entry Operator (NSQF Level 4)
AEBAS-LOG-1786,2026-09-19,DDU-WB-MLD-0008,"IL&FS Skills Regional Development Centre, Malda",CAN-2026-1409-016,Amit S.,08:51:14,13:06:30,True,13:06:30,VERIFIED_PRESENT,Domestic Data Entry Operator (NSQF Level 4)
AEBAS-LOG-1787,2026-09-19,DDU-WB-MLD-0008,"IL&FS Skills Regional Development Centre, Malda",CAN-2026-1409-017,Kavita P.,08:46:14,13:09:30,True,13:09:30,VERIFIED_PRESENT,Domestic Data Entry Operator (NSQF Level 4)
AEBAS-LOG-1788,2026-09-19,DDU-WB-MLD-0008,"IL&FS Skills Regional Development Centre, Malda",CAN-2026-1409-018,Manoj D.,08:47:14,13:12:30,True,13:12:30,VERIFIED_PRESENT,Domestic Data Entry Operator (NSQF Level 4)
AEBAS-LOG-1789,2026-09-19,DDU-WB-MLD-0008,"IL&FS Skills Regional Development Centre, Malda",CAN-2026-1409-019,Meera S.,08:47:14,13:14:30,True,13:14:30,VERIFIED_PRESENT,Domestic Data Entry Operator (NSQF Level 4)
AEBAS-LOG-1790,2026-09-19,DDU-WB-MLD-0008,"IL&FS Skills Regional Development Centre, Malda",CAN-2026-1409-020,Sanjay D.,08:59:14,13:11:30,True,13:11:30,VERIFIED_PRESENT,Domestic Data Entry Operator (NSQF Level 4)
AEBAS-LOG-1791,2026-09-19,DDU-WB-MLD-0008,"IL&FS Skills Regional Development Centre, Malda",CAN-2026-1409-021,Manoj V.,08:51:14,13:14:30,True,13:14:30,VERIFIED_PRESENT,Domestic Data Entry Operator (NSQF Level 4)
AEBAS-LOG-1792,2026-09-19,DDU-WB-MLD-0008,"IL&FS Skills Regional Development Centre, Malda",CAN-2026-1409-022,Meera D.,08:52:14,13:00:30,True,13:00:30,VERIFIED_PRESENT,Domestic Data Entry Operator (NSQF Level 4)
AEBAS-LOG-1793,2026-09-19,DDU-WB-MLD-0008,"IL&FS Skills Regional Development Centre, Malda",CAN-2026-1409-023,Aarav D.,08:46:14,13:04:30,True,13:04:30,VERIFIED_PRESENT,Domestic Data Entry Operator (NSQF Level 4)
AEBAS-LOG-1794,2026-09-19,DDU-WB-MLD-0008,"IL&FS Skills Regional Development Centre, Malda",CAN-2026-1409-024,Kavita Y.,08:54:14,13:11:30,True,13:11:30,VERIFIED_PRESENT,Domestic Data Entry Operator (NSQF Level 4)
AEBAS-LOG-1795,2026-09-19,DDU-WB-MLD-0008,"IL&FS Skills Regional Development Centre, Malda",CAN-2026-1409-025,Rohan G.,08:53:14,13:09:30,True,13:09:30,VERIFIED_PRESENT,Domestic Data Entry Operator (NSQF Level 4)
AEBAS-LOG-1796,2026-09-19,DDU-WB-MLD-0008,"IL&FS Skills Regional Development Centre, Malda",CAN-2026-1409-026,Pooja D.,08:47:14,13:12:30,True,13:12:30,VERIFIED_PRESENT,Domestic Data Entry Operator (NSQF Level 4)
AEBAS-LOG-1797,2026-09-19,DDU-WB-MLD-0008,"IL&FS Skills Regional Development Centre, Malda",CAN-2026-1409-027,Aarav R.,08:57:14,13:14:30,True,13:14:30,VERIFIED_PRESENT,Domestic Data Entry Operator (NSQF Level 4)
AEBAS-LOG-1798,2026-09-19,DDU-WB-MLD-0008,"IL&FS Skills Regional Development Centre, Malda",CAN-2026-1409-028,Pooja S.,08:45:14,13:08:30,True,13:08:30,VERIFIED_PRESENT,Domestic Data Entry Operator (NSQF Level 4)
AEBAS-LOG-1799,2026-09-19,DDU-WB-MLD-0008,"IL&FS Skills Regional Development Centre, Malda",CAN-2026-1409-029,Anjali V.,08:54:14,13:03:30,True,13:03:30,VERIFIED_PRESENT,Domestic Data Entry Operator (NSQF Level 4)
