frame_id,centre_id,sector,lighting_condition,camera_angle,official_submitted_roster,ground_truth_headcount,ai_yolo_detected_headcount,false_positives,false_negatives,discrepancy_delta,discrepancy_percentage,rf_fraud_risk_score,model_audit_decision,processing_latency_ms
FRM-2026-0001,PMKVY-UP-GKP-0042,"Apparel, Made-Ups & Home Furnishing",Daylight Normal,Frontal Eye-Level,35,18,18,0,0,-17,48.6,82.1,CRITICAL_FRAUD,45
FRM-2026-0002,DDU-WB-MLD-0008,IT-ITeS & Digital Services,Daylight Normal,Frontal Eye-Level,29,28,27,0,1,-2,6.9,2.5,COMPLIANT,48
FRM-2026-0003,PMKVY-RJ-JDH-0015,Green Jobs & Renewable Energy,Daylight Normal,Frontal Eye-Level,28,28,29,1,0,1,0.0,12.7,COMPLIANT,55
FRM-2026-0004,PMKVY-RJ-JDH-0015,Green Jobs & Renewable Energy,Direct Window Glare,Frontal Eye-Level,28,27,26,0,1,-2,7.1,14.5,COMPLIANT,47
FRM-2026-0005,PMKVY-HP-SMR-0019,Tourism & Hospitality,Low Light / Shadows,Corner Wide-Angle (Wall Mount),25,7,7,0,0,-18,72.0,79.9,CRITICAL_FRAUD,54
FRM-2026-0006,PMKVY-UP-GKP-0042,"Apparel, Made-Ups & Home Furnishing",Low Light / Shadows,Corner Wide-Angle (Wall Mount),35,20,18,0,2,-17,48.6,91.5,CRITICAL_FRAUD,45
FRM-2026-0007,PMKVY-HP-SMR-0019,Tourism & Hospitality,Daylight Normal,Frontal Eye-Level,25,8,9,1,0,-16,64.0,89.4,CRITICAL_FRAUD,53
FRM-2026-0008,DDU-WB-MLD-0008,IT-ITeS & Digital Services,Fluorescent Diffused,Frontal Eye-Level,29,29,28,0,1,-1,3.4,12.9,COMPLIANT,51
FRM-2026-0009,PMKVY-UP-GKP-0042,"Apparel, Made-Ups & Home Furnishing",Fluorescent Diffused,Overhead High-Angle (Ceiling Mount),35,19,19,0,0,-16,45.7,86.4,CRITICAL_FRAUD,53
FRM-2026-0010,PMKVY-RJ-JDH-0015,Green Jobs & Renewable Energy,Low Light / Shadows,Corner Wide-Angle (Wall Mount),28,28,28,0,0,0,0.0,13.6,COMPLIANT,44
FRM-2026-0011,DDU-WB-MLD-0008,IT-ITeS & Digital Services,Fluorescent Diffused,Frontal Eye-Level,29,27,27,0,0,-2,6.9,4.7,COMPLIANT,54
FRM-2026-0012,PMKVY-MH-NGP-0031,Capital Goods & Automotive,Fluorescent Diffused,Frontal Eye-Level,43,42,41,0,1,-2,4.7,5.8,COMPLIANT,43
FRM-2026-0013,PMKVY-MH-NGP-0031,Capital Goods & Automotive,Direct Window Glare,Corner Wide-Angle (Wall Mount),43,43,43,0,0,0,0.0,17.1,COMPLIANT,52
FRM-2026-0014,PMKVY-RJ-JDH-0015,Green Jobs & Renewable Energy,Direct Window Glare,Corner Wide-Angle (Wall Mount),28,26,26,0,0,-2,7.1,4.4,COMPLIANT,46
FRM-2026-0015,PMKVY-RJ-JDH-0015,Green Jobs & Renewable Energy,Low Light / Shadows,Frontal Eye-Level,28,26,26,0,0,-2,7.1,8.0,COMPLIANT,46
FRM-2026-0016,DDU-WB-MLD-0008,IT-ITeS & Digital Services,Direct Window Glare,Overhead High-Angle (Ceiling Mount),29,29,28,0,1,-1,3.4,4.5,COMPLIANT,47
FRM-2026-0017,PMKVY-HP-SMR-0019,Tourism & Hospitality,Daylight Normal,Corner Wide-Angle (Wall Mount),25,9,10,1,0,-15,60.0,96.4,CRITICAL_FRAUD,58
FRM-2026-0018,PMKVY-MH-NGP-0031,Capital Goods & Automotive,Daylight Normal,Frontal Eye-Level,43,41,40,0,1,-3,7.0,13.2,COMPLIANT,50
FRM-2026-0019,PMKVY-MH-NGP-0031,Capital Goods & Automotive,Daylight Normal,Corner Wide-Angle (Wall Mount),43,42,42,0,0,-1,2.3,9.5,COMPLIANT,50
FRM-2026-0020,DDU-WB-MLD-0008,IT-ITeS & Digital Services,Fluorescent Diffused,Frontal Eye-Level,29,29,30,1,0,1,0.0,6.9,COMPLIANT,58
FRM-2026-0021,DDU-WB-MLD-0008,IT-ITeS & Digital Services,Fluorescent Diffused,Overhead High-Angle (Ceiling Mount),29,28,28,0,0,-1,3.4,10.9,COMPLIANT,58
FRM-2026-0022,PMKVY-UP-GKP-0042,"Apparel, Made-Ups & Home Furnishing",Low Light / Shadows,Corner Wide-Angle (Wall Mount),35,16,16,0,0,-19,54.3,94.3,CRITICAL_FRAUD,51
FRM-2026-0023,PMKVY-RJ-JDH-0015,Green Jobs & Renewable Energy,Daylight Normal,Overhead High-Angle (Ceiling Mount),28,26,25,0,1,-3,10.7,3.4,COMPLIANT,57
FRM-2026-0024,PMKVY-UP-GKP-0042,"Apparel, Made-Ups & Home Furnishing",Fluorescent Diffused,Overhead High-Angle (Ceiling Mount),35,19,20,1,0,-15,42.9,81.1,CRITICAL_FRAUD,58
FRM-2026-0025,DDU-WB-MLD-0008,IT-ITeS & Digital Services,Direct Window Glare,Overhead High-Angle (Ceiling Mount),29,27,28,1,0,-1,3.4,13.4,COMPLIANT,51
FRM-2026-0026,PMKVY-HP-SMR-0019,Tourism & Hospitality,Low Light / Shadows,Corner Wide-Angle (Wall Mount),25,10,8,0,2,-17,68.0,82.6,CRITICAL_FRAUD,44
FRM-2026-0027,PMKVY-MH-NGP-0031,Capital Goods & Automotive,Daylight Normal,Frontal Eye-Level,43,41,41,0,0,-2,4.7,11.7,COMPLIANT,42
FRM-2026-0028,PMKVY-UP-GKP-0042,"Apparel, Made-Ups & Home Furnishing",Daylight Normal,Overhead High-Angle (Ceiling Mount),35,16,15,0,1,-20,57.1,93.9,CRITICAL_FRAUD,44
FRM-2026-0029,DDU-WB-MLD-0008,IT-ITeS & Digital Services,Fluorescent Diffused,Corner Wide-Angle (Wall Mount),29,27,27,0,0,-2,6.9,5.5,COMPLIANT,46
FRM-2026-0030,DDU-WB-MLD-0008,IT-ITeS & Digital Services,Direct Window Glare,Overhead High-Angle (Ceiling Mount),29,28,28,0,0,-1,3.4,5.1,COMPLIANT,45
FRM-2026-0031,PMKVY-HP-SMR-0019,Tourism & Hospitality,Low Light / Shadows,Corner Wide-Angle (Wall Mount),25,9,7,0,2,-18,72.0,90.5,CRITICAL_FRAUD,45
FRM-2026-0032,PMKVY-UP-GKP-0042,"Apparel, Made-Ups & Home Furnishing",Direct Window Glare,Frontal Eye-Level,35,18,17,0,1,-18,51.4,82.6,CRITICAL_FRAUD,48
FRM-2026-0033,DDU-WB-MLD-0008,IT-ITeS & Digital Services,Direct Window Glare,Overhead High-Angle (Ceiling Mount),29,28,28,0,0,-1,3.4,6.6,COMPLIANT,49
FRM-2026-0034,PMKVY-UP-GKP-0042,"Apparel, Made-Ups & Home Furnishing",Direct Window Glare,Frontal Eye-Level,35,16,15,0,1,-20,57.1,90.1,CRITICAL_FRAUD,42
FRM-2026-0035,PMKVY-UP-GKP-0042,"Apparel, Made-Ups & Home Furnishing",Fluorescent Diffused,Overhead High-Angle (Ceiling Mount),35,19,19,0,0,-16,45.7,86.9,CRITICAL_FRAUD,54
FRM-2026-0036,PMKVY-UP-GKP-0042,"Apparel, Made-Ups & Home Furnishing",Fluorescent Diffused,Corner Wide-Angle (Wall Mount),35,16,16,0,0,-19,54.3,82.9,CRITICAL_FRAUD,56
FRM-2026-0037,PMKVY-MH-NGP-0031,Capital Goods & Automotive,Direct Window Glare,Frontal Eye-Level,43,41,42,1,0,-1,2.3,12.9,COMPLIANT,57
FRM-2026-0038,PMKVY-RJ-JDH-0015,Green Jobs & Renewable Energy,Fluorescent Diffused,Corner Wide-Angle (Wall Mount),28,28,27,0,1,-1,3.6,11.6,COMPLIANT,43
FRM-2026-0039,PMKVY-MH-NGP-0031,Capital Goods & Automotive,Daylight Normal,Overhead High-Angle (Ceiling Mount),43,41,41,0,0,-2,4.7,10.3,COMPLIANT,58
FRM-2026-0040,PMKVY-RJ-JDH-0015,Green Jobs & Renewable Energy,Daylight Normal,Frontal Eye-Level,28,28,28,0,0,0,0.0,3.1,COMPLIANT,44
FRM-2026-0041,PMKVY-RJ-JDH-0015,Green Jobs & Renewable Energy,Direct Window Glare,Overhead High-Angle (Ceiling Mount),28,26,26,0,0,-2,7.1,11.6,COMPLIANT,43
FRM-2026-0042,DDU-WB-MLD-0008,IT-ITeS & Digital Services,Daylight Normal,Corner Wide-Angle (Wall Mount),29,27,28,1,0,-1,3.4,11.3,COMPLIANT,52
FRM-2026-0043,PMKVY-MH-NGP-0031,Capital Goods & Automotive,Fluorescent Diffused,Frontal Eye-Level,43,41,41,0,0,-2,4.7,5.9,COMPLIANT,54
FRM-2026-0044,PMKVY-RJ-JDH-0015,Green Jobs & Renewable Energy,Low Light / Shadows,Corner Wide-Angle (Wall Mount),28,27,25,0,2,-3,10.7,9.6,COMPLIANT,45
FRM-2026-0045,PMKVY-UP-GKP-0042,"Apparel, Made-Ups & Home Furnishing",Fluorescent Diffused,Frontal Eye-Level,35,18,18,0,0,-17,48.6,95.3,CRITICAL_FRAUD,44
FRM-2026-0046,PMKVY-RJ-JDH-0015,Green Jobs & Renewable Energy,Low Light / Shadows,Corner Wide-Angle (Wall Mount),28,28,28,0,0,0,0.0,12.1,COMPLIANT,58
FRM-2026-0047,PMKVY-UP-GKP-0042,"Apparel, Made-Ups & Home Furnishing",Low Light / Shadows,Frontal Eye-Level,35,16,16,0,0,-19,54.3,80.1,CRITICAL_FRAUD,45
FRM-2026-0048,DDU-WB-MLD-0008,IT-ITeS & Digital Services,Fluorescent Diffused,Corner Wide-Angle (Wall Mount),29,28,29,1,0,0,0.0,5.5,COMPLIANT,52
FRM-2026-0049,PMKVY-RJ-JDH-0015,Green Jobs & Renewable Energy,Low Light / Shadows,Frontal Eye-Level,28,27,25,0,2,-3,10.7,3.5,COMPLIANT,55
FRM-2026-0050,PMKVY-MH-NGP-0031,Capital Goods & Automotive,Daylight Normal,Overhead High-Angle (Ceiling Mount),43,42,42,0,0,-1,2.3,12.5,COMPLIANT,50
FRM-2026-0051,PMKVY-RJ-JDH-0015,Green Jobs & Renewable Energy,Direct Window Glare,Frontal Eye-Level,28,26,26,0,0,-2,7.1,11.3,COMPLIANT,45
FRM-2026-0052,PMKVY-UP-GKP-0042,"Apparel, Made-Ups & Home Furnishing",Fluorescent Diffused,Frontal Eye-Level,35,16,16,0,0,-19,54.3,88.8,CRITICAL_FRAUD,46
FRM-2026-0053,PMKVY-HP-SMR-0019,Tourism & Hospitality,Fluorescent Diffused,Overhead High-Angle (Ceiling Mount),25,8,8,0,0,-17,68.0,94.6,CRITICAL_FRAUD,43
FRM-2026-0054,PMKVY-MH-NGP-0031,Capital Goods & Automotive,Fluorescent Diffused,Frontal Eye-Level,43,43,44,1,0,1,0.0,3.7,COMPLIANT,55
FRM-2026-0055,DDU-WB-MLD-0008,IT-ITeS & Digital Services,Fluorescent Diffused,Overhead High-Angle (Ceiling Mount),29,29,29,0,0,0,0.0,16.5,COMPLIANT,42
FRM-2026-0056,PMKVY-RJ-JDH-0015,Green Jobs & Renewable Energy,Low Light / Shadows,Corner Wide-Angle (Wall Mount),28,26,25,0,1,-3,10.7,6.4,COMPLIANT,45
FRM-2026-0057,PMKVY-HP-SMR-0019,Tourism & Hospitality,Daylight Normal,Corner Wide-Angle (Wall Mount),25,7,7,0,0,-18,72.0,93.1,CRITICAL_FRAUD,56
FRM-2026-0058,PMKVY-MH-NGP-0031,Capital Goods & Automotive,Low Light / Shadows,Overhead High-Angle (Ceiling Mount),43,43,42,0,1,-1,2.3,8.6,COMPLIANT,50
FRM-2026-0059,PMKVY-UP-GKP-0042,"Apparel, Made-Ups & Home Furnishing",Low Light / Shadows,Corner Wide-Angle (Wall Mount),35,20,20,0,0,-15,42.9,95.4,CRITICAL_FRAUD,45
FRM-2026-0060,PMKVY-MH-NGP-0031,Capital Goods & Automotive,Fluorescent Diffused,Frontal Eye-Level,43,42,41,0,1,-2,4.7,3.8,COMPLIANT,55
FRM-2026-0061,PMKVY-MH-NGP-0031,Capital Goods & Automotive,Low Light / Shadows,Corner Wide-Angle (Wall Mount),43,41,39,0,2,-4,9.3,8.4,COMPLIANT,48
FRM-2026-0062,PMKVY-MH-NGP-0031,Capital Goods & Automotive,Daylight Normal,Frontal Eye-Level,43,42,41,0,1,-2,4.7,10.6,COMPLIANT,48
FRM-2026-0063,PMKVY-MH-NGP-0031,Capital Goods & Automotive,Direct Window Glare,Overhead High-Angle (Ceiling Mount),43,41,41,0,0,-2,4.7,12.3,COMPLIANT,45
FRM-2026-0064,PMKVY-MH-NGP-0031,Capital Goods & Automotive,Low Light / Shadows,Frontal Eye-Level,43,42,42,0,0,-1,2.3,13.5,COMPLIANT,46
FRM-2026-0065,PMKVY-RJ-JDH-0015,Green Jobs & Renewable Energy,Direct Window Glare,Frontal Eye-Level,28,27,28,1,0,0,0.0,14.3,COMPLIANT,47
FRM-2026-0066,DDU-WB-MLD-0008,IT-ITeS & Digital Services,Low Light / Shadows,Corner Wide-Angle (Wall Mount),29,27,27,0,0,-2,6.9,6.7,COMPLIANT,55
FRM-2026-0067,DDU-WB-MLD-0008,IT-ITeS & Digital Services,Low Light / Shadows,Corner Wide-Angle (Wall Mount),29,28,27,0,1,-2,6.9,10.4,COMPLIANT,47
FRM-2026-0068,PMKVY-UP-GKP-0042,"Apparel, Made-Ups & Home Furnishing",Low Light / Shadows,Frontal Eye-Level,35,20,18,0,2,-17,48.6,93.1,CRITICAL_FRAUD,49
FRM-2026-0069,PMKVY-MH-NGP-0031,Capital Goods & Automotive,Fluorescent Diffused,Overhead High-Angle (Ceiling Mount),43,43,42,0,1,-1,2.3,2.8,COMPLIANT,57
FRM-2026-0070,DDU-WB-MLD-0008,IT-ITeS & Digital Services,Daylight Normal,Corner Wide-Angle (Wall Mount),29,28,29,1,0,0,0.0,11.5,COMPLIANT,54
FRM-2026-0071,PMKVY-HP-SMR-0019,Tourism & Hospitality,Direct Window Glare,Overhead High-Angle (Ceiling Mount),25,7,8,1,0,-17,68.0,90.7,CRITICAL_FRAUD,45
FRM-2026-0072,PMKVY-HP-SMR-0019,Tourism & Hospitality,Fluorescent Diffused,Overhead High-Angle (Ceiling Mount),25,12,13,1,0,-12,48.0,87.6,CRITICAL_FRAUD,43
FRM-2026-0073,DDU-WB-MLD-0008,IT-ITeS & Digital Services,Fluorescent Diffused,Overhead High-Angle (Ceiling Mount),29,28,28,0,0,-1,3.4,15.2,COMPLIANT,58
FRM-2026-0074,DDU-WB-MLD-0008,IT-ITeS & Digital Services,Low Light / Shadows,Corner Wide-Angle (Wall Mount),29,27,27,0,0,-2,6.9,15.7,COMPLIANT,56
FRM-2026-0075,PMKVY-RJ-JDH-0015,Green Jobs & Renewable Energy,Direct Window Glare,Corner Wide-Angle (Wall Mount),28,27,27,0,0,-1,3.6,15.9,COMPLIANT,50
FRM-2026-0076,DDU-WB-MLD-0008,IT-ITeS & Digital Services,Direct Window Glare,Frontal Eye-Level,29,29,29,0,0,0,0.0,9.3,COMPLIANT,51
FRM-2026-0077,PMKVY-RJ-JDH-0015,Green Jobs & Renewable Energy,Low Light / Shadows,Corner Wide-Angle (Wall Mount),28,27,25,0,2,-3,10.7,4.3,COMPLIANT,49
FRM-2026-0078,PMKVY-HP-SMR-0019,Tourism & Hospitality,Fluorescent Diffused,Frontal Eye-Level,25,7,6,0,1,-19,76.0,85.7,CRITICAL_FRAUD,52
FRM-2026-0079,DDU-WB-MLD-0008,IT-ITeS & Digital Services,Direct Window Glare,Corner Wide-Angle (Wall Mount),29,29,29,0,0,0,0.0,15.7,COMPLIANT,54
FRM-2026-0080,DDU-WB-MLD-0008,IT-ITeS & Digital Services,Daylight Normal,Frontal Eye-Level,29,28,28,0,0,-1,3.4,2.1,COMPLIANT,53
FRM-2026-0081,PMKVY-MH-NGP-0031,Capital Goods & Automotive,Direct Window Glare,Corner Wide-Angle (Wall Mount),43,41,42,1,0,-1,2.3,14.1,COMPLIANT,49
FRM-2026-0082,PMKVY-HP-SMR-0019,Tourism & Hospitality,Fluorescent Diffused,Corner Wide-Angle (Wall Mount),25,9,9,0,0,-16,64.0,78.5,CRITICAL_FRAUD,52
FRM-2026-0083,PMKVY-HP-SMR-0019,Tourism & Hospitality,Fluorescent Diffused,Corner Wide-Angle (Wall Mount),25,7,8,1,0,-17,68.0,87.9,CRITICAL_FRAUD,54
FRM-2026-0084,DDU-WB-MLD-0008,IT-ITeS & Digital Services,Daylight Normal,Overhead High-Angle (Ceiling Mount),29,27,27,0,0,-2,6.9,4.2,COMPLIANT,56
FRM-2026-0085,PMKVY-RJ-JDH-0015,Green Jobs & Renewable Energy,Daylight Normal,Corner Wide-Angle (Wall Mount),28,27,27,0,0,-1,3.6,5.5,COMPLIANT,52
FRM-2026-0086,PMKVY-MH-NGP-0031,Capital Goods & Automotive,Direct Window Glare,Corner Wide-Angle (Wall Mount),43,42,42,0,0,-1,2.3,15.8,COMPLIANT,57
FRM-2026-0087,PMKVY-UP-GKP-0042,"Apparel, Made-Ups & Home Furnishing",Daylight Normal,Corner Wide-Angle (Wall Mount),35,17,18,1,0,-17,48.6,79.3,CRITICAL_FRAUD,43
FRM-2026-0088,PMKVY-UP-GKP-0042,"Apparel, Made-Ups & Home Furnishing",Fluorescent Diffused,Overhead High-Angle (Ceiling Mount),35,16,17,1,0,-18,51.4,80.8,CRITICAL_FRAUD,46
FRM-2026-0089,PMKVY-HP-SMR-0019,Tourism & Hospitality,Daylight Normal,Frontal Eye-Level,25,7,7,0,0,-18,72.0,90.9,CRITICAL_FRAUD,53
FRM-2026-0090,PMKVY-RJ-JDH-0015,Green Jobs & Renewable Energy,Daylight Normal,Overhead High-Angle (Ceiling Mount),28,27,26,0,1,-2,7.1,11.5,COMPLIANT,51
FRM-2026-0091,DDU-WB-MLD-0008,IT-ITeS & Digital Services,Direct Window Glare,Corner Wide-Angle (Wall Mount),29,27,27,0,0,-2,6.9,3.3,COMPLIANT,49
FRM-2026-0092,PMKVY-UP-GKP-0042,"Apparel, Made-Ups & Home Furnishing",Low Light / Shadows,Frontal Eye-Level,35,20,18,0,2,-17,48.6,84.4,CRITICAL_FRAUD,55
FRM-2026-0093,PMKVY-MH-NGP-0031,Capital Goods & Automotive,Daylight Normal,Frontal Eye-Level,43,41,41,0,0,-2,4.7,2.2,COMPLIANT,55
FRM-2026-0094,PMKVY-HP-SMR-0019,Tourism & Hospitality,Daylight Normal,Corner Wide-Angle (Wall Mount),25,8,9,1,0,-16,64.0,94.5,CRITICAL_FRAUD,56
FRM-2026-0095,PMKVY-RJ-JDH-0015,Green Jobs & Renewable Energy,Direct Window Glare,Overhead High-Angle (Ceiling Mount),28,26,27,1,0,-1,3.6,17.9,COMPLIANT,50
FRM-2026-0096,DDU-WB-MLD-0008,IT-ITeS & Digital Services,Direct Window Glare,Corner Wide-Angle (Wall Mount),29,28,29,1,0,0,0.0,11.8,COMPLIANT,52
FRM-2026-0097,PMKVY-RJ-JDH-0015,Green Jobs & Renewable Energy,Daylight Normal,Corner Wide-Angle (Wall Mount),28,27,27,0,0,-1,3.6,14.4,COMPLIANT,54
FRM-2026-0098,PMKVY-MH-NGP-0031,Capital Goods & Automotive,Daylight Normal,Corner Wide-Angle (Wall Mount),43,42,42,0,0,-1,2.3,10.0,COMPLIANT,53
FRM-2026-0099,PMKVY-MH-NGP-0031,Capital Goods & Automotive,Low Light / Shadows,Corner Wide-Angle (Wall Mount),43,41,41,0,0,-2,4.7,11.2,COMPLIANT,58
FRM-2026-0100,PMKVY-RJ-JDH-0015,Green Jobs & Renewable Energy,Daylight Normal,Overhead High-Angle (Ceiling Mount),28,26,26,0,0,-2,7.1,10.1,COMPLIANT,49
FRM-2026-0101,PMKVY-HP-SMR-0019,Tourism & Hospitality,Direct Window Glare,Corner Wide-Angle (Wall Mount),25,12,11,0,1,-14,56.0,79.7,CRITICAL_FRAUD,49
FRM-2026-0102,PMKVY-HP-SMR-0019,Tourism & Hospitality,Fluorescent Diffused,Corner Wide-Angle (Wall Mount),25,11,12,1,0,-13,52.0,84.8,CRITICAL_FRAUD,58
FRM-2026-0103,PMKVY-MH-NGP-0031,Capital Goods & Automotive,Direct Window Glare,Frontal Eye-Level,43,41,41,0,0,-2,4.7,7.8,COMPLIANT,56
FRM-2026-0104,PMKVY-MH-NGP-0031,Capital Goods & Automotive,Low Light / Shadows,Corner Wide-Angle (Wall Mount),43,43,42,0,1,-1,2.3,7.2,COMPLIANT,47
FRM-2026-0105,PMKVY-RJ-JDH-0015,Green Jobs & Renewable Energy,Fluorescent Diffused,Frontal Eye-Level,28,27,27,0,0,-1,3.6,14.0,COMPLIANT,58
FRM-2026-0106,DDU-WB-MLD-0008,IT-ITeS & Digital Services,Low Light / Shadows,Overhead High-Angle (Ceiling Mount),29,29,28,0,1,-1,3.4,8.0,COMPLIANT,51
FRM-2026-0107,PMKVY-UP-GKP-0042,"Apparel, Made-Ups & Home Furnishing",Fluorescent Diffused,Corner Wide-Angle (Wall Mount),35,16,15,0,1,-20,57.1,88.2,CRITICAL_FRAUD,46
FRM-2026-0108,PMKVY-HP-SMR-0019,Tourism & Hospitality,Daylight Normal,Overhead High-Angle (Ceiling Mount),25,10,10,0,0,-15,60.0,86.7,CRITICAL_FRAUD,56
FRM-2026-0109,PMKVY-MH-NGP-0031,Capital Goods & Automotive,Fluorescent Diffused,Overhead High-Angle (Ceiling Mount),43,42,42,0,0,-1,2.3,3.9,COMPLIANT,44
FRM-2026-0110,PMKVY-HP-SMR-0019,Tourism & Hospitality,Direct Window Glare,Overhead High-Angle (Ceiling Mount),25,10,11,1,0,-14,56.0,90.7,CRITICAL_FRAUD,46
FRM-2026-0111,PMKVY-RJ-JDH-0015,Green Jobs & Renewable Energy,Low Light / Shadows,Overhead High-Angle (Ceiling Mount),28,28,28,0,0,0,0.0,12.0,COMPLIANT,49
FRM-2026-0112,DDU-WB-MLD-0008,IT-ITeS & Digital Services,Direct Window Glare,Corner Wide-Angle (Wall Mount),29,28,28,0,0,-1,3.4,16.2,COMPLIANT,55
FRM-2026-0113,PMKVY-MH-NGP-0031,Capital Goods & Automotive,Daylight Normal,Frontal Eye-Level,43,41,40,0,1,-3,7.0,17.6,COMPLIANT,48
FRM-2026-0114,PMKVY-RJ-JDH-0015,Green Jobs & Renewable Energy,Low Light / Shadows,Frontal Eye-Level,28,28,27,0,1,-1,3.6,4.9,COMPLIANT,44
FRM-2026-0115,PMKVY-RJ-JDH-0015,Green Jobs & Renewable Energy,Daylight Normal,Corner Wide-Angle (Wall Mount),28,27,28,1,0,0,0.0,11.8,COMPLIANT,51
FRM-2026-0116,PMKVY-UP-GKP-0042,"Apparel, Made-Ups & Home Furnishing",Fluorescent Diffused,Corner Wide-Angle (Wall Mount),35,18,19,1,0,-16,45.7,93.9,CRITICAL_FRAUD,44
FRM-2026-0117,PMKVY-RJ-JDH-0015,Green Jobs & Renewable Energy,Low Light / Shadows,Frontal Eye-Level,28,26,25,0,1,-3,10.7,9.0,COMPLIANT,49
FRM-2026-0118,PMKVY-RJ-JDH-0015,Green Jobs & Renewable Energy,Low Light / Shadows,Overhead High-Angle (Ceiling Mount),28,28,27,0,1,-1,3.6,15.1,COMPLIANT,51
FRM-2026-0119,PMKVY-HP-SMR-0019,Tourism & Hospitality,Daylight Normal,Corner Wide-Angle (Wall Mount),25,11,11,0,0,-14,56.0,90.9,CRITICAL_FRAUD,50
FRM-2026-0120,DDU-WB-MLD-0008,IT-ITeS & Digital Services,Direct Window Glare,Corner Wide-Angle (Wall Mount),29,29,30,1,0,1,0.0,2.7,COMPLIANT,55
FRM-2026-0121,PMKVY-MH-NGP-0031,Capital Goods & Automotive,Low Light / Shadows,Overhead High-Angle (Ceiling Mount),43,43,41,0,2,-2,4.7,18.5,COMPLIANT,50
FRM-2026-0122,DDU-WB-MLD-0008,IT-ITeS & Digital Services,Daylight Normal,Overhead High-Angle (Ceiling Mount),29,28,29,1,0,0,0.0,12.7,COMPLIANT,50
FRM-2026-0123,PMKVY-RJ-JDH-0015,Green Jobs & Renewable Energy,Direct Window Glare,Frontal Eye-Level,28,27,26,0,1,-2,7.1,9.8,COMPLIANT,55
FRM-2026-0124,PMKVY-MH-NGP-0031,Capital Goods & Automotive,Low Light / Shadows,Frontal Eye-Level,43,43,43,0,0,0,0.0,8.8,COMPLIANT,57
FRM-2026-0125,PMKVY-MH-NGP-0031,Capital Goods & Automotive,Direct Window Glare,Frontal Eye-Level,43,43,43,0,0,0,0.0,3.5,COMPLIANT,50
FRM-2026-0126,PMKVY-MH-NGP-0031,Capital Goods & Automotive,Daylight Normal,Corner Wide-Angle (Wall Mount),43,41,40,0,1,-3,7.0,12.9,COMPLIANT,56
FRM-2026-0127,PMKVY-HP-SMR-0019,Tourism & Hospitality,Daylight Normal,Overhead High-Angle (Ceiling Mount),25,10,10,0,0,-15,60.0,89.5,CRITICAL_FRAUD,57
FRM-2026-0128,PMKVY-HP-SMR-0019,Tourism & Hospitality,Daylight Normal,Overhead High-Angle (Ceiling Mount),25,8,9,1,0,-16,64.0,80.4,CRITICAL_FRAUD,51
FRM-2026-0129,PMKVY-HP-SMR-0019,Tourism & Hospitality,Direct Window Glare,Overhead High-Angle (Ceiling Mount),25,6,7,1,0,-18,72.0,89.3,CRITICAL_FRAUD,49
FRM-2026-0130,PMKVY-RJ-JDH-0015,Green Jobs & Renewable Energy,Low Light / Shadows,Frontal Eye-Level,28,28,28,0,0,0,0.0,3.5,COMPLIANT,45
FRM-2026-0131,PMKVY-HP-SMR-0019,Tourism & Hospitality,Daylight Normal,Frontal Eye-Level,25,12,12,0,0,-13,52.0,87.2,CRITICAL_FRAUD,51
FRM-2026-0132,DDU-WB-MLD-0008,IT-ITeS & Digital Services,Low Light / Shadows,Corner Wide-Angle (Wall Mount),29,28,27,0,1,-2,6.9,9.5,COMPLIANT,46
FRM-2026-0133,PMKVY-HP-SMR-0019,Tourism & Hospitality,Fluorescent Diffused,Frontal Eye-Level,25,10,11,1,0,-14,56.0,94.3,CRITICAL_FRAUD,44
FRM-2026-0134,PMKVY-MH-NGP-0031,Capital Goods & Automotive,Direct Window Glare,Corner Wide-Angle (Wall Mount),43,41,41,0,0,-2,4.7,15.5,COMPLIANT,51
FRM-2026-0135,PMKVY-MH-NGP-0031,Capital Goods & Automotive,Direct Window Glare,Overhead High-Angle (Ceiling Mount),43,42,43,1,0,0,0.0,10.0,COMPLIANT,52
FRM-2026-0136,DDU-WB-MLD-0008,IT-ITeS & Digital Services,Direct Window Glare,Corner Wide-Angle (Wall Mount),29,28,28,0,0,-1,3.4,18.2,COMPLIANT,49
FRM-2026-0137,DDU-WB-MLD-0008,IT-ITeS & Digital Services,Direct Window Glare,Overhead High-Angle (Ceiling Mount),29,28,27,0,1,-2,6.9,7.2,COMPLIANT,57
FRM-2026-0138,PMKVY-HP-SMR-0019,Tourism & Hospitality,Direct Window Glare,Frontal Eye-Level,25,12,13,1,0,-12,48.0,96.1,CRITICAL_FRAUD,57
FRM-2026-0139,PMKVY-UP-GKP-0042,"Apparel, Made-Ups & Home Furnishing",Fluorescent Diffused,Frontal Eye-Level,35,20,20,0,0,-15,42.9,94.1,CRITICAL_FRAUD,56
FRM-2026-0140,PMKVY-UP-GKP-0042,"Apparel, Made-Ups & Home Furnishing",Direct Window Glare,Overhead High-Angle (Ceiling Mount),35,17,17,0,0,-18,51.4,94.1,CRITICAL_FRAUD,46
FRM-2026-0141,PMKVY-UP-GKP-0042,"Apparel, Made-Ups & Home Furnishing",Direct Window Glare,Corner Wide-Angle (Wall Mount),35,18,19,1,0,-16,45.7,90.8,CRITICAL_FRAUD,44
FRM-2026-0142,PMKVY-MH-NGP-0031,Capital Goods & Automotive,Direct Window Glare,Corner Wide-Angle (Wall Mount),43,41,42,1,0,-1,2.3,16.6,COMPLIANT,57
FRM-2026-0143,DDU-WB-MLD-0008,IT-ITeS & Digital Services,Daylight Normal,Frontal Eye-Level,29,29,29,0,0,0,0.0,12.4,COMPLIANT,51
FRM-2026-0144,PMKVY-RJ-JDH-0015,Green Jobs & Renewable Energy,Daylight Normal,Corner Wide-Angle (Wall Mount),28,28,29,1,0,1,0.0,13.6,COMPLIANT,45
FRM-2026-0145,PMKVY-HP-SMR-0019,Tourism & Hospitality,Fluorescent Diffused,Frontal Eye-Level,25,8,7,0,1,-18,72.0,78.9,CRITICAL_FRAUD,43
FRM-2026-0146,PMKVY-MH-NGP-0031,Capital Goods & Automotive,Low Light / Shadows,Corner Wide-Angle (Wall Mount),43,42,41,0,1,-2,4.7,10.8,COMPLIANT,47
FRM-2026-0147,PMKVY-RJ-JDH-0015,Green Jobs & Renewable Energy,Fluorescent Diffused,Overhead High-Angle (Ceiling Mount),28,26,26,0,0,-2,7.1,12.2,COMPLIANT,49
FRM-2026-0148,PMKVY-HP-SMR-0019,Tourism & Hospitality,Fluorescent Diffused,Overhead High-Angle (Ceiling Mount),25,9,10,1,0,-15,60.0,82.7,CRITICAL_FRAUD,50
FRM-2026-0149,PMKVY-UP-GKP-0042,"Apparel, Made-Ups & Home Furnishing",Direct Window Glare,Corner Wide-Angle (Wall Mount),35,20,20,0,0,-15,42.9,79.4,CRITICAL_FRAUD,53
FRM-2026-0150,DDU-WB-MLD-0008,IT-ITeS & Digital Services,Low Light / Shadows,Frontal Eye-Level,29,28,28,0,0,-1,3.4,9.5,COMPLIANT,51
FRM-2026-0151,PMKVY-RJ-JDH-0015,Green Jobs & Renewable Energy,Direct Window Glare,Corner Wide-Angle (Wall Mount),28,28,28,0,0,0,0.0,8.3,COMPLIANT,53
FRM-2026-0152,DDU-WB-MLD-0008,IT-ITeS & Digital Services,Low Light / Shadows,Frontal Eye-Level,29,28,28,0,0,-1,3.4,6.5,COMPLIANT,43
FRM-2026-0153,DDU-WB-MLD-0008,IT-ITeS & Digital Services,Direct Window Glare,Corner Wide-Angle (Wall Mount),29,29,30,1,0,1,0.0,15.2,COMPLIANT,49
FRM-2026-0154,PMKVY-RJ-JDH-0015,Green Jobs & Renewable Energy,Low Light / Shadows,Frontal Eye-Level,28,26,25,0,1,-3,10.7,12.4,COMPLIANT,43
FRM-2026-0155,PMKVY-MH-NGP-0031,Capital Goods & Automotive,Direct Window Glare,Overhead High-Angle (Ceiling Mount),43,41,41,0,0,-2,4.7,14.1,COMPLIANT,44
FRM-2026-0156,PMKVY-MH-NGP-0031,Capital Goods & Automotive,Low Light / Shadows,Frontal Eye-Level,43,42,41,0,1,-2,4.7,4.2,COMPLIANT,53
FRM-2026-0157,DDU-WB-MLD-0008,IT-ITeS & Digital Services,Low Light / Shadows,Overhead High-Angle (Ceiling Mount),29,28,28,0,0,-1,3.4,14.3,COMPLIANT,52
FRM-2026-0158,PMKVY-UP-GKP-0042,"Apparel, Made-Ups & Home Furnishing",Direct Window Glare,Overhead High-Angle (Ceiling Mount),35,17,17,0,0,-18,51.4,93.9,CRITICAL_FRAUD,54
FRM-2026-0159,DDU-WB-MLD-0008,IT-ITeS & Digital Services,Low Light / Shadows,Overhead High-Angle (Ceiling Mount),29,28,28,0,0,-1,3.4,10.9,COMPLIANT,56
FRM-2026-0160,PMKVY-MH-NGP-0031,Capital Goods & Automotive,Low Light / Shadows,Frontal Eye-Level,43,42,42,0,0,-1,2.3,3.8,COMPLIANT,49
FRM-2026-0161,PMKVY-HP-SMR-0019,Tourism & Hospitality,Daylight Normal,Frontal Eye-Level,25,10,10,0,0,-15,60.0,94.9,CRITICAL_FRAUD,49
FRM-2026-0162,PMKVY-UP-GKP-0042,"Apparel, Made-Ups & Home Furnishing",Direct Window Glare,Frontal Eye-Level,35,18,19,1,0,-16,45.7,85.6,CRITICAL_FRAUD,46
FRM-2026-0163,PMKVY-UP-GKP-0042,"Apparel, Made-Ups & Home Furnishing",Daylight Normal,Corner Wide-Angle (Wall Mount),35,19,18,0,1,-17,48.6,79.8,CRITICAL_FRAUD,46
FRM-2026-0164,PMKVY-HP-SMR-0019,Tourism & Hospitality,Direct Window Glare,Corner Wide-Angle (Wall Mount),25,11,12,1,0,-13,52.0,90.9,CRITICAL_FRAUD,55
FRM-2026-0165,DDU-WB-MLD-0008,IT-ITeS & Digital Services,Fluorescent Diffused,Corner Wide-Angle (Wall Mount),29,27,26,0,1,-3,10.3,15.8,COMPLIANT,55
FRM-2026-0166,PMKVY-MH-NGP-0031,Capital Goods & Automotive,Daylight Normal,Frontal Eye-Level,43,42,42,0,0,-1,2.3,9.3,COMPLIANT,49
FRM-2026-0167,PMKVY-MH-NGP-0031,Capital Goods & Automotive,Daylight Normal,Frontal Eye-Level,43,42,43,1,0,0,0.0,16.9,COMPLIANT,53
FRM-2026-0168,PMKVY-UP-GKP-0042,"Apparel, Made-Ups & Home Furnishing",Direct Window Glare,Corner Wide-Angle (Wall Mount),35,17,16,0,1,-19,54.3,95.6,CRITICAL_FRAUD,56
FRM-2026-0169,PMKVY-UP-GKP-0042,"Apparel, Made-Ups & Home Furnishing",Fluorescent Diffused,Frontal Eye-Level,35,20,19,0,1,-16,45.7,78.9,CRITICAL_FRAUD,52
FRM-2026-0170,PMKVY-RJ-JDH-0015,Green Jobs & Renewable Energy,Fluorescent Diffused,Frontal Eye-Level,28,28,27,0,1,-1,3.6,15.7,COMPLIANT,48
FRM-2026-0171,DDU-WB-MLD-0008,IT-ITeS & Digital Services,Fluorescent Diffused,Overhead High-Angle (Ceiling Mount),29,28,28,0,0,-1,3.4,15.0,COMPLIANT,42
FRM-2026-0172,PMKVY-MH-NGP-0031,Capital Goods & Automotive,Fluorescent Diffused,Overhead High-Angle (Ceiling Mount),43,41,41,0,0,-2,4.7,15.2,COMPLIANT,45
FRM-2026-0173,PMKVY-UP-GKP-0042,"Apparel, Made-Ups & Home Furnishing",Fluorescent Diffused,Overhead High-Angle (Ceiling Mount),35,18,18,0,0,-17,48.6,88.9,CRITICAL_FRAUD,42
FRM-2026-0174,PMKVY-RJ-JDH-0015,Green Jobs & Renewable Energy,Low Light / Shadows,Overhead High-Angle (Ceiling Mount),28,28,28,0,0,0,0.0,10.7,COMPLIANT,44
FRM-2026-0175,PMKVY-HP-SMR-0019,Tourism & Hospitality,Direct Window Glare,Corner Wide-Angle (Wall Mount),25,10,11,1,0,-14,56.0,80.0,CRITICAL_FRAUD,58
FRM-2026-0176,PMKVY-RJ-JDH-0015,Green Jobs & Renewable Energy,Daylight Normal,Frontal Eye-Level,28,26,27,1,0,-1,3.6,7.0,COMPLIANT,42
FRM-2026-0177,PMKVY-UP-GKP-0042,"Apparel, Made-Ups & Home Furnishing",Direct Window Glare,Corner Wide-Angle (Wall Mount),35,19,20,1,0,-15,42.9,80.0,CRITICAL_FRAUD,56
FRM-2026-0178,PMKVY-UP-GKP-0042,"Apparel, Made-Ups & Home Furnishing",Daylight Normal,Corner Wide-Angle (Wall Mount),35,20,20,0,0,-15,42.9,79.2,CRITICAL_FRAUD,50
FRM-2026-0179,DDU-WB-MLD-0008,IT-ITeS & Digital Services,Low Light / Shadows,Corner Wide-Angle (Wall Mount),29,27,27,0,0,-2,6.9,9.5,COMPLIANT,55
FRM-2026-0180,PMKVY-UP-GKP-0042,"Apparel, Made-Ups & Home Furnishing",Daylight Normal,Frontal Eye-Level,35,20,21,1,0,-14,40.0,94.0,CRITICAL_FRAUD,55
FRM-2026-0181,PMKVY-HP-SMR-0019,Tourism & Hospitality,Fluorescent Diffused,Corner Wide-Angle (Wall Mount),25,8,8,0,0,-17,68.0,85.4,CRITICAL_FRAUD,45
FRM-2026-0182,PMKVY-MH-NGP-0031,Capital Goods & Automotive,Direct Window Glare,Corner Wide-Angle (Wall Mount),43,41,41,0,0,-2,4.7,8.2,COMPLIANT,46
FRM-2026-0183,PMKVY-HP-SMR-0019,Tourism & Hospitality,Daylight Normal,Overhead High-Angle (Ceiling Mount),25,12,11,0,1,-14,56.0,79.7,CRITICAL_FRAUD,45
FRM-2026-0184,PMKVY-MH-NGP-0031,Capital Goods & Automotive,Fluorescent Diffused,Frontal Eye-Level,43,43,44,1,0,1,0.0,17.8,COMPLIANT,52
FRM-2026-0185,PMKVY-UP-GKP-0042,"Apparel, Made-Ups & Home Furnishing",Direct Window Glare,Corner Wide-Angle (Wall Mount),35,19,20,1,0,-15,42.9,79.0,CRITICAL_FRAUD,51
FRM-2026-0186,DDU-WB-MLD-0008,IT-ITeS & Digital Services,Low Light / Shadows,Corner Wide-Angle (Wall Mount),29,29,28,0,1,-1,3.4,4.6,COMPLIANT,57
FRM-2026-0187,PMKVY-RJ-JDH-0015,Green Jobs & Renewable Energy,Daylight Normal,Corner Wide-Angle (Wall Mount),28,26,26,0,0,-2,7.1,3.9,COMPLIANT,50
FRM-2026-0188,DDU-WB-MLD-0008,IT-ITeS & Digital Services,Fluorescent Diffused,Corner Wide-Angle (Wall Mount),29,27,28,1,0,-1,3.4,12.1,COMPLIANT,42
FRM-2026-0189,DDU-WB-MLD-0008,IT-ITeS & Digital Services,Low Light / Shadows,Overhead High-Angle (Ceiling Mount),29,29,29,0,0,0,0.0,17.2,COMPLIANT,53
FRM-2026-0190,PMKVY-UP-GKP-0042,"Apparel, Made-Ups & Home Furnishing",Fluorescent Diffused,Overhead High-Angle (Ceiling Mount),35,20,21,1,0,-14,40.0,85.4,CRITICAL_FRAUD,46
FRM-2026-0191,PMKVY-UP-GKP-0042,"Apparel, Made-Ups & Home Furnishing",Daylight Normal,Frontal Eye-Level,35,20,20,0,0,-15,42.9,85.0,CRITICAL_FRAUD,56
FRM-2026-0192,PMKVY-MH-NGP-0031,Capital Goods & Automotive,Fluorescent Diffused,Corner Wide-Angle (Wall Mount),43,42,43,1,0,0,0.0,7.4,COMPLIANT,44
FRM-2026-0193,PMKVY-UP-GKP-0042,"Apparel, Made-Ups & Home Furnishing",Fluorescent Diffused,Overhead High-Angle (Ceiling Mount),35,20,19,0,1,-16,45.7,90.5,CRITICAL_FRAUD,50
FRM-2026-0194,PMKVY-HP-SMR-0019,Tourism & Hospitality,Direct Window Glare,Corner Wide-Angle (Wall Mount),25,10,10,0,0,-15,60.0,85.7,CRITICAL_FRAUD,48
FRM-2026-0195,DDU-WB-MLD-0008,IT-ITeS & Digital Services,Daylight Normal,Corner Wide-Angle (Wall Mount),29,28,27,0,1,-2,6.9,6.7,COMPLIANT,57
FRM-2026-0196,DDU-WB-MLD-0008,IT-ITeS & Digital Services,Low Light / Shadows,Overhead High-Angle (Ceiling Mount),29,29,27,0,2,-2,6.9,2.1,COMPLIANT,51
FRM-2026-0197,PMKVY-RJ-JDH-0015,Green Jobs & Renewable Energy,Fluorescent Diffused,Corner Wide-Angle (Wall Mount),28,27,27,0,0,-1,3.6,4.0,COMPLIANT,57
FRM-2026-0198,PMKVY-HP-SMR-0019,Tourism & Hospitality,Fluorescent Diffused,Overhead High-Angle (Ceiling Mount),25,9,10,1,0,-15,60.0,91.0,CRITICAL_FRAUD,58
FRM-2026-0199,DDU-WB-MLD-0008,IT-ITeS & Digital Services,Low Light / Shadows,Overhead High-Angle (Ceiling Mount),29,28,26,0,2,-3,10.3,9.2,COMPLIANT,56
FRM-2026-0200,PMKVY-UP-GKP-0042,"Apparel, Made-Ups & Home Furnishing",Low Light / Shadows,Frontal Eye-Level,35,19,19,0,0,-16,45.7,91.1,CRITICAL_FRAUD,55
FRM-2026-0201,PMKVY-MH-NGP-0031,Capital Goods & Automotive,Daylight Normal,Corner Wide-Angle (Wall Mount),43,43,43,0,0,0,0.0,4.8,COMPLIANT,56
FRM-2026-0202,PMKVY-MH-NGP-0031,Capital Goods & Automotive,Daylight Normal,Corner Wide-Angle (Wall Mount),43,43,43,0,0,0,0.0,9.2,COMPLIANT,54
FRM-2026-0203,DDU-WB-MLD-0008,IT-ITeS & Digital Services,Daylight Normal,Corner Wide-Angle (Wall Mount),29,28,29,1,0,0,0.0,7.6,COMPLIANT,52
FRM-2026-0204,PMKVY-RJ-JDH-0015,Green Jobs & Renewable Energy,Daylight Normal,Frontal Eye-Level,28,26,25,0,1,-3,10.7,10.8,COMPLIANT,48
FRM-2026-0205,PMKVY-MH-NGP-0031,Capital Goods & Automotive,Low Light / Shadows,Frontal Eye-Level,43,41,40,0,1,-3,7.0,3.7,COMPLIANT,50
FRM-2026-0206,PMKVY-RJ-JDH-0015,Green Jobs & Renewable Energy,Fluorescent Diffused,Frontal Eye-Level,28,28,29,1,0,1,0.0,3.2,COMPLIANT,57
FRM-2026-0207,PMKVY-HP-SMR-0019,Tourism & Hospitality,Direct Window Glare,Frontal Eye-Level,25,10,11,1,0,-14,56.0,89.8,CRITICAL_FRAUD,52
FRM-2026-0208,PMKVY-MH-NGP-0031,Capital Goods & Automotive,Fluorescent Diffused,Corner Wide-Angle (Wall Mount),43,43,43,0,0,0,0.0,9.3,COMPLIANT,51
FRM-2026-0209,PMKVY-MH-NGP-0031,Capital Goods & Automotive,Daylight Normal,Corner Wide-Angle (Wall Mount),43,41,40,0,1,-3,7.0,7.1,COMPLIANT,56
FRM-2026-0210,PMKVY-UP-GKP-0042,"Apparel, Made-Ups & Home Furnishing",Daylight Normal,Corner Wide-Angle (Wall Mount),35,18,17,0,1,-18,51.4,89.9,CRITICAL_FRAUD,44
FRM-2026-0211,DDU-WB-MLD-0008,IT-ITeS & Digital Services,Direct Window Glare,Corner Wide-Angle (Wall Mount),29,27,28,1,0,-1,3.4,17.7,COMPLIANT,43
FRM-2026-0212,PMKVY-HP-SMR-0019,Tourism & Hospitality,Fluorescent Diffused,Corner Wide-Angle (Wall Mount),25,10,10,0,0,-15,60.0,87.3,CRITICAL_FRAUD,43
FRM-2026-0213,PMKVY-HP-SMR-0019,Tourism & Hospitality,Daylight Normal,Corner Wide-Angle (Wall Mount),25,11,10,0,1,-15,60.0,87.3,CRITICAL_FRAUD,47
FRM-2026-0214,PMKVY-UP-GKP-0042,"Apparel, Made-Ups & Home Furnishing",Fluorescent Diffused,Frontal Eye-Level,35,19,19,0,0,-16,45.7,87.7,CRITICAL_FRAUD,47
FRM-2026-0215,PMKVY-MH-NGP-0031,Capital Goods & Automotive,Low Light / Shadows,Corner Wide-Angle (Wall Mount),43,42,42,0,0,-1,2.3,13.2,COMPLIANT,43
FRM-2026-0216,PMKVY-MH-NGP-0031,Capital Goods & Automotive,Daylight Normal,Corner Wide-Angle (Wall Mount),43,43,44,1,0,1,0.0,13.2,COMPLIANT,51
FRM-2026-0217,PMKVY-MH-NGP-0031,Capital Goods & Automotive,Fluorescent Diffused,Corner Wide-Angle (Wall Mount),43,43,44,1,0,1,0.0,12.9,COMPLIANT,53
FRM-2026-0218,PMKVY-MH-NGP-0031,Capital Goods & Automotive,Direct Window Glare,Overhead High-Angle (Ceiling Mount),43,41,42,1,0,-1,2.3,17.5,COMPLIANT,51
FRM-2026-0219,DDU-WB-MLD-0008,IT-ITeS & Digital Services,Direct Window Glare,Frontal Eye-Level,29,28,28,0,0,-1,3.4,13.1,COMPLIANT,58
FRM-2026-0220,PMKVY-UP-GKP-0042,"Apparel, Made-Ups & Home Furnishing",Direct Window Glare,Frontal Eye-Level,35,18,17,0,1,-18,51.4,84.7,CRITICAL_FRAUD,47
FRM-2026-0221,PMKVY-RJ-JDH-0015,Green Jobs & Renewable Energy,Low Light / Shadows,Corner Wide-Angle (Wall Mount),28,28,27,0,1,-1,3.6,4.6,COMPLIANT,51
FRM-2026-0222,PMKVY-UP-GKP-0042,"Apparel, Made-Ups & Home Furnishing",Daylight Normal,Frontal Eye-Level,35,18,19,1,0,-16,45.7,80.4,CRITICAL_FRAUD,54
FRM-2026-0223,PMKVY-RJ-JDH-0015,Green Jobs & Renewable Energy,Fluorescent Diffused,Overhead High-Angle (Ceiling Mount),28,26,27,1,0,-1,3.6,15.3,COMPLIANT,47
FRM-2026-0224,PMKVY-HP-SMR-0019,Tourism & Hospitality,Daylight Normal,Corner Wide-Angle (Wall Mount),25,8,9,1,0,-16,64.0,91.3,CRITICAL_FRAUD,56
FRM-2026-0225,DDU-WB-MLD-0008,IT-ITeS & Digital Services,Low Light / Shadows,Frontal Eye-Level,29,28,27,0,1,-2,6.9,7.1,COMPLIANT,57
FRM-2026-0226,PMKVY-RJ-JDH-0015,Green Jobs & Renewable Energy,Low Light / Shadows,Frontal Eye-Level,28,26,26,0,0,-2,7.1,14.7,COMPLIANT,54
FRM-2026-0227,DDU-WB-MLD-0008,IT-ITeS & Digital Services,Direct Window Glare,Overhead High-Angle (Ceiling Mount),29,29,30,1,0,1,0.0,4.3,COMPLIANT,50
FRM-2026-0228,PMKVY-UP-GKP-0042,"Apparel, Made-Ups & Home Furnishing",Direct Window Glare,Corner Wide-Angle (Wall Mount),35,20,19,0,1,-16,45.7,91.2,CRITICAL_FRAUD,58
FRM-2026-0229,PMKVY-UP-GKP-0042,"Apparel, Made-Ups & Home Furnishing",Low Light / Shadows,Overhead High-Angle (Ceiling Mount),35,17,17,0,0,-18,51.4,94.7,CRITICAL_FRAUD,46
FRM-2026-0230,PMKVY-HP-SMR-0019,Tourism & Hospitality,Daylight Normal,Overhead High-Angle (Ceiling Mount),25,12,12,0,0,-13,52.0,94.4,CRITICAL_FRAUD,42
FRM-2026-0231,PMKVY-HP-SMR-0019,Tourism & Hospitality,Daylight Normal,Corner Wide-Angle (Wall Mount),25,10,10,0,0,-15,60.0,82.4,CRITICAL_FRAUD,44
FRM-2026-0232,PMKVY-MH-NGP-0031,Capital Goods & Automotive,Fluorescent Diffused,Overhead High-Angle (Ceiling Mount),43,42,41,0,1,-2,4.7,15.8,COMPLIANT,52
FRM-2026-0233,PMKVY-RJ-JDH-0015,Green Jobs & Renewable Energy,Fluorescent Diffused,Overhead High-Angle (Ceiling Mount),28,27,27,0,0,-1,3.6,13.5,COMPLIANT,46
FRM-2026-0234,PMKVY-HP-SMR-0019,Tourism & Hospitality,Direct Window Glare,Frontal Eye-Level,25,6,5,0,1,-20,80.0,78.4,CRITICAL_FRAUD,48
FRM-2026-0235,PMKVY-RJ-JDH-0015,Green Jobs & Renewable Energy,Direct Window Glare,Overhead High-Angle (Ceiling Mount),28,27,27,0,0,-1,3.6,7.0,COMPLIANT,43
FRM-2026-0236,PMKVY-RJ-JDH-0015,Green Jobs & Renewable Energy,Direct Window Glare,Frontal Eye-Level,28,26,26,0,0,-2,7.1,3.0,COMPLIANT,57
FRM-2026-0237,DDU-WB-MLD-0008,IT-ITeS & Digital Services,Daylight Normal,Frontal Eye-Level,29,27,28,1,0,-1,3.4,6.0,COMPLIANT,46
FRM-2026-0238,PMKVY-MH-NGP-0031,Capital Goods & Automotive,Direct Window Glare,Overhead High-Angle (Ceiling Mount),43,41,41,0,0,-2,4.7,6.0,COMPLIANT,55
FRM-2026-0239,PMKVY-RJ-JDH-0015,Green Jobs & Renewable Energy,Daylight Normal,Frontal Eye-Level,28,27,26,0,1,-2,7.1,17.7,COMPLIANT,58
FRM-2026-0240,DDU-WB-MLD-0008,IT-ITeS & Digital Services,Daylight Normal,Corner Wide-Angle (Wall Mount),29,28,27,0,1,-2,6.9,12.5,COMPLIANT,53
FRM-2026-0241,PMKVY-MH-NGP-0031,Capital Goods & Automotive,Daylight Normal,Corner Wide-Angle (Wall Mount),43,43,43,0,0,0,0.0,6.0,COMPLIANT,45
FRM-2026-0242,DDU-WB-MLD-0008,IT-ITeS & Digital Services,Low Light / Shadows,Overhead High-Angle (Ceiling Mount),29,29,29,0,0,0,0.0,15.4,COMPLIANT,47
FRM-2026-0243,PMKVY-HP-SMR-0019,Tourism & Hospitality,Direct Window Glare,Frontal Eye-Level,25,7,7,0,0,-18,72.0,79.2,CRITICAL_FRAUD,56
FRM-2026-0244,PMKVY-UP-GKP-0042,"Apparel, Made-Ups & Home Furnishing",Low Light / Shadows,Overhead High-Angle (Ceiling Mount),35,16,14,0,2,-21,60.0,83.8,CRITICAL_FRAUD,51
FRM-2026-0245,DDU-WB-MLD-0008,IT-ITeS & Digital Services,Direct Window Glare,Frontal Eye-Level,29,28,28,0,0,-1,3.4,2.6,COMPLIANT,48
FRM-2026-0246,PMKVY-MH-NGP-0031,Capital Goods & Automotive,Low Light / Shadows,Overhead High-Angle (Ceiling Mount),43,41,41,0,0,-2,4.7,4.1,COMPLIANT,53
FRM-2026-0247,PMKVY-HP-SMR-0019,Tourism & Hospitality,Direct Window Glare,Frontal Eye-Level,25,9,9,0,0,-16,64.0,84.3,CRITICAL_FRAUD,47
FRM-2026-0248,PMKVY-HP-SMR-0019,Tourism & Hospitality,Direct Window Glare,Corner Wide-Angle (Wall Mount),25,12,13,1,0,-12,48.0,82.9,CRITICAL_FRAUD,44
FRM-2026-0249,PMKVY-HP-SMR-0019,Tourism & Hospitality,Daylight Normal,Corner Wide-Angle (Wall Mount),25,10,10,0,0,-15,60.0,88.1,CRITICAL_FRAUD,52
FRM-2026-0250,PMKVY-UP-GKP-0042,"Apparel, Made-Ups & Home Furnishing",Daylight Normal,Corner Wide-Angle (Wall Mount),35,18,18,0,0,-17,48.6,86.2,CRITICAL_FRAUD,55
FRM-2026-0251,PMKVY-RJ-JDH-0015,Green Jobs & Renewable Energy,Direct Window Glare,Corner Wide-Angle (Wall Mount),28,27,26,0,1,-2,7.1,14.0,COMPLIANT,53
FRM-2026-0252,DDU-WB-MLD-0008,IT-ITeS & Digital Services,Direct Window Glare,Corner Wide-Angle (Wall Mount),29,27,26,0,1,-3,10.3,3.2,COMPLIANT,54
FRM-2026-0253,PMKVY-MH-NGP-0031,Capital Goods & Automotive,Fluorescent Diffused,Overhead High-Angle (Ceiling Mount),43,43,44,1,0,1,0.0,13.2,COMPLIANT,56
FRM-2026-0254,PMKVY-UP-GKP-0042,"Apparel, Made-Ups & Home Furnishing",Fluorescent Diffused,Overhead High-Angle (Ceiling Mount),35,17,18,1,0,-17,48.6,84.8,CRITICAL_FRAUD,54
FRM-2026-0255,DDU-WB-MLD-0008,IT-ITeS & Digital Services,Daylight Normal,Frontal Eye-Level,29,29,30,1,0,1,0.0,9.4,COMPLIANT,53
FRM-2026-0256,PMKVY-MH-NGP-0031,Capital Goods & Automotive,Direct Window Glare,Overhead High-Angle (Ceiling Mount),43,41,41,0,0,-2,4.7,10.7,COMPLIANT,54
FRM-2026-0257,PMKVY-MH-NGP-0031,Capital Goods & Automotive,Low Light / Shadows,Overhead High-Angle (Ceiling Mount),43,43,42,0,1,-1,2.3,10.2,COMPLIANT,54
FRM-2026-0258,DDU-WB-MLD-0008,IT-ITeS & Digital Services,Daylight Normal,Corner Wide-Angle (Wall Mount),29,28,29,1,0,0,0.0,9.4,COMPLIANT,51
FRM-2026-0259,PMKVY-HP-SMR-0019,Tourism & Hospitality,Fluorescent Diffused,Overhead High-Angle (Ceiling Mount),25,7,6,0,1,-19,76.0,86.4,CRITICAL_FRAUD,56
FRM-2026-0260,PMKVY-UP-GKP-0042,"Apparel, Made-Ups & Home Furnishing",Low Light / Shadows,Frontal Eye-Level,35,18,16,0,2,-19,54.3,88.2,CRITICAL_FRAUD,51
FRM-2026-0261,PMKVY-MH-NGP-0031,Capital Goods & Automotive,Fluorescent Diffused,Frontal Eye-Level,43,41,42,1,0,-1,2.3,12.5,COMPLIANT,53
FRM-2026-0262,DDU-WB-MLD-0008,IT-ITeS & Digital Services,Fluorescent Diffused,Overhead High-Angle (Ceiling Mount),29,29,29,0,0,0,0.0,5.9,COMPLIANT,57
FRM-2026-0263,PMKVY-UP-GKP-0042,"Apparel, Made-Ups & Home Furnishing",Low Light / Shadows,Frontal Eye-Level,35,20,20,0,0,-15,42.9,92.9,CRITICAL_FRAUD,46
FRM-2026-0264,DDU-WB-MLD-0008,IT-ITeS & Digital Services,Daylight Normal,Overhead High-Angle (Ceiling Mount),29,28,28,0,0,-1,3.4,18.5,COMPLIANT,57
FRM-2026-0265,DDU-WB-MLD-0008,IT-ITeS & Digital Services,Direct Window Glare,Corner Wide-Angle (Wall Mount),29,27,26,0,1,-3,10.3,4.1,COMPLIANT,52
FRM-2026-0266,PMKVY-UP-GKP-0042,"Apparel, Made-Ups & Home Furnishing",Direct Window Glare,Corner Wide-Angle (Wall Mount),35,20,20,0,0,-15,42.9,80.4,CRITICAL_FRAUD,47
FRM-2026-0267,PMKVY-RJ-JDH-0015,Green Jobs & Renewable Energy,Direct Window Glare,Frontal Eye-Level,28,28,27,0,1,-1,3.6,10.5,COMPLIANT,51
FRM-2026-0268,PMKVY-RJ-JDH-0015,Green Jobs & Renewable Energy,Fluorescent Diffused,Corner Wide-Angle (Wall Mount),28,26,26,0,0,-2,7.1,7.7,COMPLIANT,58
FRM-2026-0269,PMKVY-MH-NGP-0031,Capital Goods & Automotive,Daylight Normal,Corner Wide-Angle (Wall Mount),43,43,44,1,0,1,0.0,17.8,COMPLIANT,50
FRM-2026-0270,PMKVY-RJ-JDH-0015,Green Jobs & Renewable Energy,Low Light / Shadows,Frontal Eye-Level,28,26,25,0,1,-3,10.7,11.8,COMPLIANT,46
FRM-2026-0271,PMKVY-RJ-JDH-0015,Green Jobs & Renewable Energy,Low Light / Shadows,Frontal Eye-Level,28,28,26,0,2,-2,7.1,2.8,COMPLIANT,50
FRM-2026-0272,PMKVY-RJ-JDH-0015,Green Jobs & Renewable Energy,Direct Window Glare,Frontal Eye-Level,28,26,25,0,1,-3,10.7,10.2,COMPLIANT,51
FRM-2026-0273,PMKVY-MH-NGP-0031,Capital Goods & Automotive,Direct Window Glare,Overhead High-Angle (Ceiling Mount),43,41,41,0,0,-2,4.7,6.9,COMPLIANT,44
FRM-2026-0274,PMKVY-UP-GKP-0042,"Apparel, Made-Ups & Home Furnishing",Fluorescent Diffused,Corner Wide-Angle (Wall Mount),35,19,19,0,0,-16,45.7,86.6,CRITICAL_FRAUD,52
FRM-2026-0275,DDU-WB-MLD-0008,IT-ITeS & Digital Services,Fluorescent Diffused,Corner Wide-Angle (Wall Mount),29,27,27,0,0,-2,6.9,14.1,COMPLIANT,53
FRM-2026-0276,PMKVY-HP-SMR-0019,Tourism & Hospitality,Fluorescent Diffused,Corner Wide-Angle (Wall Mount),25,10,11,1,0,-14,56.0,80.0,CRITICAL_FRAUD,49
FRM-2026-0277,PMKVY-HP-SMR-0019,Tourism & Hospitality,Daylight Normal,Corner Wide-Angle (Wall Mount),25,9,9,0,0,-16,64.0,80.6,CRITICAL_FRAUD,43
FRM-2026-0278,PMKVY-MH-NGP-0031,Capital Goods & Automotive,Direct Window Glare,Frontal Eye-Level,43,42,42,0,0,-1,2.3,17.9,COMPLIANT,47
FRM-2026-0279,PMKVY-MH-NGP-0031,Capital Goods & Automotive,Low Light / Shadows,Overhead High-Angle (Ceiling Mount),43,43,43,0,0,0,0.0,10.2,COMPLIANT,51
FRM-2026-0280,PMKVY-HP-SMR-0019,Tourism & Hospitality,Daylight Normal,Overhead High-Angle (Ceiling Mount),25,9,10,1,0,-15,60.0,86.5,CRITICAL_FRAUD,49
FRM-2026-0281,PMKVY-RJ-JDH-0015,Green Jobs & Renewable Energy,Low Light / Shadows,Overhead High-Angle (Ceiling Mount),28,28,28,0,0,0,0.0,11.9,COMPLIANT,57
FRM-2026-0282,PMKVY-MH-NGP-0031,Capital Goods & Automotive,Daylight Normal,Overhead High-Angle (Ceiling Mount),43,42,42,0,0,-1,2.3,16.6,COMPLIANT,53
FRM-2026-0283,PMKVY-HP-SMR-0019,Tourism & Hospitality,Low Light / Shadows,Overhead High-Angle (Ceiling Mount),25,9,8,0,1,-17,68.0,84.7,CRITICAL_FRAUD,51
FRM-2026-0284,PMKVY-UP-GKP-0042,"Apparel, Made-Ups & Home Furnishing",Direct Window Glare,Frontal Eye-Level,35,19,20,1,0,-15,42.9,83.2,CRITICAL_FRAUD,45
FRM-2026-0285,PMKVY-RJ-JDH-0015,Green Jobs & Renewable Energy,Daylight Normal,Corner Wide-Angle (Wall Mount),28,27,27,0,0,-1,3.6,11.2,COMPLIANT,53
FRM-2026-0286,PMKVY-RJ-JDH-0015,Green Jobs & Renewable Energy,Fluorescent Diffused,Frontal Eye-Level,28,26,26,0,0,-2,7.1,10.3,COMPLIANT,43
FRM-2026-0287,PMKVY-UP-GKP-0042,"Apparel, Made-Ups & Home Furnishing",Fluorescent Diffused,Frontal Eye-Level,35,18,18,0,0,-17,48.6,87.6,CRITICAL_FRAUD,46
FRM-2026-0288,DDU-WB-MLD-0008,IT-ITeS & Digital Services,Fluorescent Diffused,Corner Wide-Angle (Wall Mount),29,27,27,0,0,-2,6.9,4.7,COMPLIANT,51
FRM-2026-0289,DDU-WB-MLD-0008,IT-ITeS & Digital Services,Low Light / Shadows,Frontal Eye-Level,29,27,27,0,0,-2,6.9,13.7,COMPLIANT,51
FRM-2026-0290,PMKVY-HP-SMR-0019,Tourism & Hospitality,Daylight Normal,Corner Wide-Angle (Wall Mount),25,8,9,1,0,-16,64.0,80.0,CRITICAL_FRAUD,55
FRM-2026-0291,DDU-WB-MLD-0008,IT-ITeS & Digital Services,Low Light / Shadows,Frontal Eye-Level,29,27,25,0,2,-4,13.8,11.8,COMPLIANT,50
FRM-2026-0292,DDU-WB-MLD-0008,IT-ITeS & Digital Services,Fluorescent Diffused,Frontal Eye-Level,29,29,30,1,0,1,0.0,9.9,COMPLIANT,58
FRM-2026-0293,DDU-WB-MLD-0008,IT-ITeS & Digital Services,Direct Window Glare,Overhead High-Angle (Ceiling Mount),29,27,27,0,0,-2,6.9,2.5,COMPLIANT,45
FRM-2026-0294,PMKVY-RJ-JDH-0015,Green Jobs & Renewable Energy,Daylight Normal,Corner Wide-Angle (Wall Mount),28,27,27,0,0,-1,3.6,4.5,COMPLIANT,48
FRM-2026-0295,PMKVY-HP-SMR-0019,Tourism & Hospitality,Direct Window Glare,Frontal Eye-Level,25,11,10,0,1,-15,60.0,91.1,CRITICAL_FRAUD,58
FRM-2026-0296,PMKVY-RJ-JDH-0015,Green Jobs & Renewable Energy,Low Light / Shadows,Frontal Eye-Level,28,27,27,0,0,-1,3.6,7.2,COMPLIANT,47
FRM-2026-0297,PMKVY-HP-SMR-0019,Tourism & Hospitality,Low Light / Shadows,Frontal Eye-Level,25,8,8,0,0,-17,68.0,89.3,CRITICAL_FRAUD,48
FRM-2026-0298,PMKVY-RJ-JDH-0015,Green Jobs & Renewable Energy,Low Light / Shadows,Frontal Eye-Level,28,27,27,0,0,-1,3.6,14.7,COMPLIANT,48
FRM-2026-0299,PMKVY-HP-SMR-0019,Tourism & Hospitality,Low Light / Shadows,Corner Wide-Angle (Wall Mount),25,8,8,0,0,-17,68.0,83.3,CRITICAL_FRAUD,54
FRM-2026-0300,PMKVY-HP-SMR-0019,Tourism & Hospitality,Low Light / Shadows,Overhead High-Angle (Ceiling Mount),25,8,8,0,0,-17,68.0,95.7,CRITICAL_FRAUD,44
FRM-2026-0301,PMKVY-MH-NGP-0031,Capital Goods & Automotive,Direct Window Glare,Frontal Eye-Level,43,42,43,1,0,0,0.0,9.9,COMPLIANT,48
FRM-2026-0302,DDU-WB-MLD-0008,IT-ITeS & Digital Services,Low Light / Shadows,Frontal Eye-Level,29,27,26,0,1,-3,10.3,3.8,COMPLIANT,49
FRM-2026-0303,PMKVY-RJ-JDH-0015,Green Jobs & Renewable Energy,Daylight Normal,Frontal Eye-Level,28,26,26,0,0,-2,7.1,12.5,COMPLIANT,43
FRM-2026-0304,PMKVY-UP-GKP-0042,"Apparel, Made-Ups & Home Furnishing",Direct Window Glare,Corner Wide-Angle (Wall Mount),35,19,18,0,1,-17,48.6,90.6,CRITICAL_FRAUD,46
FRM-2026-0305,PMKVY-UP-GKP-0042,"Apparel, Made-Ups & Home Furnishing",Fluorescent Diffused,Corner Wide-Angle (Wall Mount),35,19,19,0,0,-16,45.7,90.0,CRITICAL_FRAUD,51
FRM-2026-0306,PMKVY-MH-NGP-0031,Capital Goods & Automotive,Low Light / Shadows,Frontal Eye-Level,43,43,42,0,1,-1,2.3,10.8,COMPLIANT,43
FRM-2026-0307,PMKVY-RJ-JDH-0015,Green Jobs & Renewable Energy,Direct Window Glare,Overhead High-Angle (Ceiling Mount),28,28,28,0,0,0,0.0,15.0,COMPLIANT,47
FRM-2026-0308,PMKVY-MH-NGP-0031,Capital Goods & Automotive,Daylight Normal,Overhead High-Angle (Ceiling Mount),43,42,43,1,0,0,0.0,11.9,COMPLIANT,52
FRM-2026-0309,PMKVY-MH-NGP-0031,Capital Goods & Automotive,Direct Window Glare,Frontal Eye-Level,43,41,42,1,0,-1,2.3,10.1,COMPLIANT,46
FRM-2026-0310,DDU-WB-MLD-0008,IT-ITeS & Digital Services,Direct Window Glare,Corner Wide-Angle (Wall Mount),29,29,28,0,1,-1,3.4,7.5,COMPLIANT,56
FRM-2026-0311,PMKVY-MH-NGP-0031,Capital Goods & Automotive,Fluorescent Diffused,Overhead High-Angle (Ceiling Mount),43,41,41,0,0,-2,4.7,15.0,COMPLIANT,48
FRM-2026-0312,PMKVY-RJ-JDH-0015,Green Jobs & Renewable Energy,Direct Window Glare,Corner Wide-Angle (Wall Mount),28,26,26,0,0,-2,7.1,3.4,COMPLIANT,45
FRM-2026-0313,PMKVY-RJ-JDH-0015,Green Jobs & Renewable Energy,Fluorescent Diffused,Corner Wide-Angle (Wall Mount),28,27,27,0,0,-1,3.6,2.1,COMPLIANT,54
FRM-2026-0314,PMKVY-RJ-JDH-0015,Green Jobs & Renewable Energy,Direct Window Glare,Corner Wide-Angle (Wall Mount),28,27,27,0,0,-1,3.6,11.6,COMPLIANT,42
FRM-2026-0315,PMKVY-MH-NGP-0031,Capital Goods & Automotive,Low Light / Shadows,Frontal Eye-Level,43,43,41,0,2,-2,4.7,9.7,COMPLIANT,47
FRM-2026-0316,PMKVY-HP-SMR-0019,Tourism & Hospitality,Low Light / Shadows,Frontal Eye-Level,25,6,6,0,0,-19,76.0,84.8,CRITICAL_FRAUD,49
FRM-2026-0317,PMKVY-RJ-JDH-0015,Green Jobs & Renewable Energy,Fluorescent Diffused,Corner Wide-Angle (Wall Mount),28,28,28,0,0,0,0.0,14.3,COMPLIANT,53
FRM-2026-0318,PMKVY-HP-SMR-0019,Tourism & Hospitality,Direct Window Glare,Frontal Eye-Level,25,12,13,1,0,-12,48.0,93.3,CRITICAL_FRAUD,49
FRM-2026-0319,DDU-WB-MLD-0008,IT-ITeS & Digital Services,Daylight Normal,Frontal Eye-Level,29,28,29,1,0,0,0.0,13.6,COMPLIANT,44
FRM-2026-0320,DDU-WB-MLD-0008,IT-ITeS & Digital Services,Daylight Normal,Overhead High-Angle (Ceiling Mount),29,27,28,1,0,-1,3.4,5.3,COMPLIANT,46
FRM-2026-0321,PMKVY-RJ-JDH-0015,Green Jobs & Renewable Energy,Low Light / Shadows,Frontal Eye-Level,28,27,26,0,1,-2,7.1,13.8,COMPLIANT,57
FRM-2026-0322,PMKVY-UP-GKP-0042,"Apparel, Made-Ups & Home Furnishing",Direct Window Glare,Overhead High-Angle (Ceiling Mount),35,19,19,0,0,-16,45.7,87.5,CRITICAL_FRAUD,56
FRM-2026-0323,DDU-WB-MLD-0008,IT-ITeS & Digital Services,Daylight Normal,Frontal Eye-Level,29,28,29,1,0,0,0.0,15.3,COMPLIANT,42
FRM-2026-0324,PMKVY-HP-SMR-0019,Tourism & Hospitality,Low Light / Shadows,Overhead High-Angle (Ceiling Mount),25,11,9,0,2,-16,64.0,78.8,CRITICAL_FRAUD,53
FRM-2026-0325,PMKVY-UP-GKP-0042,"Apparel, Made-Ups & Home Furnishing",Daylight Normal,Overhead High-Angle (Ceiling Mount),35,19,18,0,1,-17,48.6,83.3,CRITICAL_FRAUD,47
FRM-2026-0326,PMKVY-RJ-JDH-0015,Green Jobs & Renewable Energy,Direct Window Glare,Corner Wide-Angle (Wall Mount),28,27,27,0,0,-1,3.6,16.3,COMPLIANT,54
FRM-2026-0327,PMKVY-HP-SMR-0019,Tourism & Hospitality,Daylight Normal,Frontal Eye-Level,25,11,12,1,0,-13,52.0,80.5,CRITICAL_FRAUD,53
FRM-2026-0328,PMKVY-UP-GKP-0042,"Apparel, Made-Ups & Home Furnishing",Fluorescent Diffused,Frontal Eye-Level,35,19,20,1,0,-15,42.9,80.4,CRITICAL_FRAUD,49
FRM-2026-0329,PMKVY-UP-GKP-0042,"Apparel, Made-Ups & Home Furnishing",Daylight Normal,Corner Wide-Angle (Wall Mount),35,19,20,1,0,-15,42.9,91.3,CRITICAL_FRAUD,55
FRM-2026-0330,DDU-WB-MLD-0008,IT-ITeS & Digital Services,Direct Window Glare,Overhead High-Angle (Ceiling Mount),29,29,29,0,0,0,0.0,7.7,COMPLIANT,50
FRM-2026-0331,PMKVY-RJ-JDH-0015,Green Jobs & Renewable Energy,Daylight Normal,Overhead High-Angle (Ceiling Mount),28,26,26,0,0,-2,7.1,12.1,COMPLIANT,42
FRM-2026-0332,PMKVY-RJ-JDH-0015,Green Jobs & Renewable Energy,Fluorescent Diffused,Overhead High-Angle (Ceiling Mount),28,28,29,1,0,1,0.0,2.6,COMPLIANT,43
FRM-2026-0333,PMKVY-RJ-JDH-0015,Green Jobs & Renewable Energy,Daylight Normal,Corner Wide-Angle (Wall Mount),28,27,27,0,0,-1,3.6,10.9,COMPLIANT,43
FRM-2026-0334,PMKVY-RJ-JDH-0015,Green Jobs & Renewable Energy,Low Light / Shadows,Overhead High-Angle (Ceiling Mount),28,26,26,0,0,-2,7.1,11.5,COMPLIANT,52
FRM-2026-0335,PMKVY-RJ-JDH-0015,Green Jobs & Renewable Energy,Low Light / Shadows,Overhead High-Angle (Ceiling Mount),28,26,25,0,1,-3,10.7,8.8,COMPLIANT,50
FRM-2026-0336,PMKVY-UP-GKP-0042,"Apparel, Made-Ups & Home Furnishing",Fluorescent Diffused,Frontal Eye-Level,35,19,20,1,0,-15,42.9,87.2,CRITICAL_FRAUD,53
FRM-2026-0337,PMKVY-HP-SMR-0019,Tourism & Hospitality,Low Light / Shadows,Frontal Eye-Level,25,9,8,0,1,-17,68.0,83.5,CRITICAL_FRAUD,47
FRM-2026-0338,DDU-WB-MLD-0008,IT-ITeS & Digital Services,Direct Window Glare,Overhead High-Angle (Ceiling Mount),29,29,29,0,0,0,0.0,16.1,COMPLIANT,46
FRM-2026-0339,PMKVY-HP-SMR-0019,Tourism & Hospitality,Daylight Normal,Frontal Eye-Level,25,9,9,0,0,-16,64.0,88.3,CRITICAL_FRAUD,46
FRM-2026-0340,PMKVY-HP-SMR-0019,Tourism & Hospitality,Fluorescent Diffused,Corner Wide-Angle (Wall Mount),25,7,7,0,0,-18,72.0,90.0,CRITICAL_FRAUD,56
FRM-2026-0341,PMKVY-MH-NGP-0031,Capital Goods & Automotive,Daylight Normal,Frontal Eye-Level,43,41,41,0,0,-2,4.7,2.9,COMPLIANT,54
FRM-2026-0342,DDU-WB-MLD-0008,IT-ITeS & Digital Services,Daylight Normal,Overhead High-Angle (Ceiling Mount),29,29,30,1,0,1,0.0,14.0,COMPLIANT,48
FRM-2026-0343,PMKVY-HP-SMR-0019,Tourism & Hospitality,Fluorescent Diffused,Corner Wide-Angle (Wall Mount),25,8,7,0,1,-18,72.0,81.9,CRITICAL_FRAUD,48
FRM-2026-0344,PMKVY-UP-GKP-0042,"Apparel, Made-Ups & Home Furnishing",Direct Window Glare,Overhead High-Angle (Ceiling Mount),35,20,21,1,0,-14,40.0,81.8,CRITICAL_FRAUD,49
FRM-2026-0345,DDU-WB-MLD-0008,IT-ITeS & Digital Services,Low Light / Shadows,Corner Wide-Angle (Wall Mount),29,28,28,0,0,-1,3.4,7.1,COMPLIANT,53
FRM-2026-0346,DDU-WB-MLD-0008,IT-ITeS & Digital Services,Direct Window Glare,Corner Wide-Angle (Wall Mount),29,29,30,1,0,1,0.0,9.7,COMPLIANT,52
FRM-2026-0347,PMKVY-RJ-JDH-0015,Green Jobs & Renewable Energy,Low Light / Shadows,Corner Wide-Angle (Wall Mount),28,27,26,0,1,-2,7.1,14.2,COMPLIANT,42
FRM-2026-0348,PMKVY-MH-NGP-0031,Capital Goods & Automotive,Direct Window Glare,Corner Wide-Angle (Wall Mount),43,43,43,0,0,0,0.0,7.4,COMPLIANT,54
FRM-2026-0349,DDU-WB-MLD-0008,IT-ITeS & Digital Services,Fluorescent Diffused,Corner Wide-Angle (Wall Mount),29,27,28,1,0,-1,3.4,17.6,COMPLIANT,52
FRM-2026-0350,PMKVY-MH-NGP-0031,Capital Goods & Automotive,Direct Window Glare,Frontal Eye-Level,43,41,42,1,0,-1,2.3,10.1,COMPLIANT,47
FRM-2026-0351,PMKVY-MH-NGP-0031,Capital Goods & Automotive,Fluorescent Diffused,Overhead High-Angle (Ceiling Mount),43,41,42,1,0,-1,2.3,10.1,COMPLIANT,43
FRM-2026-0352,DDU-WB-MLD-0008,IT-ITeS & Digital Services,Daylight Normal,Overhead High-Angle (Ceiling Mount),29,27,26,0,1,-3,10.3,14.6,COMPLIANT,55
FRM-2026-0353,PMKVY-RJ-JDH-0015,Green Jobs & Renewable Energy,Fluorescent Diffused,Overhead High-Angle (Ceiling Mount),28,26,26,0,0,-2,7.1,2.2,COMPLIANT,58
FRM-2026-0354,PMKVY-HP-SMR-0019,Tourism & Hospitality,Low Light / Shadows,Overhead High-Angle (Ceiling Mount),25,10,10,0,0,-15,60.0,90.2,CRITICAL_FRAUD,42
FRM-2026-0355,PMKVY-UP-GKP-0042,"Apparel, Made-Ups & Home Furnishing",Direct Window Glare,Overhead High-Angle (Ceiling Mount),35,16,17,1,0,-18,51.4,91.4,CRITICAL_FRAUD,51
FRM-2026-0356,PMKVY-UP-GKP-0042,"Apparel, Made-Ups & Home Furnishing",Direct Window Glare,Overhead High-Angle (Ceiling Mount),35,16,15,0,1,-20,57.1,87.7,CRITICAL_FRAUD,49
FRM-2026-0357,PMKVY-RJ-JDH-0015,Green Jobs & Renewable Energy,Low Light / Shadows,Corner Wide-Angle (Wall Mount),28,27,25,0,2,-3,10.7,8.2,COMPLIANT,54
FRM-2026-0358,PMKVY-HP-SMR-0019,Tourism & Hospitality,Fluorescent Diffused,Frontal Eye-Level,25,7,7,0,0,-18,72.0,90.7,CRITICAL_FRAUD,44
FRM-2026-0359,PMKVY-UP-GKP-0042,"Apparel, Made-Ups & Home Furnishing",Daylight Normal,Corner Wide-Angle (Wall Mount),35,19,19,0,0,-16,45.7,88.2,CRITICAL_FRAUD,43
FRM-2026-0360,PMKVY-UP-GKP-0042,"Apparel, Made-Ups & Home Furnishing",Fluorescent Diffused,Overhead High-Angle (Ceiling Mount),35,19,19,0,0,-16,45.7,89.9,CRITICAL_FRAUD,52
FRM-2026-0361,DDU-WB-MLD-0008,IT-ITeS & Digital Services,Daylight Normal,Frontal Eye-Level,29,29,29,0,0,0,0.0,5.5,COMPLIANT,57
FRM-2026-0362,PMKVY-MH-NGP-0031,Capital Goods & Automotive,Daylight Normal,Overhead High-Angle (Ceiling Mount),43,41,41,0,0,-2,4.7,16.8,COMPLIANT,43
FRM-2026-0363,PMKVY-RJ-JDH-0015,Green Jobs & Renewable Energy,Low Light / Shadows,Overhead High-Angle (Ceiling Mount),28,28,27,0,1,-1,3.6,14.4,COMPLIANT,54
FRM-2026-0364,PMKVY-UP-GKP-0042,"Apparel, Made-Ups & Home Furnishing",Low Light / Shadows,Overhead High-Angle (Ceiling Mount),35,20,20,0,0,-15,42.9,90.5,CRITICAL_FRAUD,52
FRM-2026-0365,PMKVY-HP-SMR-0019,Tourism & Hospitality,Fluorescent Diffused,Frontal Eye-Level,25,11,10,0,1,-15,60.0,87.3,CRITICAL_FRAUD,53
FRM-2026-0366,PMKVY-UP-GKP-0042,"Apparel, Made-Ups & Home Furnishing",Daylight Normal,Corner Wide-Angle (Wall Mount),35,17,16,0,1,-19,54.3,84.3,CRITICAL_FRAUD,54
FRM-2026-0367,PMKVY-MH-NGP-0031,Capital Goods & Automotive,Daylight Normal,Frontal Eye-Level,43,42,42,0,0,-1,2.3,10.1,COMPLIANT,53
FRM-2026-0368,DDU-WB-MLD-0008,IT-ITeS & Digital Services,Direct Window Glare,Corner Wide-Angle (Wall Mount),29,29,30,1,0,1,0.0,11.7,COMPLIANT,54
FRM-2026-0369,PMKVY-UP-GKP-0042,"Apparel, Made-Ups & Home Furnishing",Low Light / Shadows,Overhead High-Angle (Ceiling Mount),35,16,16,0,0,-19,54.3,80.9,CRITICAL_FRAUD,46
FRM-2026-0370,PMKVY-HP-SMR-0019,Tourism & Hospitality,Low Light / Shadows,Corner Wide-Angle (Wall Mount),25,6,4,0,2,-21,84.0,95.4,CRITICAL_FRAUD,56
FRM-2026-0371,PMKVY-MH-NGP-0031,Capital Goods & Automotive,Low Light / Shadows,Overhead High-Angle (Ceiling Mount),43,43,42,0,1,-1,2.3,9.1,COMPLIANT,58
FRM-2026-0372,PMKVY-HP-SMR-0019,Tourism & Hospitality,Daylight Normal,Overhead High-Angle (Ceiling Mount),25,6,6,0,0,-19,76.0,88.3,CRITICAL_FRAUD,52
FRM-2026-0373,PMKVY-HP-SMR-0019,Tourism & Hospitality,Daylight Normal,Corner Wide-Angle (Wall Mount),25,9,9,0,0,-16,64.0,92.4,CRITICAL_FRAUD,49
FRM-2026-0374,DDU-WB-MLD-0008,IT-ITeS & Digital Services,Fluorescent Diffused,Frontal Eye-Level,29,28,28,0,0,-1,3.4,4.3,COMPLIANT,51
FRM-2026-0375,PMKVY-MH-NGP-0031,Capital Goods & Automotive,Direct Window Glare,Overhead High-Angle (Ceiling Mount),43,43,43,0,0,0,0.0,9.2,COMPLIANT,55
FRM-2026-0376,PMKVY-MH-NGP-0031,Capital Goods & Automotive,Direct Window Glare,Overhead High-Angle (Ceiling Mount),43,42,42,0,0,-1,2.3,17.6,COMPLIANT,57
FRM-2026-0377,DDU-WB-MLD-0008,IT-ITeS & Digital Services,Fluorescent Diffused,Corner Wide-Angle (Wall Mount),29,29,29,0,0,0,0.0,7.0,COMPLIANT,54
FRM-2026-0378,PMKVY-MH-NGP-0031,Capital Goods & Automotive,Direct Window Glare,Corner Wide-Angle (Wall Mount),43,42,42,0,0,-1,2.3,9.1,COMPLIANT,46
FRM-2026-0379,PMKVY-MH-NGP-0031,Capital Goods & Automotive,Low Light / Shadows,Frontal Eye-Level,43,41,41,0,0,-2,4.7,7.2,COMPLIANT,54
FRM-2026-0380,PMKVY-MH-NGP-0031,Capital Goods & Automotive,Low Light / Shadows,Frontal Eye-Level,43,41,41,0,0,-2,4.7,18.0,COMPLIANT,49
FRM-2026-0381,PMKVY-MH-NGP-0031,Capital Goods & Automotive,Direct Window Glare,Corner Wide-Angle (Wall Mount),43,42,42,0,0,-1,2.3,3.9,COMPLIANT,48
FRM-2026-0382,DDU-WB-MLD-0008,IT-ITeS & Digital Services,Fluorescent Diffused,Frontal Eye-Level,29,27,26,0,1,-3,10.3,17.7,COMPLIANT,56
FRM-2026-0383,PMKVY-RJ-JDH-0015,Green Jobs & Renewable Energy,Direct Window Glare,Corner Wide-Angle (Wall Mount),28,26,25,0,1,-3,10.7,15.5,COMPLIANT,55
FRM-2026-0384,PMKVY-HP-SMR-0019,Tourism & Hospitality,Fluorescent Diffused,Frontal Eye-Level,25,8,8,0,0,-17,68.0,82.7,CRITICAL_FRAUD,46
FRM-2026-0385,PMKVY-HP-SMR-0019,Tourism & Hospitality,Direct Window Glare,Overhead High-Angle (Ceiling Mount),25,9,10,1,0,-15,60.0,86.9,CRITICAL_FRAUD,54
FRM-2026-0386,DDU-WB-MLD-0008,IT-ITeS & Digital Services,Direct Window Glare,Frontal Eye-Level,29,29,29,0,0,0,0.0,13.6,COMPLIANT,44
FRM-2026-0387,PMKVY-UP-GKP-0042,"Apparel, Made-Ups & Home Furnishing",Fluorescent Diffused,Frontal Eye-Level,35,18,18,0,0,-17,48.6,90.0,CRITICAL_FRAUD,43
FRM-2026-0388,DDU-WB-MLD-0008,IT-ITeS & Digital Services,Direct Window Glare,Corner Wide-Angle (Wall Mount),29,28,27,0,1,-2,6.9,2.2,COMPLIANT,50
FRM-2026-0389,PMKVY-RJ-JDH-0015,Green Jobs & Renewable Energy,Fluorescent Diffused,Corner Wide-Angle (Wall Mount),28,27,27,0,0,-1,3.6,9.6,COMPLIANT,58
FRM-2026-0390,PMKVY-RJ-JDH-0015,Green Jobs & Renewable Energy,Low Light / Shadows,Overhead High-Angle (Ceiling Mount),28,27,27,0,0,-1,3.6,8.9,COMPLIANT,44
FRM-2026-0391,PMKVY-UP-GKP-0042,"Apparel, Made-Ups & Home Furnishing",Fluorescent Diffused,Corner Wide-Angle (Wall Mount),35,18,18,0,0,-17,48.6,86.4,CRITICAL_FRAUD,48
FRM-2026-0392,DDU-WB-MLD-0008,IT-ITeS & Digital Services,Direct Window Glare,Corner Wide-Angle (Wall Mount),29,28,27,0,1,-2,6.9,9.2,COMPLIANT,56
FRM-2026-0393,PMKVY-MH-NGP-0031,Capital Goods & Automotive,Daylight Normal,Corner Wide-Angle (Wall Mount),43,43,44,1,0,1,0.0,3.9,COMPLIANT,52
FRM-2026-0394,PMKVY-UP-GKP-0042,"Apparel, Made-Ups & Home Furnishing",Fluorescent Diffused,Frontal Eye-Level,35,17,18,1,0,-17,48.6,81.2,CRITICAL_FRAUD,47
FRM-2026-0395,PMKVY-MH-NGP-0031,Capital Goods & Automotive,Direct Window Glare,Corner Wide-Angle (Wall Mount),43,43,43,0,0,0,0.0,12.4,COMPLIANT,47
FRM-2026-0396,PMKVY-HP-SMR-0019,Tourism & Hospitality,Direct Window Glare,Overhead High-Angle (Ceiling Mount),25,11,12,1,0,-13,52.0,94.3,CRITICAL_FRAUD,56
FRM-2026-0397,DDU-WB-MLD-0008,IT-ITeS & Digital Services,Direct Window Glare,Corner Wide-Angle (Wall Mount),29,29,30,1,0,1,0.0,5.5,COMPLIANT,50
FRM-2026-0398,PMKVY-UP-GKP-0042,"Apparel, Made-Ups & Home Furnishing",Daylight Normal,Frontal Eye-Level,35,17,17,0,0,-18,51.4,84.0,CRITICAL_FRAUD,56
FRM-2026-0399,PMKVY-UP-GKP-0042,"Apparel, Made-Ups & Home Furnishing",Low Light / Shadows,Frontal Eye-Level,35,19,19,0,0,-16,45.7,89.0,CRITICAL_FRAUD,54
FRM-2026-0400,DDU-WB-MLD-0008,IT-ITeS & Digital Services,Daylight Normal,Corner Wide-Angle (Wall Mount),29,28,28,0,0,-1,3.4,12.2,COMPLIANT,51
FRM-2026-0401,DDU-WB-MLD-0008,IT-ITeS & Digital Services,Daylight Normal,Frontal Eye-Level,29,29,29,0,0,0,0.0,3.9,COMPLIANT,51
FRM-2026-0402,PMKVY-UP-GKP-0042,"Apparel, Made-Ups & Home Furnishing",Fluorescent Diffused,Corner Wide-Angle (Wall Mount),35,17,18,1,0,-17,48.6,85.2,CRITICAL_FRAUD,46
FRM-2026-0403,DDU-WB-MLD-0008,IT-ITeS & Digital Services,Direct Window Glare,Corner Wide-Angle (Wall Mount),29,29,29,0,0,0,0.0,12.5,COMPLIANT,47
FRM-2026-0404,DDU-WB-MLD-0008,IT-ITeS & Digital Services,Fluorescent Diffused,Corner Wide-Angle (Wall Mount),29,28,28,0,0,-1,3.4,5.1,COMPLIANT,56
FRM-2026-0405,DDU-WB-MLD-0008,IT-ITeS & Digital Services,Daylight Normal,Corner Wide-Angle (Wall Mount),29,29,29,0,0,0,0.0,4.3,COMPLIANT,54
FRM-2026-0406,DDU-WB-MLD-0008,IT-ITeS & Digital Services,Direct Window Glare,Corner Wide-Angle (Wall Mount),29,27,27,0,0,-2,6.9,8.9,COMPLIANT,56
FRM-2026-0407,PMKVY-HP-SMR-0019,Tourism & Hospitality,Fluorescent Diffused,Overhead High-Angle (Ceiling Mount),25,10,9,0,1,-16,64.0,92.7,CRITICAL_FRAUD,49
FRM-2026-0408,PMKVY-MH-NGP-0031,Capital Goods & Automotive,Daylight Normal,Corner Wide-Angle (Wall Mount),43,43,44,1,0,1,0.0,6.8,COMPLIANT,56
FRM-2026-0409,DDU-WB-MLD-0008,IT-ITeS & Digital Services,Direct Window Glare,Frontal Eye-Level,29,27,26,0,1,-3,10.3,11.4,COMPLIANT,50
FRM-2026-0410,DDU-WB-MLD-0008,IT-ITeS & Digital Services,Low Light / Shadows,Frontal Eye-Level,29,29,29,0,0,0,0.0,11.0,COMPLIANT,55
FRM-2026-0411,PMKVY-UP-GKP-0042,"Apparel, Made-Ups & Home Furnishing",Fluorescent Diffused,Corner Wide-Angle (Wall Mount),35,16,16,0,0,-19,54.3,82.9,CRITICAL_FRAUD,44
FRM-2026-0412,PMKVY-HP-SMR-0019,Tourism & Hospitality,Daylight Normal,Overhead High-Angle (Ceiling Mount),25,7,8,1,0,-17,68.0,88.9,CRITICAL_FRAUD,53
FRM-2026-0413,DDU-WB-MLD-0008,IT-ITeS & Digital Services,Direct Window Glare,Overhead High-Angle (Ceiling Mount),29,27,27,0,0,-2,6.9,15.0,COMPLIANT,48
FRM-2026-0414,PMKVY-UP-GKP-0042,"Apparel, Made-Ups & Home Furnishing",Low Light / Shadows,Frontal Eye-Level,35,18,17,0,1,-18,51.4,84.0,CRITICAL_FRAUD,51
FRM-2026-0415,PMKVY-MH-NGP-0031,Capital Goods & Automotive,Low Light / Shadows,Frontal Eye-Level,43,41,40,0,1,-3,7.0,17.9,COMPLIANT,55
FRM-2026-0416,PMKVY-UP-GKP-0042,"Apparel, Made-Ups & Home Furnishing",Low Light / Shadows,Frontal Eye-Level,35,17,16,0,1,-19,54.3,82.6,CRITICAL_FRAUD,52
FRM-2026-0417,PMKVY-RJ-JDH-0015,Green Jobs & Renewable Energy,Direct Window Glare,Corner Wide-Angle (Wall Mount),28,28,29,1,0,1,0.0,12.4,COMPLIANT,55
FRM-2026-0418,PMKVY-HP-SMR-0019,Tourism & Hospitality,Direct Window Glare,Overhead High-Angle (Ceiling Mount),25,11,10,0,1,-15,60.0,85.5,CRITICAL_FRAUD,50
FRM-2026-0419,PMKVY-MH-NGP-0031,Capital Goods & Automotive,Direct Window Glare,Corner Wide-Angle (Wall Mount),43,42,43,1,0,0,0.0,2.0,COMPLIANT,44
FRM-2026-0420,PMKVY-HP-SMR-0019,Tourism & Hospitality,Low Light / Shadows,Overhead High-Angle (Ceiling Mount),25,12,12,0,0,-13,52.0,82.0,CRITICAL_FRAUD,55
FRM-2026-0421,PMKVY-RJ-JDH-0015,Green Jobs & Renewable Energy,Direct Window Glare,Corner Wide-Angle (Wall Mount),28,27,27,0,0,-1,3.6,7.6,COMPLIANT,46
FRM-2026-0422,DDU-WB-MLD-0008,IT-ITeS & Digital Services,Direct Window Glare,Corner Wide-Angle (Wall Mount),29,27,26,0,1,-3,10.3,2.8,COMPLIANT,56
FRM-2026-0423,PMKVY-UP-GKP-0042,"Apparel, Made-Ups & Home Furnishing",Daylight Normal,Overhead High-Angle (Ceiling Mount),35,19,19,0,0,-16,45.7,78.0,CRITICAL_FRAUD,55
FRM-2026-0424,PMKVY-RJ-JDH-0015,Green Jobs & Renewable Energy,Fluorescent Diffused,Frontal Eye-Level,28,27,27,0,0,-1,3.6,16.4,COMPLIANT,50
FRM-2026-0425,PMKVY-UP-GKP-0042,"Apparel, Made-Ups & Home Furnishing",Low Light / Shadows,Corner Wide-Angle (Wall Mount),35,16,15,0,1,-20,57.1,79.0,CRITICAL_FRAUD,51
FRM-2026-0426,PMKVY-RJ-JDH-0015,Green Jobs & Renewable Energy,Direct Window Glare,Frontal Eye-Level,28,28,29,1,0,1,0.0,3.6,COMPLIANT,48
FRM-2026-0427,PMKVY-HP-SMR-0019,Tourism & Hospitality,Daylight Normal,Overhead High-Angle (Ceiling Mount),25,10,10,0,0,-15,60.0,87.6,CRITICAL_FRAUD,56
FRM-2026-0428,PMKVY-UP-GKP-0042,"Apparel, Made-Ups & Home Furnishing",Daylight Normal,Frontal Eye-Level,35,18,17,0,1,-18,51.4,96.3,CRITICAL_FRAUD,55
FRM-2026-0429,PMKVY-RJ-JDH-0015,Green Jobs & Renewable Energy,Direct Window Glare,Overhead High-Angle (Ceiling Mount),28,28,28,0,0,0,0.0,3.5,COMPLIANT,45
FRM-2026-0430,PMKVY-UP-GKP-0042,"Apparel, Made-Ups & Home Furnishing",Low Light / Shadows,Corner Wide-Angle (Wall Mount),35,18,18,0,0,-17,48.6,92.3,CRITICAL_FRAUD,46
FRM-2026-0431,PMKVY-RJ-JDH-0015,Green Jobs & Renewable Energy,Daylight Normal,Frontal Eye-Level,28,26,25,0,1,-3,10.7,12.1,COMPLIANT,47
FRM-2026-0432,PMKVY-HP-SMR-0019,Tourism & Hospitality,Low Light / Shadows,Frontal Eye-Level,25,7,6,0,1,-19,76.0,95.0,CRITICAL_FRAUD,56
FRM-2026-0433,PMKVY-RJ-JDH-0015,Green Jobs & Renewable Energy,Daylight Normal,Overhead High-Angle (Ceiling Mount),28,28,27,0,1,-1,3.6,11.7,COMPLIANT,54
FRM-2026-0434,PMKVY-MH-NGP-0031,Capital Goods & Automotive,Direct Window Glare,Corner Wide-Angle (Wall Mount),43,43,43,0,0,0,0.0,6.6,COMPLIANT,44
FRM-2026-0435,PMKVY-RJ-JDH-0015,Green Jobs & Renewable Energy,Low Light / Shadows,Frontal Eye-Level,28,28,28,0,0,0,0.0,5.4,COMPLIANT,58
FRM-2026-0436,PMKVY-RJ-JDH-0015,Green Jobs & Renewable Energy,Direct Window Glare,Corner Wide-Angle (Wall Mount),28,26,25,0,1,-3,10.7,14.9,COMPLIANT,49
FRM-2026-0437,PMKVY-HP-SMR-0019,Tourism & Hospitality,Direct Window Glare,Overhead High-Angle (Ceiling Mount),25,7,7,0,0,-18,72.0,89.8,CRITICAL_FRAUD,44
FRM-2026-0438,DDU-WB-MLD-0008,IT-ITeS & Digital Services,Daylight Normal,Corner Wide-Angle (Wall Mount),29,28,28,0,0,-1,3.4,8.4,COMPLIANT,55
FRM-2026-0439,PMKVY-MH-NGP-0031,Capital Goods & Automotive,Fluorescent Diffused,Corner Wide-Angle (Wall Mount),43,43,42,0,1,-1,2.3,11.7,COMPLIANT,42
FRM-2026-0440,PMKVY-MH-NGP-0031,Capital Goods & Automotive,Fluorescent Diffused,Overhead High-Angle (Ceiling Mount),43,43,43,0,0,0,0.0,10.4,COMPLIANT,58
FRM-2026-0441,PMKVY-HP-SMR-0019,Tourism & Hospitality,Direct Window Glare,Frontal Eye-Level,25,9,8,0,1,-17,68.0,89.8,CRITICAL_FRAUD,46
FRM-2026-0442,PMKVY-MH-NGP-0031,Capital Goods & Automotive,Daylight Normal,Corner Wide-Angle (Wall Mount),43,43,44,1,0,1,0.0,17.2,COMPLIANT,46
FRM-2026-0443,DDU-WB-MLD-0008,IT-ITeS & Digital Services,Low Light / Shadows,Corner Wide-Angle (Wall Mount),29,27,25,0,2,-4,13.8,7.1,COMPLIANT,55
FRM-2026-0444,PMKVY-RJ-JDH-0015,Green Jobs & Renewable Energy,Daylight Normal,Overhead High-Angle (Ceiling Mount),28,28,28,0,0,0,0.0,3.9,COMPLIANT,43
FRM-2026-0445,PMKVY-MH-NGP-0031,Capital Goods & Automotive,Fluorescent Diffused,Overhead High-Angle (Ceiling Mount),43,43,44,1,0,1,0.0,4.3,COMPLIANT,42
FRM-2026-0446,PMKVY-RJ-JDH-0015,Green Jobs & Renewable Energy,Direct Window Glare,Corner Wide-Angle (Wall Mount),28,26,27,1,0,-1,3.6,14.9,COMPLIANT,50
FRM-2026-0447,PMKVY-RJ-JDH-0015,Green Jobs & Renewable Energy,Low Light / Shadows,Overhead High-Angle (Ceiling Mount),28,26,24,0,2,-4,14.3,14.7,COMPLIANT,42
FRM-2026-0448,PMKVY-MH-NGP-0031,Capital Goods & Automotive,Direct Window Glare,Corner Wide-Angle (Wall Mount),43,41,40,0,1,-3,7.0,6.3,COMPLIANT,44
FRM-2026-0449,PMKVY-HP-SMR-0019,Tourism & Hospitality,Direct Window Glare,Frontal Eye-Level,25,8,7,0,1,-18,72.0,87.2,CRITICAL_FRAUD,47
FRM-2026-0450,PMKVY-MH-NGP-0031,Capital Goods & Automotive,Fluorescent Diffused,Corner Wide-Angle (Wall Mount),43,43,44,1,0,1,0.0,13.1,COMPLIANT,45
FRM-2026-0451,PMKVY-RJ-JDH-0015,Green Jobs & Renewable Energy,Daylight Normal,Overhead High-Angle (Ceiling Mount),28,28,28,0,0,0,0.0,2.8,COMPLIANT,53
FRM-2026-0452,PMKVY-HP-SMR-0019,Tourism & Hospitality,Fluorescent Diffused,Overhead High-Angle (Ceiling Mount),25,12,11,0,1,-14,56.0,88.2,CRITICAL_FRAUD,55
FRM-2026-0453,PMKVY-RJ-JDH-0015,Green Jobs & Renewable Energy,Low Light / Shadows,Overhead High-Angle (Ceiling Mount),28,27,27,0,0,-1,3.6,6.5,COMPLIANT,44
FRM-2026-0454,DDU-WB-MLD-0008,IT-ITeS & Digital Services,Low Light / Shadows,Overhead High-Angle (Ceiling Mount),29,27,25,0,2,-4,13.8,5.0,COMPLIANT,58
FRM-2026-0455,PMKVY-UP-GKP-0042,"Apparel, Made-Ups & Home Furnishing",Direct Window Glare,Overhead High-Angle (Ceiling Mount),35,19,19,0,0,-16,45.7,92.3,CRITICAL_FRAUD,51
FRM-2026-0456,PMKVY-MH-NGP-0031,Capital Goods & Automotive,Daylight Normal,Frontal Eye-Level,43,42,41,0,1,-2,4.7,8.1,COMPLIANT,51
FRM-2026-0457,DDU-WB-MLD-0008,IT-ITeS & Digital Services,Low Light / Shadows,Frontal Eye-Level,29,27,27,0,0,-2,6.9,8.1,COMPLIANT,57
FRM-2026-0458,PMKVY-RJ-JDH-0015,Green Jobs & Renewable Energy,Fluorescent Diffused,Overhead High-Angle (Ceiling Mount),28,28,28,0,0,0,0.0,2.4,COMPLIANT,53
FRM-2026-0459,PMKVY-UP-GKP-0042,"Apparel, Made-Ups & Home Furnishing",Low Light / Shadows,Overhead High-Angle (Ceiling Mount),35,19,19,0,0,-16,45.7,79.9,CRITICAL_FRAUD,58
FRM-2026-0460,PMKVY-RJ-JDH-0015,Green Jobs & Renewable Energy,Direct Window Glare,Corner Wide-Angle (Wall Mount),28,28,28,0,0,0,0.0,13.7,COMPLIANT,44
FRM-2026-0461,PMKVY-UP-GKP-0042,"Apparel, Made-Ups & Home Furnishing",Fluorescent Diffused,Frontal Eye-Level,35,19,20,1,0,-15,42.9,94.6,CRITICAL_FRAUD,56
FRM-2026-0462,PMKVY-UP-GKP-0042,"Apparel, Made-Ups & Home Furnishing",Daylight Normal,Frontal Eye-Level,35,17,18,1,0,-17,48.6,93.2,CRITICAL_FRAUD,44
FRM-2026-0463,DDU-WB-MLD-0008,IT-ITeS & Digital Services,Daylight Normal,Corner Wide-Angle (Wall Mount),29,27,27,0,0,-2,6.9,5.9,COMPLIANT,50
FRM-2026-0464,PMKVY-MH-NGP-0031,Capital Goods & Automotive,Direct Window Glare,Frontal Eye-Level,43,41,41,0,0,-2,4.7,7.2,COMPLIANT,50
FRM-2026-0465,PMKVY-RJ-JDH-0015,Green Jobs & Renewable Energy,Daylight Normal,Overhead High-Angle (Ceiling Mount),28,28,29,1,0,1,0.0,3.8,COMPLIANT,45
FRM-2026-0466,PMKVY-RJ-JDH-0015,Green Jobs & Renewable Energy,Direct Window Glare,Corner Wide-Angle (Wall Mount),28,27,27,0,0,-1,3.6,4.0,COMPLIANT,53
FRM-2026-0467,PMKVY-RJ-JDH-0015,Green Jobs & Renewable Energy,Direct Window Glare,Corner Wide-Angle (Wall Mount),28,27,27,0,0,-1,3.6,16.1,COMPLIANT,44
FRM-2026-0468,PMKVY-RJ-JDH-0015,Green Jobs & Renewable Energy,Low Light / Shadows,Frontal Eye-Level,28,26,24,0,2,-4,14.3,5.5,COMPLIANT,52
FRM-2026-0469,PMKVY-RJ-JDH-0015,Green Jobs & Renewable Energy,Daylight Normal,Frontal Eye-Level,28,28,28,0,0,0,0.0,8.5,COMPLIANT,43
FRM-2026-0470,PMKVY-MH-NGP-0031,Capital Goods & Automotive,Low Light / Shadows,Overhead High-Angle (Ceiling Mount),43,43,43,0,0,0,0.0,11.2,COMPLIANT,49
FRM-2026-0471,PMKVY-UP-GKP-0042,"Apparel, Made-Ups & Home Furnishing",Direct Window Glare,Overhead High-Angle (Ceiling Mount),35,17,16,0,1,-19,54.3,78.2,CRITICAL_FRAUD,49
FRM-2026-0472,PMKVY-RJ-JDH-0015,Green Jobs & Renewable Energy,Fluorescent Diffused,Corner Wide-Angle (Wall Mount),28,27,28,1,0,0,0.0,12.4,COMPLIANT,44
FRM-2026-0473,DDU-WB-MLD-0008,IT-ITeS & Digital Services,Low Light / Shadows,Overhead High-Angle (Ceiling Mount),29,29,28,0,1,-1,3.4,16.9,COMPLIANT,56
FRM-2026-0474,PMKVY-RJ-JDH-0015,Green Jobs & Renewable Energy,Daylight Normal,Corner Wide-Angle (Wall Mount),28,28,27,0,1,-1,3.6,17.5,COMPLIANT,43
FRM-2026-0475,PMKVY-RJ-JDH-0015,Green Jobs & Renewable Energy,Direct Window Glare,Frontal Eye-Level,28,27,27,0,0,-1,3.6,2.5,COMPLIANT,55
FRM-2026-0476,PMKVY-RJ-JDH-0015,Green Jobs & Renewable Energy,Low Light / Shadows,Overhead High-Angle (Ceiling Mount),28,28,28,0,0,0,0.0,9.4,COMPLIANT,46
FRM-2026-0477,PMKVY-UP-GKP-0042,"Apparel, Made-Ups & Home Furnishing",Fluorescent Diffused,Frontal Eye-Level,35,18,18,0,0,-17,48.6,85.6,CRITICAL_FRAUD,57
FRM-2026-0478,PMKVY-UP-GKP-0042,"Apparel, Made-Ups & Home Furnishing",Daylight Normal,Corner Wide-Angle (Wall Mount),35,19,19,0,0,-16,45.7,85.8,CRITICAL_FRAUD,58
FRM-2026-0479,PMKVY-RJ-JDH-0015,Green Jobs & Renewable Energy,Daylight Normal,Corner Wide-Angle (Wall Mount),28,26,26,0,0,-2,7.1,9.9,COMPLIANT,57
FRM-2026-0480,PMKVY-MH-NGP-0031,Capital Goods & Automotive,Low Light / Shadows,Corner Wide-Angle (Wall Mount),43,42,40,0,2,-3,7.0,7.3,COMPLIANT,49
FRM-2026-0481,PMKVY-UP-GKP-0042,"Apparel, Made-Ups & Home Furnishing",Low Light / Shadows,Overhead High-Angle (Ceiling Mount),35,19,19,0,0,-16,45.7,92.2,CRITICAL_FRAUD,49
FRM-2026-0482,PMKVY-RJ-JDH-0015,Green Jobs & Renewable Energy,Daylight Normal,Overhead High-Angle (Ceiling Mount),28,26,26,0,0,-2,7.1,6.4,COMPLIANT,43
FRM-2026-0483,PMKVY-RJ-JDH-0015,Green Jobs & Renewable Energy,Direct Window Glare,Corner Wide-Angle (Wall Mount),28,28,28,0,0,0,0.0,5.9,COMPLIANT,52
FRM-2026-0484,PMKVY-MH-NGP-0031,Capital Goods & Automotive,Daylight Normal,Frontal Eye-Level,43,41,41,0,0,-2,4.7,17.6,COMPLIANT,46
FRM-2026-0485,DDU-WB-MLD-0008,IT-ITeS & Digital Services,Fluorescent Diffused,Corner Wide-Angle (Wall Mount),29,27,27,0,0,-2,6.9,4.9,COMPLIANT,43
FRM-2026-0486,PMKVY-UP-GKP-0042,"Apparel, Made-Ups & Home Furnishing",Daylight Normal,Overhead High-Angle (Ceiling Mount),35,20,20,0,0,-15,42.9,78.4,CRITICAL_FRAUD,57
FRM-2026-0487,PMKVY-UP-GKP-0042,"Apparel, Made-Ups & Home Furnishing",Low Light / Shadows,Frontal Eye-Level,35,17,17,0,0,-18,51.4,91.3,CRITICAL_FRAUD,52
FRM-2026-0488,PMKVY-UP-GKP-0042,"Apparel, Made-Ups & Home Furnishing",Daylight Normal,Overhead High-Angle (Ceiling Mount),35,20,21,1,0,-14,40.0,95.0,CRITICAL_FRAUD,45
FRM-2026-0489,DDU-WB-MLD-0008,IT-ITeS & Digital Services,Low Light / Shadows,Overhead High-Angle (Ceiling Mount),29,28,28,0,0,-1,3.4,11.7,COMPLIANT,52
FRM-2026-0490,PMKVY-MH-NGP-0031,Capital Goods & Automotive,Low Light / Shadows,Overhead High-Angle (Ceiling Mount),43,43,43,0,0,0,0.0,15.1,COMPLIANT,57
FRM-2026-0491,PMKVY-MH-NGP-0031,Capital Goods & Automotive,Fluorescent Diffused,Frontal Eye-Level,43,41,42,1,0,-1,2.3,16.7,COMPLIANT,53
FRM-2026-0492,PMKVY-RJ-JDH-0015,Green Jobs & Renewable Energy,Fluorescent Diffused,Corner Wide-Angle (Wall Mount),28,27,28,1,0,0,0.0,13.4,COMPLIANT,46
FRM-2026-0493,PMKVY-RJ-JDH-0015,Green Jobs & Renewable Energy,Daylight Normal,Frontal Eye-Level,28,26,26,0,0,-2,7.1,16.0,COMPLIANT,43
FRM-2026-0494,PMKVY-RJ-JDH-0015,Green Jobs & Renewable Energy,Low Light / Shadows,Frontal Eye-Level,28,28,26,0,2,-2,7.1,17.5,COMPLIANT,46
FRM-2026-0495,PMKVY-MH-NGP-0031,Capital Goods & Automotive,Daylight Normal,Overhead High-Angle (Ceiling Mount),43,42,42,0,0,-1,2.3,4.8,COMPLIANT,44
FRM-2026-0496,PMKVY-MH-NGP-0031,Capital Goods & Automotive,Direct Window Glare,Overhead High-Angle (Ceiling Mount),43,42,42,0,0,-1,2.3,6.1,COMPLIANT,44
FRM-2026-0497,PMKVY-MH-NGP-0031,Capital Goods & Automotive,Low Light / Shadows,Overhead High-Angle (Ceiling Mount),43,41,39,0,2,-4,9.3,8.4,COMPLIANT,55
FRM-2026-0498,PMKVY-RJ-JDH-0015,Green Jobs & Renewable Energy,Direct Window Glare,Corner Wide-Angle (Wall Mount),28,27,27,0,0,-1,3.6,11.0,COMPLIANT,45
FRM-2026-0499,PMKVY-HP-SMR-0019,Tourism & Hospitality,Fluorescent Diffused,Overhead High-Angle (Ceiling Mount),25,9,8,0,1,-17,68.0,92.8,CRITICAL_FRAUD,43
FRM-2026-0500,PMKVY-MH-NGP-0031,Capital Goods & Automotive,Daylight Normal,Corner Wide-Angle (Wall Mount),43,42,41,0,1,-2,4.7,3.2,COMPLIANT,47
FRM-2026-0501,PMKVY-HP-SMR-0019,Tourism & Hospitality,Fluorescent Diffused,Frontal Eye-Level,25,6,7,1,0,-18,72.0,95.4,CRITICAL_FRAUD,44
FRM-2026-0502,PMKVY-MH-NGP-0031,Capital Goods & Automotive,Direct Window Glare,Frontal Eye-Level,43,43,43,0,0,0,0.0,17.6,COMPLIANT,47
FRM-2026-0503,DDU-WB-MLD-0008,IT-ITeS & Digital Services,Direct Window Glare,Overhead High-Angle (Ceiling Mount),29,29,28,0,1,-1,3.4,7.5,COMPLIANT,48
FRM-2026-0504,PMKVY-HP-SMR-0019,Tourism & Hospitality,Low Light / Shadows,Frontal Eye-Level,25,8,7,0,1,-18,72.0,79.8,CRITICAL_FRAUD,54
FRM-2026-0505,DDU-WB-MLD-0008,IT-ITeS & Digital Services,Direct Window Glare,Overhead High-Angle (Ceiling Mount),29,29,29,0,0,0,0.0,2.1,COMPLIANT,44
FRM-2026-0506,PMKVY-MH-NGP-0031,Capital Goods & Automotive,Direct Window Glare,Overhead High-Angle (Ceiling Mount),43,43,42,0,1,-1,2.3,5.4,COMPLIANT,51
FRM-2026-0507,PMKVY-UP-GKP-0042,"Apparel, Made-Ups & Home Furnishing",Direct Window Glare,Overhead High-Angle (Ceiling Mount),35,18,18,0,0,-17,48.6,86.7,CRITICAL_FRAUD,50
FRM-2026-0508,PMKVY-UP-GKP-0042,"Apparel, Made-Ups & Home Furnishing",Direct Window Glare,Overhead High-Angle (Ceiling Mount),35,18,18,0,0,-17,48.6,84.8,CRITICAL_FRAUD,56
FRM-2026-0509,PMKVY-UP-GKP-0042,"Apparel, Made-Ups & Home Furnishing",Low Light / Shadows,Corner Wide-Angle (Wall Mount),35,19,18,0,1,-17,48.6,93.5,CRITICAL_FRAUD,43
FRM-2026-0510,PMKVY-RJ-JDH-0015,Green Jobs & Renewable Energy,Daylight Normal,Overhead High-Angle (Ceiling Mount),28,26,26,0,0,-2,7.1,15.3,COMPLIANT,55
FRM-2026-0511,DDU-WB-MLD-0008,IT-ITeS & Digital Services,Fluorescent Diffused,Frontal Eye-Level,29,29,29,0,0,0,0.0,15.5,COMPLIANT,55
FRM-2026-0512,DDU-WB-MLD-0008,IT-ITeS & Digital Services,Direct Window Glare,Frontal Eye-Level,29,29,29,0,0,0,0.0,6.9,COMPLIANT,54
FRM-2026-0513,PMKVY-UP-GKP-0042,"Apparel, Made-Ups & Home Furnishing",Fluorescent Diffused,Overhead High-Angle (Ceiling Mount),35,19,19,0,0,-16,45.7,95.6,CRITICAL_FRAUD,47
FRM-2026-0514,PMKVY-RJ-JDH-0015,Green Jobs & Renewable Energy,Fluorescent Diffused,Overhead High-Angle (Ceiling Mount),28,28,28,0,0,0,0.0,3.3,COMPLIANT,55
FRM-2026-0515,PMKVY-RJ-JDH-0015,Green Jobs & Renewable Energy,Fluorescent Diffused,Frontal Eye-Level,28,27,27,0,0,-1,3.6,17.0,COMPLIANT,44
FRM-2026-0516,PMKVY-UP-GKP-0042,"Apparel, Made-Ups & Home Furnishing",Direct Window Glare,Frontal Eye-Level,35,19,20,1,0,-15,42.9,84.0,CRITICAL_FRAUD,50
FRM-2026-0517,DDU-WB-MLD-0008,IT-ITeS & Digital Services,Direct Window Glare,Overhead High-Angle (Ceiling Mount),29,27,28,1,0,-1,3.4,11.7,COMPLIANT,55
FRM-2026-0518,PMKVY-UP-GKP-0042,"Apparel, Made-Ups & Home Furnishing",Direct Window Glare,Overhead High-Angle (Ceiling Mount),35,17,18,1,0,-17,48.6,88.9,CRITICAL_FRAUD,45
FRM-2026-0519,PMKVY-UP-GKP-0042,"Apparel, Made-Ups & Home Furnishing",Daylight Normal,Corner Wide-Angle (Wall Mount),35,20,20,0,0,-15,42.9,94.2,CRITICAL_FRAUD,50
FRM-2026-0520,PMKVY-HP-SMR-0019,Tourism & Hospitality,Direct Window Glare,Frontal Eye-Level,25,10,10,0,0,-15,60.0,78.7,CRITICAL_FRAUD,50
FRM-2026-0521,PMKVY-HP-SMR-0019,Tourism & Hospitality,Fluorescent Diffused,Frontal Eye-Level,25,10,11,1,0,-14,56.0,90.8,CRITICAL_FRAUD,43
FRM-2026-0522,PMKVY-HP-SMR-0019,Tourism & Hospitality,Low Light / Shadows,Frontal Eye-Level,25,7,7,0,0,-18,72.0,95.0,CRITICAL_FRAUD,53
FRM-2026-0523,PMKVY-UP-GKP-0042,"Apparel, Made-Ups & Home Furnishing",Low Light / Shadows,Corner Wide-Angle (Wall Mount),35,18,18,0,0,-17,48.6,93.9,CRITICAL_FRAUD,45
FRM-2026-0524,PMKVY-RJ-JDH-0015,Green Jobs & Renewable Energy,Fluorescent Diffused,Corner Wide-Angle (Wall Mount),28,26,26,0,0,-2,7.1,14.8,COMPLIANT,52
FRM-2026-0525,PMKVY-MH-NGP-0031,Capital Goods & Automotive,Direct Window Glare,Frontal Eye-Level,43,41,40,0,1,-3,7.0,5.1,COMPLIANT,48
FRM-2026-0526,PMKVY-HP-SMR-0019,Tourism & Hospitality,Direct Window Glare,Frontal Eye-Level,25,12,12,0,0,-13,52.0,93.2,CRITICAL_FRAUD,58
FRM-2026-0527,PMKVY-RJ-JDH-0015,Green Jobs & Renewable Energy,Daylight Normal,Corner Wide-Angle (Wall Mount),28,26,27,1,0,-1,3.6,8.7,COMPLIANT,58
FRM-2026-0528,DDU-WB-MLD-0008,IT-ITeS & Digital Services,Daylight Normal,Overhead High-Angle (Ceiling Mount),29,29,29,0,0,0,0.0,15.8,COMPLIANT,49
FRM-2026-0529,PMKVY-UP-GKP-0042,"Apparel, Made-Ups & Home Furnishing",Direct Window Glare,Overhead High-Angle (Ceiling Mount),35,18,19,1,0,-16,45.7,81.7,CRITICAL_FRAUD,53
FRM-2026-0530,PMKVY-HP-SMR-0019,Tourism & Hospitality,Direct Window Glare,Frontal Eye-Level,25,6,7,1,0,-18,72.0,78.6,CRITICAL_FRAUD,53
FRM-2026-0531,PMKVY-HP-SMR-0019,Tourism & Hospitality,Direct Window Glare,Overhead High-Angle (Ceiling Mount),25,12,12,0,0,-13,52.0,88.9,CRITICAL_FRAUD,53
FRM-2026-0532,PMKVY-MH-NGP-0031,Capital Goods & Automotive,Fluorescent Diffused,Corner Wide-Angle (Wall Mount),43,41,42,1,0,-1,2.3,3.5,COMPLIANT,42
FRM-2026-0533,PMKVY-HP-SMR-0019,Tourism & Hospitality,Daylight Normal,Overhead High-Angle (Ceiling Mount),25,12,13,1,0,-12,48.0,92.4,CRITICAL_FRAUD,48
FRM-2026-0534,PMKVY-RJ-JDH-0015,Green Jobs & Renewable Energy,Fluorescent Diffused,Frontal Eye-Level,28,28,28,0,0,0,0.0,12.8,COMPLIANT,58
FRM-2026-0535,PMKVY-UP-GKP-0042,"Apparel, Made-Ups & Home Furnishing",Daylight Normal,Corner Wide-Angle (Wall Mount),35,17,18,1,0,-17,48.6,81.2,CRITICAL_FRAUD,42
FRM-2026-0536,PMKVY-RJ-JDH-0015,Green Jobs & Renewable Energy,Low Light / Shadows,Frontal Eye-Level,28,27,27,0,0,-1,3.6,9.0,COMPLIANT,54
FRM-2026-0537,PMKVY-MH-NGP-0031,Capital Goods & Automotive,Direct Window Glare,Corner Wide-Angle (Wall Mount),43,43,43,0,0,0,0.0,7.0,COMPLIANT,58
FRM-2026-0538,DDU-WB-MLD-0008,IT-ITeS & Digital Services,Direct Window Glare,Frontal Eye-Level,29,29,28,0,1,-1,3.4,10.4,COMPLIANT,53
FRM-2026-0539,DDU-WB-MLD-0008,IT-ITeS & Digital Services,Low Light / Shadows,Corner Wide-Angle (Wall Mount),29,27,27,0,0,-2,6.9,3.1,COMPLIANT,50
FRM-2026-0540,PMKVY-MH-NGP-0031,Capital Goods & Automotive,Low Light / Shadows,Corner Wide-Angle (Wall Mount),43,41,41,0,0,-2,4.7,5.1,COMPLIANT,58
FRM-2026-0541,PMKVY-RJ-JDH-0015,Green Jobs & Renewable Energy,Daylight Normal,Frontal Eye-Level,28,27,28,1,0,0,0.0,7.3,COMPLIANT,46
FRM-2026-0542,PMKVY-UP-GKP-0042,"Apparel, Made-Ups & Home Furnishing",Direct Window Glare,Corner Wide-Angle (Wall Mount),35,18,18,0,0,-17,48.6,85.5,CRITICAL_FRAUD,43
FRM-2026-0543,DDU-WB-MLD-0008,IT-ITeS & Digital Services,Fluorescent Diffused,Corner Wide-Angle (Wall Mount),29,27,28,1,0,-1,3.4,5.7,COMPLIANT,57
FRM-2026-0544,PMKVY-MH-NGP-0031,Capital Goods & Automotive,Low Light / Shadows,Overhead High-Angle (Ceiling Mount),43,41,40,0,1,-3,7.0,6.8,COMPLIANT,57
FRM-2026-0545,PMKVY-RJ-JDH-0015,Green Jobs & Renewable Energy,Low Light / Shadows,Frontal Eye-Level,28,26,26,0,0,-2,7.1,12.8,COMPLIANT,49
FRM-2026-0546,PMKVY-MH-NGP-0031,Capital Goods & Automotive,Fluorescent Diffused,Frontal Eye-Level,43,42,42,0,0,-1,2.3,15.0,COMPLIANT,52
FRM-2026-0547,PMKVY-MH-NGP-0031,Capital Goods & Automotive,Low Light / Shadows,Frontal Eye-Level,43,42,40,0,2,-3,7.0,9.8,COMPLIANT,44
FRM-2026-0548,PMKVY-HP-SMR-0019,Tourism & Hospitality,Fluorescent Diffused,Frontal Eye-Level,25,6,7,1,0,-18,72.0,85.1,CRITICAL_FRAUD,51
FRM-2026-0549,PMKVY-HP-SMR-0019,Tourism & Hospitality,Daylight Normal,Overhead High-Angle (Ceiling Mount),25,7,7,0,0,-18,72.0,84.3,CRITICAL_FRAUD,56
FRM-2026-0550,PMKVY-RJ-JDH-0015,Green Jobs & Renewable Energy,Low Light / Shadows,Frontal Eye-Level,28,28,28,0,0,0,0.0,7.5,COMPLIANT,47
FRM-2026-0551,PMKVY-MH-NGP-0031,Capital Goods & Automotive,Daylight Normal,Overhead High-Angle (Ceiling Mount),43,42,42,0,0,-1,2.3,5.5,COMPLIANT,47
FRM-2026-0552,DDU-WB-MLD-0008,IT-ITeS & Digital Services,Fluorescent Diffused,Corner Wide-Angle (Wall Mount),29,29,29,0,0,0,0.0,12.1,COMPLIANT,55
FRM-2026-0553,PMKVY-HP-SMR-0019,Tourism & Hospitality,Direct Window Glare,Corner Wide-Angle (Wall Mount),25,9,8,0,1,-17,68.0,78.7,CRITICAL_FRAUD,48
FRM-2026-0554,PMKVY-MH-NGP-0031,Capital Goods & Automotive,Daylight Normal,Corner Wide-Angle (Wall Mount),43,41,41,0,0,-2,4.7,2.3,COMPLIANT,42
FRM-2026-0555,PMKVY-RJ-JDH-0015,Green Jobs & Renewable Energy,Fluorescent Diffused,Frontal Eye-Level,28,27,27,0,0,-1,3.6,4.1,COMPLIANT,54
FRM-2026-0556,DDU-WB-MLD-0008,IT-ITeS & Digital Services,Low Light / Shadows,Overhead High-Angle (Ceiling Mount),29,29,29,0,0,0,0.0,17.6,COMPLIANT,56
FRM-2026-0557,DDU-WB-MLD-0008,IT-ITeS & Digital Services,Low Light / Shadows,Corner Wide-Angle (Wall Mount),29,27,27,0,0,-2,6.9,18.4,COMPLIANT,57
FRM-2026-0558,PMKVY-MH-NGP-0031,Capital Goods & Automotive,Fluorescent Diffused,Overhead High-Angle (Ceiling Mount),43,42,41,0,1,-2,4.7,5.8,COMPLIANT,46
FRM-2026-0559,PMKVY-RJ-JDH-0015,Green Jobs & Renewable Energy,Daylight Normal,Frontal Eye-Level,28,26,26,0,0,-2,7.1,4.0,COMPLIANT,43
FRM-2026-0560,PMKVY-HP-SMR-0019,Tourism & Hospitality,Low Light / Shadows,Frontal Eye-Level,25,10,8,0,2,-17,68.0,90.2,CRITICAL_FRAUD,42
FRM-2026-0561,PMKVY-UP-GKP-0042,"Apparel, Made-Ups & Home Furnishing",Daylight Normal,Corner Wide-Angle (Wall Mount),35,19,19,0,0,-16,45.7,80.3,CRITICAL_FRAUD,50
FRM-2026-0562,PMKVY-HP-SMR-0019,Tourism & Hospitality,Fluorescent Diffused,Overhead High-Angle (Ceiling Mount),25,11,12,1,0,-13,52.0,89.7,CRITICAL_FRAUD,51
FRM-2026-0563,PMKVY-HP-SMR-0019,Tourism & Hospitality,Daylight Normal,Frontal Eye-Level,25,10,10,0,0,-15,60.0,89.5,CRITICAL_FRAUD,46
FRM-2026-0564,PMKVY-HP-SMR-0019,Tourism & Hospitality,Daylight Normal,Frontal Eye-Level,25,11,12,1,0,-13,52.0,80.2,CRITICAL_FRAUD,45
FRM-2026-0565,PMKVY-UP-GKP-0042,"Apparel, Made-Ups & Home Furnishing",Direct Window Glare,Overhead High-Angle (Ceiling Mount),35,20,20,0,0,-15,42.9,92.4,CRITICAL_FRAUD,58
FRM-2026-0566,PMKVY-RJ-JDH-0015,Green Jobs & Renewable Energy,Low Light / Shadows,Frontal Eye-Level,28,27,26,0,1,-2,7.1,2.7,COMPLIANT,57
FRM-2026-0567,PMKVY-RJ-JDH-0015,Green Jobs & Renewable Energy,Direct Window Glare,Corner Wide-Angle (Wall Mount),28,28,27,0,1,-1,3.6,2.2,COMPLIANT,44
FRM-2026-0568,PMKVY-UP-GKP-0042,"Apparel, Made-Ups & Home Furnishing",Direct Window Glare,Overhead High-Angle (Ceiling Mount),35,16,17,1,0,-18,51.4,79.4,CRITICAL_FRAUD,45
FRM-2026-0569,PMKVY-MH-NGP-0031,Capital Goods & Automotive,Fluorescent Diffused,Corner Wide-Angle (Wall Mount),43,42,42,0,0,-1,2.3,9.7,COMPLIANT,45
FRM-2026-0570,PMKVY-RJ-JDH-0015,Green Jobs & Renewable Energy,Daylight Normal,Corner Wide-Angle (Wall Mount),28,27,28,1,0,0,0.0,7.2,COMPLIANT,45
FRM-2026-0571,PMKVY-UP-GKP-0042,"Apparel, Made-Ups & Home Furnishing",Daylight Normal,Overhead High-Angle (Ceiling Mount),35,17,18,1,0,-17,48.6,90.0,CRITICAL_FRAUD,52
FRM-2026-0572,PMKVY-MH-NGP-0031,Capital Goods & Automotive,Direct Window Glare,Frontal Eye-Level,43,42,43,1,0,0,0.0,3.5,COMPLIANT,52
FRM-2026-0573,PMKVY-RJ-JDH-0015,Green Jobs & Renewable Energy,Daylight Normal,Corner Wide-Angle (Wall Mount),28,27,27,0,0,-1,3.6,6.5,COMPLIANT,54
FRM-2026-0574,PMKVY-HP-SMR-0019,Tourism & Hospitality,Direct Window Glare,Frontal Eye-Level,25,12,12,0,0,-13,52.0,80.1,CRITICAL_FRAUD,43
FRM-2026-0575,PMKVY-RJ-JDH-0015,Green Jobs & Renewable Energy,Daylight Normal,Corner Wide-Angle (Wall Mount),28,26,26,0,0,-2,7.1,15.2,COMPLIANT,56
FRM-2026-0576,PMKVY-RJ-JDH-0015,Green Jobs & Renewable Energy,Direct Window Glare,Corner Wide-Angle (Wall Mount),28,26,25,0,1,-3,10.7,16.2,COMPLIANT,46
FRM-2026-0577,PMKVY-HP-SMR-0019,Tourism & Hospitality,Direct Window Glare,Overhead High-Angle (Ceiling Mount),25,9,9,0,0,-16,64.0,78.9,CRITICAL_FRAUD,50
FRM-2026-0578,PMKVY-MH-NGP-0031,Capital Goods & Automotive,Daylight Normal,Frontal Eye-Level,43,41,42,1,0,-1,2.3,14.7,COMPLIANT,49
FRM-2026-0579,PMKVY-MH-NGP-0031,Capital Goods & Automotive,Daylight Normal,Corner Wide-Angle (Wall Mount),43,41,42,1,0,-1,2.3,6.1,COMPLIANT,53
FRM-2026-0580,PMKVY-HP-SMR-0019,Tourism & Hospitality,Fluorescent Diffused,Frontal Eye-Level,25,10,9,0,1,-16,64.0,78.2,CRITICAL_FRAUD,47
FRM-2026-0581,DDU-WB-MLD-0008,IT-ITeS & Digital Services,Direct Window Glare,Corner Wide-Angle (Wall Mount),29,29,28,0,1,-1,3.4,14.4,COMPLIANT,52
FRM-2026-0582,PMKVY-RJ-JDH-0015,Green Jobs & Renewable Energy,Low Light / Shadows,Corner Wide-Angle (Wall Mount),28,28,27,0,1,-1,3.6,11.1,COMPLIANT,54
FRM-2026-0583,PMKVY-HP-SMR-0019,Tourism & Hospitality,Fluorescent Diffused,Overhead High-Angle (Ceiling Mount),25,9,9,0,0,-16,64.0,92.8,CRITICAL_FRAUD,56
FRM-2026-0584,PMKVY-UP-GKP-0042,"Apparel, Made-Ups & Home Furnishing",Direct Window Glare,Corner Wide-Angle (Wall Mount),35,18,17,0,1,-18,51.4,96.1,CRITICAL_FRAUD,42
FRM-2026-0585,PMKVY-UP-GKP-0042,"Apparel, Made-Ups & Home Furnishing",Direct Window Glare,Corner Wide-Angle (Wall Mount),35,16,17,1,0,-18,51.4,88.2,CRITICAL_FRAUD,44
FRM-2026-0586,DDU-WB-MLD-0008,IT-ITeS & Digital Services,Low Light / Shadows,Frontal Eye-Level,29,27,27,0,0,-2,6.9,17.7,COMPLIANT,53
FRM-2026-0587,PMKVY-UP-GKP-0042,"Apparel, Made-Ups & Home Furnishing",Fluorescent Diffused,Corner Wide-Angle (Wall Mount),35,18,19,1,0,-16,45.7,92.2,CRITICAL_FRAUD,57
FRM-2026-0588,PMKVY-MH-NGP-0031,Capital Goods & Automotive,Direct Window Glare,Overhead High-Angle (Ceiling Mount),43,43,44,1,0,1,0.0,5.7,COMPLIANT,52
FRM-2026-0589,PMKVY-MH-NGP-0031,Capital Goods & Automotive,Low Light / Shadows,Frontal Eye-Level,43,41,39,0,2,-4,9.3,2.8,COMPLIANT,47
FRM-2026-0590,PMKVY-HP-SMR-0019,Tourism & Hospitality,Fluorescent Diffused,Frontal Eye-Level,25,11,12,1,0,-13,52.0,85.6,CRITICAL_FRAUD,50
FRM-2026-0591,DDU-WB-MLD-0008,IT-ITeS & Digital Services,Fluorescent Diffused,Overhead High-Angle (Ceiling Mount),29,29,29,0,0,0,0.0,5.6,COMPLIANT,48
FRM-2026-0592,PMKVY-MH-NGP-0031,Capital Goods & Automotive,Daylight Normal,Corner Wide-Angle (Wall Mount),43,43,44,1,0,1,0.0,15.8,COMPLIANT,45
FRM-2026-0593,PMKVY-HP-SMR-0019,Tourism & Hospitality,Direct Window Glare,Frontal Eye-Level,25,10,11,1,0,-14,56.0,80.5,CRITICAL_FRAUD,57
FRM-2026-0594,PMKVY-UP-GKP-0042,"Apparel, Made-Ups & Home Furnishing",Daylight Normal,Frontal Eye-Level,35,19,20,1,0,-15,42.9,86.9,CRITICAL_FRAUD,58
FRM-2026-0595,PMKVY-RJ-JDH-0015,Green Jobs & Renewable Energy,Fluorescent Diffused,Frontal Eye-Level,28,28,27,0,1,-1,3.6,8.4,COMPLIANT,52
FRM-2026-0596,DDU-WB-MLD-0008,IT-ITeS & Digital Services,Direct Window Glare,Corner Wide-Angle (Wall Mount),29,27,28,1,0,-1,3.4,14.6,COMPLIANT,50
FRM-2026-0597,PMKVY-HP-SMR-0019,Tourism & Hospitality,Low Light / Shadows,Corner Wide-Angle (Wall Mount),25,9,8,0,1,-17,68.0,85.6,CRITICAL_FRAUD,58
FRM-2026-0598,PMKVY-MH-NGP-0031,Capital Goods & Automotive,Low Light / Shadows,Frontal Eye-Level,43,41,40,0,1,-3,7.0,5.3,COMPLIANT,51
FRM-2026-0599,PMKVY-MH-NGP-0031,Capital Goods & Automotive,Fluorescent Diffused,Frontal Eye-Level,43,41,41,0,0,-2,4.7,10.3,COMPLIANT,52
FRM-2026-0600,PMKVY-UP-GKP-0042,"Apparel, Made-Ups & Home Furnishing",Low Light / Shadows,Frontal Eye-Level,35,19,19,0,0,-16,45.7,90.5,CRITICAL_FRAUD,51
FRM-2026-0601,PMKVY-HP-SMR-0019,Tourism & Hospitality,Daylight Normal,Frontal Eye-Level,25,6,5,0,1,-20,80.0,85.0,CRITICAL_FRAUD,43
FRM-2026-0602,PMKVY-UP-GKP-0042,"Apparel, Made-Ups & Home Furnishing",Fluorescent Diffused,Corner Wide-Angle (Wall Mount),35,17,17,0,0,-18,51.4,90.6,CRITICAL_FRAUD,46
FRM-2026-0603,PMKVY-UP-GKP-0042,"Apparel, Made-Ups & Home Furnishing",Low Light / Shadows,Overhead High-Angle (Ceiling Mount),35,20,20,0,0,-15,42.9,93.1,CRITICAL_FRAUD,45
FRM-2026-0604,DDU-WB-MLD-0008,IT-ITeS & Digital Services,Fluorescent Diffused,Frontal Eye-Level,29,27,28,1,0,-1,3.4,8.4,COMPLIANT,58
FRM-2026-0605,PMKVY-MH-NGP-0031,Capital Goods & Automotive,Daylight Normal,Corner Wide-Angle (Wall Mount),43,42,42,0,0,-1,2.3,17.8,COMPLIANT,52
FRM-2026-0606,DDU-WB-MLD-0008,IT-ITeS & Digital Services,Daylight Normal,Overhead High-Angle (Ceiling Mount),29,27,27,0,0,-2,6.9,5.4,COMPLIANT,56
FRM-2026-0607,PMKVY-RJ-JDH-0015,Green Jobs & Renewable Energy,Low Light / Shadows,Frontal Eye-Level,28,26,25,0,1,-3,10.7,14.8,COMPLIANT,48
FRM-2026-0608,PMKVY-MH-NGP-0031,Capital Goods & Automotive,Direct Window Glare,Overhead High-Angle (Ceiling Mount),43,41,40,0,1,-3,7.0,5.1,COMPLIANT,47
FRM-2026-0609,DDU-WB-MLD-0008,IT-ITeS & Digital Services,Daylight Normal,Corner Wide-Angle (Wall Mount),29,29,29,0,0,0,0.0,6.6,COMPLIANT,50
FRM-2026-0610,PMKVY-RJ-JDH-0015,Green Jobs & Renewable Energy,Fluorescent Diffused,Frontal Eye-Level,28,27,26,0,1,-2,7.1,7.5,COMPLIANT,46
FRM-2026-0611,PMKVY-UP-GKP-0042,"Apparel, Made-Ups & Home Furnishing",Fluorescent Diffused,Corner Wide-Angle (Wall Mount),35,20,19,0,1,-16,45.7,92.3,CRITICAL_FRAUD,51
FRM-2026-0612,PMKVY-HP-SMR-0019,Tourism & Hospitality,Low Light / Shadows,Overhead High-Angle (Ceiling Mount),25,12,12,0,0,-13,52.0,87.7,CRITICAL_FRAUD,47
FRM-2026-0613,DDU-WB-MLD-0008,IT-ITeS & Digital Services,Daylight Normal,Frontal Eye-Level,29,29,29,0,0,0,0.0,11.0,COMPLIANT,54
FRM-2026-0614,PMKVY-UP-GKP-0042,"Apparel, Made-Ups & Home Furnishing",Low Light / Shadows,Overhead High-Angle (Ceiling Mount),35,17,17,0,0,-18,51.4,84.1,CRITICAL_FRAUD,51
FRM-2026-0615,PMKVY-RJ-JDH-0015,Green Jobs & Renewable Energy,Direct Window Glare,Frontal Eye-Level,28,26,25,0,1,-3,10.7,3.9,COMPLIANT,53
FRM-2026-0616,PMKVY-HP-SMR-0019,Tourism & Hospitality,Fluorescent Diffused,Frontal Eye-Level,25,10,11,1,0,-14,56.0,82.5,CRITICAL_FRAUD,43
FRM-2026-0617,PMKVY-MH-NGP-0031,Capital Goods & Automotive,Direct Window Glare,Overhead High-Angle (Ceiling Mount),43,42,42,0,0,-1,2.3,10.9,COMPLIANT,51
FRM-2026-0618,PMKVY-UP-GKP-0042,"Apparel, Made-Ups & Home Furnishing",Low Light / Shadows,Frontal Eye-Level,35,20,20,0,0,-15,42.9,78.8,CRITICAL_FRAUD,48
FRM-2026-0619,PMKVY-MH-NGP-0031,Capital Goods & Automotive,Daylight Normal,Overhead High-Angle (Ceiling Mount),43,43,44,1,0,1,0.0,10.8,COMPLIANT,44
FRM-2026-0620,PMKVY-RJ-JDH-0015,Green Jobs & Renewable Energy,Fluorescent Diffused,Frontal Eye-Level,28,27,26,0,1,-2,7.1,5.4,COMPLIANT,55
FRM-2026-0621,PMKVY-UP-GKP-0042,"Apparel, Made-Ups & Home Furnishing",Fluorescent Diffused,Overhead High-Angle (Ceiling Mount),35,19,20,1,0,-15,42.9,84.1,CRITICAL_FRAUD,44
FRM-2026-0622,PMKVY-UP-GKP-0042,"Apparel, Made-Ups & Home Furnishing",Daylight Normal,Overhead High-Angle (Ceiling Mount),35,18,19,1,0,-16,45.7,79.3,CRITICAL_FRAUD,49
FRM-2026-0623,PMKVY-MH-NGP-0031,Capital Goods & Automotive,Direct Window Glare,Corner Wide-Angle (Wall Mount),43,42,43,1,0,0,0.0,8.7,COMPLIANT,52
FRM-2026-0624,PMKVY-UP-GKP-0042,"Apparel, Made-Ups & Home Furnishing",Direct Window Glare,Frontal Eye-Level,35,16,17,1,0,-18,51.4,78.1,CRITICAL_FRAUD,44
FRM-2026-0625,DDU-WB-MLD-0008,IT-ITeS & Digital Services,Daylight Normal,Frontal Eye-Level,29,29,29,0,0,0,0.0,17.3,COMPLIANT,45
FRM-2026-0626,PMKVY-MH-NGP-0031,Capital Goods & Automotive,Low Light / Shadows,Frontal Eye-Level,43,43,43,0,0,0,0.0,8.3,COMPLIANT,42
FRM-2026-0627,PMKVY-HP-SMR-0019,Tourism & Hospitality,Fluorescent Diffused,Frontal Eye-Level,25,7,7,0,0,-18,72.0,91.8,CRITICAL_FRAUD,51
FRM-2026-0628,PMKVY-RJ-JDH-0015,Green Jobs & Renewable Energy,Low Light / Shadows,Frontal Eye-Level,28,26,26,0,0,-2,7.1,17.8,COMPLIANT,42
FRM-2026-0629,DDU-WB-MLD-0008,IT-ITeS & Digital Services,Fluorescent Diffused,Overhead High-Angle (Ceiling Mount),29,29,28,0,1,-1,3.4,11.4,COMPLIANT,54
FRM-2026-0630,DDU-WB-MLD-0008,IT-ITeS & Digital Services,Daylight Normal,Corner Wide-Angle (Wall Mount),29,29,30,1,0,1,0.0,14.2,COMPLIANT,53
FRM-2026-0631,PMKVY-RJ-JDH-0015,Green Jobs & Renewable Energy,Direct Window Glare,Frontal Eye-Level,28,26,26,0,0,-2,7.1,4.7,COMPLIANT,49
FRM-2026-0632,DDU-WB-MLD-0008,IT-ITeS & Digital Services,Low Light / Shadows,Overhead High-Angle (Ceiling Mount),29,29,27,0,2,-2,6.9,16.0,COMPLIANT,56
FRM-2026-0633,DDU-WB-MLD-0008,IT-ITeS & Digital Services,Daylight Normal,Corner Wide-Angle (Wall Mount),29,27,26,0,1,-3,10.3,6.1,COMPLIANT,48
FRM-2026-0634,DDU-WB-MLD-0008,IT-ITeS & Digital Services,Direct Window Glare,Corner Wide-Angle (Wall Mount),29,28,28,0,0,-1,3.4,13.1,COMPLIANT,49
FRM-2026-0635,PMKVY-UP-GKP-0042,"Apparel, Made-Ups & Home Furnishing",Low Light / Shadows,Frontal Eye-Level,35,16,16,0,0,-19,54.3,87.0,CRITICAL_FRAUD,52
FRM-2026-0636,DDU-WB-MLD-0008,IT-ITeS & Digital Services,Low Light / Shadows,Frontal Eye-Level,29,27,27,0,0,-2,6.9,15.3,COMPLIANT,55
FRM-2026-0637,PMKVY-RJ-JDH-0015,Green Jobs & Renewable Energy,Daylight Normal,Corner Wide-Angle (Wall Mount),28,28,28,0,0,0,0.0,13.8,COMPLIANT,55
FRM-2026-0638,PMKVY-MH-NGP-0031,Capital Goods & Automotive,Low Light / Shadows,Overhead High-Angle (Ceiling Mount),43,41,41,0,0,-2,4.7,16.5,COMPLIANT,56
FRM-2026-0639,PMKVY-HP-SMR-0019,Tourism & Hospitality,Low Light / Shadows,Corner Wide-Angle (Wall Mount),25,9,7,0,2,-18,72.0,81.3,CRITICAL_FRAUD,44
FRM-2026-0640,PMKVY-MH-NGP-0031,Capital Goods & Automotive,Fluorescent Diffused,Frontal Eye-Level,43,43,43,0,0,0,0.0,14.1,COMPLIANT,44
FRM-2026-0641,PMKVY-UP-GKP-0042,"Apparel, Made-Ups & Home Furnishing",Daylight Normal,Frontal Eye-Level,35,16,17,1,0,-18,51.4,88.7,CRITICAL_FRAUD,48
FRM-2026-0642,PMKVY-UP-GKP-0042,"Apparel, Made-Ups & Home Furnishing",Low Light / Shadows,Frontal Eye-Level,35,20,19,0,1,-16,45.7,84.8,CRITICAL_FRAUD,49
FRM-2026-0643,DDU-WB-MLD-0008,IT-ITeS & Digital Services,Low Light / Shadows,Overhead High-Angle (Ceiling Mount),29,28,26,0,2,-3,10.3,8.5,COMPLIANT,58
FRM-2026-0644,PMKVY-UP-GKP-0042,"Apparel, Made-Ups & Home Furnishing",Fluorescent Diffused,Frontal Eye-Level,35,17,18,1,0,-17,48.6,80.6,CRITICAL_FRAUD,47
FRM-2026-0645,PMKVY-RJ-JDH-0015,Green Jobs & Renewable Energy,Fluorescent Diffused,Frontal Eye-Level,28,26,26,0,0,-2,7.1,17.5,COMPLIANT,43
FRM-2026-0646,PMKVY-RJ-JDH-0015,Green Jobs & Renewable Energy,Direct Window Glare,Overhead High-Angle (Ceiling Mount),28,28,28,0,0,0,0.0,8.1,COMPLIANT,43
FRM-2026-0647,PMKVY-RJ-JDH-0015,Green Jobs & Renewable Energy,Low Light / Shadows,Corner Wide-Angle (Wall Mount),28,27,25,0,2,-3,10.7,2.7,COMPLIANT,52
FRM-2026-0648,PMKVY-UP-GKP-0042,"Apparel, Made-Ups & Home Furnishing",Low Light / Shadows,Frontal Eye-Level,35,18,17,0,1,-18,51.4,85.0,CRITICAL_FRAUD,54
FRM-2026-0649,PMKVY-MH-NGP-0031,Capital Goods & Automotive,Daylight Normal,Frontal Eye-Level,43,42,42,0,0,-1,2.3,18.0,COMPLIANT,49
FRM-2026-0650,DDU-WB-MLD-0008,IT-ITeS & Digital Services,Direct Window Glare,Corner Wide-Angle (Wall Mount),29,28,28,0,0,-1,3.4,15.1,COMPLIANT,42
FRM-2026-0651,DDU-WB-MLD-0008,IT-ITeS & Digital Services,Fluorescent Diffused,Corner Wide-Angle (Wall Mount),29,29,29,0,0,0,0.0,3.3,COMPLIANT,50
FRM-2026-0652,PMKVY-RJ-JDH-0015,Green Jobs & Renewable Energy,Fluorescent Diffused,Overhead High-Angle (Ceiling Mount),28,28,28,0,0,0,0.0,11.9,COMPLIANT,45
FRM-2026-0653,PMKVY-RJ-JDH-0015,Green Jobs & Renewable Energy,Direct Window Glare,Corner Wide-Angle (Wall Mount),28,26,25,0,1,-3,10.7,9.9,COMPLIANT,57
FRM-2026-0654,PMKVY-HP-SMR-0019,Tourism & Hospitality,Fluorescent Diffused,Frontal Eye-Level,25,7,8,1,0,-17,68.0,93.4,CRITICAL_FRAUD,42
FRM-2026-0655,PMKVY-RJ-JDH-0015,Green Jobs & Renewable Energy,Daylight Normal,Overhead High-Angle (Ceiling Mount),28,26,27,1,0,-1,3.6,4.7,COMPLIANT,58
FRM-2026-0656,PMKVY-UP-GKP-0042,"Apparel, Made-Ups & Home Furnishing",Fluorescent Diffused,Overhead High-Angle (Ceiling Mount),35,17,17,0,0,-18,51.4,95.1,CRITICAL_FRAUD,58
FRM-2026-0657,PMKVY-HP-SMR-0019,Tourism & Hospitality,Daylight Normal,Frontal Eye-Level,25,11,12,1,0,-13,52.0,93.2,CRITICAL_FRAUD,44
FRM-2026-0658,PMKVY-RJ-JDH-0015,Green Jobs & Renewable Energy,Direct Window Glare,Frontal Eye-Level,28,27,27,0,0,-1,3.6,4.8,COMPLIANT,55
FRM-2026-0659,DDU-WB-MLD-0008,IT-ITeS & Digital Services,Fluorescent Diffused,Frontal Eye-Level,29,29,30,1,0,1,0.0,12.9,COMPLIANT,50
FRM-2026-0660,PMKVY-RJ-JDH-0015,Green Jobs & Renewable Energy,Low Light / Shadows,Corner Wide-Angle (Wall Mount),28,26,24,0,2,-4,14.3,5.8,COMPLIANT,54
FRM-2026-0661,PMKVY-RJ-JDH-0015,Green Jobs & Renewable Energy,Daylight Normal,Overhead High-Angle (Ceiling Mount),28,28,29,1,0,1,0.0,16.2,COMPLIANT,58
FRM-2026-0662,PMKVY-HP-SMR-0019,Tourism & Hospitality,Fluorescent Diffused,Frontal Eye-Level,25,6,6,0,0,-19,76.0,86.8,CRITICAL_FRAUD,43
FRM-2026-0663,DDU-WB-MLD-0008,IT-ITeS & Digital Services,Daylight Normal,Overhead High-Angle (Ceiling Mount),29,28,29,1,0,0,0.0,4.2,COMPLIANT,42
FRM-2026-0664,PMKVY-HP-SMR-0019,Tourism & Hospitality,Direct Window Glare,Corner Wide-Angle (Wall Mount),25,12,11,0,1,-14,56.0,90.9,CRITICAL_FRAUD,55
FRM-2026-0665,PMKVY-RJ-JDH-0015,Green Jobs & Renewable Energy,Direct Window Glare,Corner Wide-Angle (Wall Mount),28,27,28,1,0,0,0.0,15.3,COMPLIANT,45
FRM-2026-0666,PMKVY-HP-SMR-0019,Tourism & Hospitality,Fluorescent Diffused,Corner Wide-Angle (Wall Mount),25,9,9,0,0,-16,64.0,94.8,CRITICAL_FRAUD,44
FRM-2026-0667,PMKVY-MH-NGP-0031,Capital Goods & Automotive,Direct Window Glare,Corner Wide-Angle (Wall Mount),43,43,42,0,1,-1,2.3,13.7,COMPLIANT,42
FRM-2026-0668,DDU-WB-MLD-0008,IT-ITeS & Digital Services,Daylight Normal,Frontal Eye-Level,29,29,29,0,0,0,0.0,12.8,COMPLIANT,52
FRM-2026-0669,PMKVY-HP-SMR-0019,Tourism & Hospitality,Low Light / Shadows,Overhead High-Angle (Ceiling Mount),25,7,7,0,0,-18,72.0,82.8,CRITICAL_FRAUD,55
FRM-2026-0670,DDU-WB-MLD-0008,IT-ITeS & Digital Services,Low Light / Shadows,Frontal Eye-Level,29,28,28,0,0,-1,3.4,14.5,COMPLIANT,55
FRM-2026-0671,DDU-WB-MLD-0008,IT-ITeS & Digital Services,Direct Window Glare,Overhead High-Angle (Ceiling Mount),29,28,29,1,0,0,0.0,11.2,COMPLIANT,50
FRM-2026-0672,PMKVY-MH-NGP-0031,Capital Goods & Automotive,Low Light / Shadows,Frontal Eye-Level,43,42,41,0,1,-2,4.7,16.1,COMPLIANT,45
FRM-2026-0673,PMKVY-RJ-JDH-0015,Green Jobs & Renewable Energy,Direct Window Glare,Frontal Eye-Level,28,28,27,0,1,-1,3.6,5.5,COMPLIANT,54
FRM-2026-0674,PMKVY-MH-NGP-0031,Capital Goods & Automotive,Daylight Normal,Overhead High-Angle (Ceiling Mount),43,42,43,1,0,0,0.0,2.1,COMPLIANT,44
FRM-2026-0675,PMKVY-RJ-JDH-0015,Green Jobs & Renewable Energy,Direct Window Glare,Frontal Eye-Level,28,27,26,0,1,-2,7.1,3.1,COMPLIANT,49
FRM-2026-0676,PMKVY-MH-NGP-0031,Capital Goods & Automotive,Daylight Normal,Frontal Eye-Level,43,43,44,1,0,1,0.0,8.3,COMPLIANT,54
FRM-2026-0677,DDU-WB-MLD-0008,IT-ITeS & Digital Services,Low Light / Shadows,Frontal Eye-Level,29,27,26,0,1,-3,10.3,12.6,COMPLIANT,56
FRM-2026-0678,PMKVY-UP-GKP-0042,"Apparel, Made-Ups & Home Furnishing",Fluorescent Diffused,Frontal Eye-Level,35,20,20,0,0,-15,42.9,81.6,CRITICAL_FRAUD,58
FRM-2026-0679,DDU-WB-MLD-0008,IT-ITeS & Digital Services,Fluorescent Diffused,Frontal Eye-Level,29,29,30,1,0,1,0.0,2.6,COMPLIANT,49
FRM-2026-0680,PMKVY-UP-GKP-0042,"Apparel, Made-Ups & Home Furnishing",Fluorescent Diffused,Overhead High-Angle (Ceiling Mount),35,18,18,0,0,-17,48.6,84.5,CRITICAL_FRAUD,54
FRM-2026-0681,PMKVY-HP-SMR-0019,Tourism & Hospitality,Fluorescent Diffused,Frontal Eye-Level,25,6,7,1,0,-18,72.0,91.0,CRITICAL_FRAUD,44
FRM-2026-0682,DDU-WB-MLD-0008,IT-ITeS & Digital Services,Low Light / Shadows,Frontal Eye-Level,29,27,27,0,0,-2,6.9,7.7,COMPLIANT,50
FRM-2026-0683,PMKVY-RJ-JDH-0015,Green Jobs & Renewable Energy,Fluorescent Diffused,Corner Wide-Angle (Wall Mount),28,27,28,1,0,0,0.0,2.1,COMPLIANT,47
FRM-2026-0684,PMKVY-HP-SMR-0019,Tourism & Hospitality,Daylight Normal,Frontal Eye-Level,25,6,7,1,0,-18,72.0,83.4,CRITICAL_FRAUD,45
FRM-2026-0685,DDU-WB-MLD-0008,IT-ITeS & Digital Services,Low Light / Shadows,Frontal Eye-Level,29,27,27,0,0,-2,6.9,17.9,COMPLIANT,57
FRM-2026-0686,PMKVY-RJ-JDH-0015,Green Jobs & Renewable Energy,Low Light / Shadows,Corner Wide-Angle (Wall Mount),28,26,24,0,2,-4,14.3,10.0,COMPLIANT,50
FRM-2026-0687,PMKVY-UP-GKP-0042,"Apparel, Made-Ups & Home Furnishing",Direct Window Glare,Frontal Eye-Level,35,17,18,1,0,-17,48.6,91.0,CRITICAL_FRAUD,52
FRM-2026-0688,PMKVY-HP-SMR-0019,Tourism & Hospitality,Low Light / Shadows,Frontal Eye-Level,25,10,10,0,0,-15,60.0,82.6,CRITICAL_FRAUD,44
FRM-2026-0689,PMKVY-HP-SMR-0019,Tourism & Hospitality,Low Light / Shadows,Overhead High-Angle (Ceiling Mount),25,10,10,0,0,-15,60.0,83.8,CRITICAL_FRAUD,48
FRM-2026-0690,DDU-WB-MLD-0008,IT-ITeS & Digital Services,Low Light / Shadows,Overhead High-Angle (Ceiling Mount),29,27,26,0,1,-3,10.3,10.2,COMPLIANT,48
FRM-2026-0691,PMKVY-RJ-JDH-0015,Green Jobs & Renewable Energy,Fluorescent Diffused,Corner Wide-Angle (Wall Mount),28,28,28,0,0,0,0.0,5.3,COMPLIANT,49
FRM-2026-0692,DDU-WB-MLD-0008,IT-ITeS & Digital Services,Low Light / Shadows,Overhead High-Angle (Ceiling Mount),29,29,27,0,2,-2,6.9,13.2,COMPLIANT,57
FRM-2026-0693,DDU-WB-MLD-0008,IT-ITeS & Digital Services,Daylight Normal,Frontal Eye-Level,29,29,29,0,0,0,0.0,8.1,COMPLIANT,52
FRM-2026-0694,PMKVY-HP-SMR-0019,Tourism & Hospitality,Low Light / Shadows,Corner Wide-Angle (Wall Mount),25,7,7,0,0,-18,72.0,85.4,CRITICAL_FRAUD,46
FRM-2026-0695,PMKVY-UP-GKP-0042,"Apparel, Made-Ups & Home Furnishing",Direct Window Glare,Corner Wide-Angle (Wall Mount),35,20,19,0,1,-16,45.7,87.3,CRITICAL_FRAUD,54
FRM-2026-0696,PMKVY-RJ-JDH-0015,Green Jobs & Renewable Energy,Direct Window Glare,Overhead High-Angle (Ceiling Mount),28,26,27,1,0,-1,3.6,9.6,COMPLIANT,42
FRM-2026-0697,PMKVY-UP-GKP-0042,"Apparel, Made-Ups & Home Furnishing",Fluorescent Diffused,Corner Wide-Angle (Wall Mount),35,20,19,0,1,-16,45.7,84.0,CRITICAL_FRAUD,50
FRM-2026-0698,PMKVY-RJ-JDH-0015,Green Jobs & Renewable Energy,Low Light / Shadows,Overhead High-Angle (Ceiling Mount),28,27,27,0,0,-1,3.6,8.0,COMPLIANT,57
FRM-2026-0699,PMKVY-HP-SMR-0019,Tourism & Hospitality,Fluorescent Diffused,Corner Wide-Angle (Wall Mount),25,11,11,0,0,-14,56.0,84.8,CRITICAL_FRAUD,54
FRM-2026-0700,PMKVY-MH-NGP-0031,Capital Goods & Automotive,Direct Window Glare,Overhead High-Angle (Ceiling Mount),43,41,41,0,0,-2,4.7,18.2,COMPLIANT,49
FRM-2026-0701,PMKVY-UP-GKP-0042,"Apparel, Made-Ups & Home Furnishing",Low Light / Shadows,Overhead High-Angle (Ceiling Mount),35,20,20,0,0,-15,42.9,81.6,CRITICAL_FRAUD,46
FRM-2026-0702,PMKVY-HP-SMR-0019,Tourism & Hospitality,Daylight Normal,Overhead High-Angle (Ceiling Mount),25,9,9,0,0,-16,64.0,80.5,CRITICAL_FRAUD,58
FRM-2026-0703,DDU-WB-MLD-0008,IT-ITeS & Digital Services,Low Light / Shadows,Corner Wide-Angle (Wall Mount),29,28,26,0,2,-3,10.3,8.6,COMPLIANT,47
FRM-2026-0704,PMKVY-UP-GKP-0042,"Apparel, Made-Ups & Home Furnishing",Fluorescent Diffused,Corner Wide-Angle (Wall Mount),35,19,20,1,0,-15,42.9,79.8,CRITICAL_FRAUD,52
FRM-2026-0705,PMKVY-MH-NGP-0031,Capital Goods & Automotive,Low Light / Shadows,Corner Wide-Angle (Wall Mount),43,41,41,0,0,-2,4.7,7.7,COMPLIANT,55
FRM-2026-0706,PMKVY-UP-GKP-0042,"Apparel, Made-Ups & Home Furnishing",Low Light / Shadows,Frontal Eye-Level,35,20,19,0,1,-16,45.7,96.1,CRITICAL_FRAUD,51
FRM-2026-0707,PMKVY-MH-NGP-0031,Capital Goods & Automotive,Low Light / Shadows,Frontal Eye-Level,43,41,41,0,0,-2,4.7,16.7,COMPLIANT,54
FRM-2026-0708,DDU-WB-MLD-0008,IT-ITeS & Digital Services,Low Light / Shadows,Corner Wide-Angle (Wall Mount),29,27,26,0,1,-3,10.3,12.6,COMPLIANT,52
FRM-2026-0709,PMKVY-HP-SMR-0019,Tourism & Hospitality,Direct Window Glare,Overhead High-Angle (Ceiling Mount),25,6,6,0,0,-19,76.0,84.4,CRITICAL_FRAUD,52
FRM-2026-0710,PMKVY-MH-NGP-0031,Capital Goods & Automotive,Low Light / Shadows,Frontal Eye-Level,43,42,42,0,0,-1,2.3,6.5,COMPLIANT,56
FRM-2026-0711,PMKVY-MH-NGP-0031,Capital Goods & Automotive,Direct Window Glare,Corner Wide-Angle (Wall Mount),43,43,43,0,0,0,0.0,16.1,COMPLIANT,46
FRM-2026-0712,PMKVY-RJ-JDH-0015,Green Jobs & Renewable Energy,Low Light / Shadows,Frontal Eye-Level,28,26,24,0,2,-4,14.3,5.5,COMPLIANT,54
FRM-2026-0713,PMKVY-UP-GKP-0042,"Apparel, Made-Ups & Home Furnishing",Daylight Normal,Overhead High-Angle (Ceiling Mount),35,19,20,1,0,-15,42.9,79.0,CRITICAL_FRAUD,54
FRM-2026-0714,DDU-WB-MLD-0008,IT-ITeS & Digital Services,Daylight Normal,Overhead High-Angle (Ceiling Mount),29,28,29,1,0,0,0.0,4.6,COMPLIANT,54
FRM-2026-0715,PMKVY-MH-NGP-0031,Capital Goods & Automotive,Fluorescent Diffused,Overhead High-Angle (Ceiling Mount),43,41,41,0,0,-2,4.7,9.3,COMPLIANT,46
FRM-2026-0716,PMKVY-RJ-JDH-0015,Green Jobs & Renewable Energy,Fluorescent Diffused,Overhead High-Angle (Ceiling Mount),28,28,29,1,0,1,0.0,7.9,COMPLIANT,52
FRM-2026-0717,PMKVY-HP-SMR-0019,Tourism & Hospitality,Direct Window Glare,Frontal Eye-Level,25,8,9,1,0,-16,64.0,86.2,CRITICAL_FRAUD,47
FRM-2026-0718,DDU-WB-MLD-0008,IT-ITeS & Digital Services,Direct Window Glare,Frontal Eye-Level,29,27,28,1,0,-1,3.4,16.5,COMPLIANT,55
FRM-2026-0719,DDU-WB-MLD-0008,IT-ITeS & Digital Services,Low Light / Shadows,Corner Wide-Angle (Wall Mount),29,28,27,0,1,-2,6.9,15.3,COMPLIANT,56
FRM-2026-0720,PMKVY-MH-NGP-0031,Capital Goods & Automotive,Low Light / Shadows,Corner Wide-Angle (Wall Mount),43,42,42,0,0,-1,2.3,2.2,COMPLIANT,58
FRM-2026-0721,PMKVY-RJ-JDH-0015,Green Jobs & Renewable Energy,Low Light / Shadows,Corner Wide-Angle (Wall Mount),28,27,25,0,2,-3,10.7,13.3,COMPLIANT,57
FRM-2026-0722,PMKVY-HP-SMR-0019,Tourism & Hospitality,Low Light / Shadows,Overhead High-Angle (Ceiling Mount),25,12,12,0,0,-13,52.0,89.0,CRITICAL_FRAUD,42
FRM-2026-0723,DDU-WB-MLD-0008,IT-ITeS & Digital Services,Low Light / Shadows,Overhead High-Angle (Ceiling Mount),29,28,28,0,0,-1,3.4,8.5,COMPLIANT,47
FRM-2026-0724,PMKVY-HP-SMR-0019,Tourism & Hospitality,Direct Window Glare,Overhead High-Angle (Ceiling Mount),25,8,7,0,1,-18,72.0,85.8,CRITICAL_FRAUD,49
FRM-2026-0725,DDU-WB-MLD-0008,IT-ITeS & Digital Services,Low Light / Shadows,Corner Wide-Angle (Wall Mount),29,27,27,0,0,-2,6.9,8.8,COMPLIANT,44
FRM-2026-0726,PMKVY-RJ-JDH-0015,Green Jobs & Renewable Energy,Fluorescent Diffused,Corner Wide-Angle (Wall Mount),28,28,29,1,0,1,0.0,9.5,COMPLIANT,56
FRM-2026-0727,PMKVY-MH-NGP-0031,Capital Goods & Automotive,Direct Window Glare,Overhead High-Angle (Ceiling Mount),43,42,41,0,1,-2,4.7,4.5,COMPLIANT,42
FRM-2026-0728,PMKVY-RJ-JDH-0015,Green Jobs & Renewable Energy,Daylight Normal,Corner Wide-Angle (Wall Mount),28,27,27,0,0,-1,3.6,13.8,COMPLIANT,42
FRM-2026-0729,PMKVY-RJ-JDH-0015,Green Jobs & Renewable Energy,Daylight Normal,Overhead High-Angle (Ceiling Mount),28,28,28,0,0,0,0.0,5.6,COMPLIANT,55
FRM-2026-0730,PMKVY-MH-NGP-0031,Capital Goods & Automotive,Direct Window Glare,Corner Wide-Angle (Wall Mount),43,42,43,1,0,0,0.0,15.1,COMPLIANT,52
FRM-2026-0731,PMKVY-UP-GKP-0042,"Apparel, Made-Ups & Home Furnishing",Fluorescent Diffused,Overhead High-Angle (Ceiling Mount),35,18,18,0,0,-17,48.6,79.3,CRITICAL_FRAUD,57
FRM-2026-0732,PMKVY-RJ-JDH-0015,Green Jobs & Renewable Energy,Fluorescent Diffused,Corner Wide-Angle (Wall Mount),28,27,26,0,1,-2,7.1,4.0,COMPLIANT,49
FRM-2026-0733,PMKVY-HP-SMR-0019,Tourism & Hospitality,Direct Window Glare,Overhead High-Angle (Ceiling Mount),25,11,10,0,1,-15,60.0,81.7,CRITICAL_FRAUD,45
FRM-2026-0734,DDU-WB-MLD-0008,IT-ITeS & Digital Services,Fluorescent Diffused,Corner Wide-Angle (Wall Mount),29,28,29,1,0,0,0.0,17.9,COMPLIANT,52
FRM-2026-0735,PMKVY-RJ-JDH-0015,Green Jobs & Renewable Energy,Daylight Normal,Frontal Eye-Level,28,26,27,1,0,-1,3.6,4.0,COMPLIANT,57
FRM-2026-0736,PMKVY-MH-NGP-0031,Capital Goods & Automotive,Fluorescent Diffused,Corner Wide-Angle (Wall Mount),43,43,44,1,0,1,0.0,5.6,COMPLIANT,45
FRM-2026-0737,PMKVY-RJ-JDH-0015,Green Jobs & Renewable Energy,Direct Window Glare,Corner Wide-Angle (Wall Mount),28,28,28,0,0,0,0.0,15.1,COMPLIANT,45
FRM-2026-0738,PMKVY-HP-SMR-0019,Tourism & Hospitality,Fluorescent Diffused,Overhead High-Angle (Ceiling Mount),25,6,7,1,0,-18,72.0,92.5,CRITICAL_FRAUD,57
FRM-2026-0739,DDU-WB-MLD-0008,IT-ITeS & Digital Services,Fluorescent Diffused,Corner Wide-Angle (Wall Mount),29,29,29,0,0,0,0.0,4.6,COMPLIANT,44
FRM-2026-0740,DDU-WB-MLD-0008,IT-ITeS & Digital Services,Low Light / Shadows,Frontal Eye-Level,29,29,29,0,0,0,0.0,12.6,COMPLIANT,45
FRM-2026-0741,PMKVY-RJ-JDH-0015,Green Jobs & Renewable Energy,Direct Window Glare,Overhead High-Angle (Ceiling Mount),28,27,28,1,0,0,0.0,15.0,COMPLIANT,53
FRM-2026-0742,PMKVY-HP-SMR-0019,Tourism & Hospitality,Fluorescent Diffused,Overhead High-Angle (Ceiling Mount),25,11,11,0,0,-14,56.0,84.6,CRITICAL_FRAUD,46
FRM-2026-0743,PMKVY-MH-NGP-0031,Capital Goods & Automotive,Daylight Normal,Corner Wide-Angle (Wall Mount),43,41,41,0,0,-2,4.7,11.2,COMPLIANT,57
FRM-2026-0744,PMKVY-RJ-JDH-0015,Green Jobs & Renewable Energy,Fluorescent Diffused,Frontal Eye-Level,28,27,27,0,0,-1,3.6,14.1,COMPLIANT,50
FRM-2026-0745,DDU-WB-MLD-0008,IT-ITeS & Digital Services,Fluorescent Diffused,Overhead High-Angle (Ceiling Mount),29,27,27,0,0,-2,6.9,9.4,COMPLIANT,50
FRM-2026-0746,DDU-WB-MLD-0008,IT-ITeS & Digital Services,Low Light / Shadows,Corner Wide-Angle (Wall Mount),29,29,29,0,0,0,0.0,14.1,COMPLIANT,42
FRM-2026-0747,DDU-WB-MLD-0008,IT-ITeS & Digital Services,Low Light / Shadows,Frontal Eye-Level,29,29,27,0,2,-2,6.9,12.9,COMPLIANT,54
FRM-2026-0748,PMKVY-RJ-JDH-0015,Green Jobs & Renewable Energy,Direct Window Glare,Frontal Eye-Level,28,28,29,1,0,1,0.0,6.7,COMPLIANT,55
FRM-2026-0749,PMKVY-MH-NGP-0031,Capital Goods & Automotive,Daylight Normal,Overhead High-Angle (Ceiling Mount),43,41,42,1,0,-1,2.3,3.1,COMPLIANT,46
FRM-2026-0750,PMKVY-RJ-JDH-0015,Green Jobs & Renewable Energy,Daylight Normal,Overhead High-Angle (Ceiling Mount),28,28,28,0,0,0,0.0,5.2,COMPLIANT,43
FRM-2026-0751,DDU-WB-MLD-0008,IT-ITeS & Digital Services,Direct Window Glare,Frontal Eye-Level,29,28,29,1,0,0,0.0,12.3,COMPLIANT,50
FRM-2026-0752,PMKVY-UP-GKP-0042,"Apparel, Made-Ups & Home Furnishing",Low Light / Shadows,Overhead High-Angle (Ceiling Mount),35,20,18,0,2,-17,48.6,78.2,CRITICAL_FRAUD,48
FRM-2026-0753,PMKVY-HP-SMR-0019,Tourism & Hospitality,Daylight Normal,Corner Wide-Angle (Wall Mount),25,12,13,1,0,-12,48.0,79.1,CRITICAL_FRAUD,55
FRM-2026-0754,PMKVY-MH-NGP-0031,Capital Goods & Automotive,Daylight Normal,Frontal Eye-Level,43,42,43,1,0,0,0.0,2.7,COMPLIANT,44
FRM-2026-0755,PMKVY-MH-NGP-0031,Capital Goods & Automotive,Daylight Normal,Overhead High-Angle (Ceiling Mount),43,41,40,0,1,-3,7.0,3.7,COMPLIANT,49
FRM-2026-0756,DDU-WB-MLD-0008,IT-ITeS & Digital Services,Direct Window Glare,Overhead High-Angle (Ceiling Mount),29,29,30,1,0,1,0.0,12.8,COMPLIANT,47
FRM-2026-0757,DDU-WB-MLD-0008,IT-ITeS & Digital Services,Direct Window Glare,Frontal Eye-Level,29,29,30,1,0,1,0.0,11.5,COMPLIANT,56
FRM-2026-0758,PMKVY-HP-SMR-0019,Tourism & Hospitality,Daylight Normal,Overhead High-Angle (Ceiling Mount),25,12,12,0,0,-13,52.0,88.2,CRITICAL_FRAUD,58
FRM-2026-0759,PMKVY-MH-NGP-0031,Capital Goods & Automotive,Fluorescent Diffused,Frontal Eye-Level,43,41,41,0,0,-2,4.7,17.4,COMPLIANT,52
FRM-2026-0760,DDU-WB-MLD-0008,IT-ITeS & Digital Services,Low Light / Shadows,Corner Wide-Angle (Wall Mount),29,28,28,0,0,-1,3.4,15.6,COMPLIANT,52
FRM-2026-0761,DDU-WB-MLD-0008,IT-ITeS & Digital Services,Fluorescent Diffused,Frontal Eye-Level,29,27,27,0,0,-2,6.9,8.2,COMPLIANT,50
FRM-2026-0762,PMKVY-MH-NGP-0031,Capital Goods & Automotive,Direct Window Glare,Corner Wide-Angle (Wall Mount),43,42,41,0,1,-2,4.7,14.0,COMPLIANT,51
FRM-2026-0763,DDU-WB-MLD-0008,IT-ITeS & Digital Services,Daylight Normal,Frontal Eye-Level,29,29,29,0,0,0,0.0,2.1,COMPLIANT,49
FRM-2026-0764,PMKVY-RJ-JDH-0015,Green Jobs & Renewable Energy,Low Light / Shadows,Overhead High-Angle (Ceiling Mount),28,26,25,0,1,-3,10.7,3.6,COMPLIANT,56
FRM-2026-0765,PMKVY-MH-NGP-0031,Capital Goods & Automotive,Fluorescent Diffused,Overhead High-Angle (Ceiling Mount),43,42,42,0,0,-1,2.3,16.7,COMPLIANT,49
FRM-2026-0766,PMKVY-RJ-JDH-0015,Green Jobs & Renewable Energy,Low Light / Shadows,Corner Wide-Angle (Wall Mount),28,28,28,0,0,0,0.0,11.4,COMPLIANT,48
FRM-2026-0767,PMKVY-UP-GKP-0042,"Apparel, Made-Ups & Home Furnishing",Low Light / Shadows,Corner Wide-Angle (Wall Mount),35,17,15,0,2,-20,57.1,89.0,CRITICAL_FRAUD,51
FRM-2026-0768,PMKVY-UP-GKP-0042,"Apparel, Made-Ups & Home Furnishing",Direct Window Glare,Overhead High-Angle (Ceiling Mount),35,16,16,0,0,-19,54.3,84.4,CRITICAL_FRAUD,55
FRM-2026-0769,PMKVY-HP-SMR-0019,Tourism & Hospitality,Daylight Normal,Overhead High-Angle (Ceiling Mount),25,11,12,1,0,-13,52.0,93.7,CRITICAL_FRAUD,42
FRM-2026-0770,PMKVY-HP-SMR-0019,Tourism & Hospitality,Daylight Normal,Corner Wide-Angle (Wall Mount),25,10,9,0,1,-16,64.0,83.9,CRITICAL_FRAUD,46
FRM-2026-0771,PMKVY-MH-NGP-0031,Capital Goods & Automotive,Fluorescent Diffused,Overhead High-Angle (Ceiling Mount),43,43,44,1,0,1,0.0,14.1,COMPLIANT,54
FRM-2026-0772,PMKVY-HP-SMR-0019,Tourism & Hospitality,Daylight Normal,Overhead High-Angle (Ceiling Mount),25,9,9,0,0,-16,64.0,92.5,CRITICAL_FRAUD,46
FRM-2026-0773,PMKVY-RJ-JDH-0015,Green Jobs & Renewable Energy,Low Light / Shadows,Overhead High-Angle (Ceiling Mount),28,27,25,0,2,-3,10.7,11.0,COMPLIANT,50
FRM-2026-0774,PMKVY-UP-GKP-0042,"Apparel, Made-Ups & Home Furnishing",Direct Window Glare,Frontal Eye-Level,35,19,20,1,0,-15,42.9,80.4,CRITICAL_FRAUD,46
FRM-2026-0775,PMKVY-HP-SMR-0019,Tourism & Hospitality,Fluorescent Diffused,Corner Wide-Angle (Wall Mount),25,9,10,1,0,-15,60.0,88.6,CRITICAL_FRAUD,58
FRM-2026-0776,PMKVY-RJ-JDH-0015,Green Jobs & Renewable Energy,Fluorescent Diffused,Overhead High-Angle (Ceiling Mount),28,27,27,0,0,-1,3.6,7.3,COMPLIANT,44
FRM-2026-0777,PMKVY-UP-GKP-0042,"Apparel, Made-Ups & Home Furnishing",Direct Window Glare,Corner Wide-Angle (Wall Mount),35,18,18,0,0,-17,48.6,81.5,CRITICAL_FRAUD,53
FRM-2026-0778,DDU-WB-MLD-0008,IT-ITeS & Digital Services,Daylight Normal,Corner Wide-Angle (Wall Mount),29,29,29,0,0,0,0.0,12.2,COMPLIANT,56
FRM-2026-0779,DDU-WB-MLD-0008,IT-ITeS & Digital Services,Fluorescent Diffused,Corner Wide-Angle (Wall Mount),29,29,29,0,0,0,0.0,5.3,COMPLIANT,53
FRM-2026-0780,PMKVY-RJ-JDH-0015,Green Jobs & Renewable Energy,Daylight Normal,Overhead High-Angle (Ceiling Mount),28,26,25,0,1,-3,10.7,6.0,COMPLIANT,46
FRM-2026-0781,PMKVY-MH-NGP-0031,Capital Goods & Automotive,Daylight Normal,Corner Wide-Angle (Wall Mount),43,41,40,0,1,-3,7.0,7.0,COMPLIANT,57
FRM-2026-0782,PMKVY-UP-GKP-0042,"Apparel, Made-Ups & Home Furnishing",Low Light / Shadows,Overhead High-Angle (Ceiling Mount),35,20,19,0,1,-16,45.7,88.1,CRITICAL_FRAUD,50
FRM-2026-0783,DDU-WB-MLD-0008,IT-ITeS & Digital Services,Direct Window Glare,Frontal Eye-Level,29,27,27,0,0,-2,6.9,13.5,COMPLIANT,42
FRM-2026-0784,PMKVY-HP-SMR-0019,Tourism & Hospitality,Daylight Normal,Corner Wide-Angle (Wall Mount),25,7,6,0,1,-19,76.0,83.3,CRITICAL_FRAUD,50
FRM-2026-0785,PMKVY-UP-GKP-0042,"Apparel, Made-Ups & Home Furnishing",Direct Window Glare,Frontal Eye-Level,35,16,15,0,1,-20,57.1,85.2,CRITICAL_FRAUD,50
FRM-2026-0786,PMKVY-MH-NGP-0031,Capital Goods & Automotive,Daylight Normal,Overhead High-Angle (Ceiling Mount),43,42,43,1,0,0,0.0,8.4,COMPLIANT,54
FRM-2026-0787,DDU-WB-MLD-0008,IT-ITeS & Digital Services,Daylight Normal,Corner Wide-Angle (Wall Mount),29,28,29,1,0,0,0.0,10.8,COMPLIANT,47
FRM-2026-0788,PMKVY-RJ-JDH-0015,Green Jobs & Renewable Energy,Direct Window Glare,Frontal Eye-Level,28,26,25,0,1,-3,10.7,2.7,COMPLIANT,58
FRM-2026-0789,PMKVY-MH-NGP-0031,Capital Goods & Automotive,Low Light / Shadows,Corner Wide-Angle (Wall Mount),43,42,41,0,1,-2,4.7,2.3,COMPLIANT,53
FRM-2026-0790,PMKVY-MH-NGP-0031,Capital Goods & Automotive,Low Light / Shadows,Overhead High-Angle (Ceiling Mount),43,41,39,0,2,-4,9.3,12.3,COMPLIANT,54
FRM-2026-0791,PMKVY-UP-GKP-0042,"Apparel, Made-Ups & Home Furnishing",Low Light / Shadows,Overhead High-Angle (Ceiling Mount),35,17,17,0,0,-18,51.4,90.2,CRITICAL_FRAUD,44
FRM-2026-0792,PMKVY-HP-SMR-0019,Tourism & Hospitality,Fluorescent Diffused,Corner Wide-Angle (Wall Mount),25,7,8,1,0,-17,68.0,80.8,CRITICAL_FRAUD,51
FRM-2026-0793,DDU-WB-MLD-0008,IT-ITeS & Digital Services,Low Light / Shadows,Corner Wide-Angle (Wall Mount),29,27,26,0,1,-3,10.3,12.8,COMPLIANT,48
FRM-2026-0794,PMKVY-RJ-JDH-0015,Green Jobs & Renewable Energy,Low Light / Shadows,Frontal Eye-Level,28,26,25,0,1,-3,10.7,9.1,COMPLIANT,46
FRM-2026-0795,DDU-WB-MLD-0008,IT-ITeS & Digital Services,Fluorescent Diffused,Corner Wide-Angle (Wall Mount),29,29,30,1,0,1,0.0,10.8,COMPLIANT,45
FRM-2026-0796,PMKVY-RJ-JDH-0015,Green Jobs & Renewable Energy,Low Light / Shadows,Overhead High-Angle (Ceiling Mount),28,26,26,0,0,-2,7.1,16.5,COMPLIANT,55
FRM-2026-0797,PMKVY-HP-SMR-0019,Tourism & Hospitality,Low Light / Shadows,Corner Wide-Angle (Wall Mount),25,11,11,0,0,-14,56.0,80.8,CRITICAL_FRAUD,48
FRM-2026-0798,PMKVY-UP-GKP-0042,"Apparel, Made-Ups & Home Furnishing",Fluorescent Diffused,Overhead High-Angle (Ceiling Mount),35,16,17,1,0,-18,51.4,89.4,CRITICAL_FRAUD,49
FRM-2026-0799,DDU-WB-MLD-0008,IT-ITeS & Digital Services,Fluorescent Diffused,Overhead High-Angle (Ceiling Mount),29,27,26,0,1,-3,10.3,7.9,COMPLIANT,57
FRM-2026-0800,PMKVY-RJ-JDH-0015,Green Jobs & Renewable Energy,Direct Window Glare,Frontal Eye-Level,28,26,26,0,0,-2,7.1,5.0,COMPLIANT,54
FRM-2026-0801,PMKVY-HP-SMR-0019,Tourism & Hospitality,Direct Window Glare,Overhead High-Angle (Ceiling Mount),25,7,7,0,0,-18,72.0,82.2,CRITICAL_FRAUD,55
FRM-2026-0802,PMKVY-UP-GKP-0042,"Apparel, Made-Ups & Home Furnishing",Low Light / Shadows,Corner Wide-Angle (Wall Mount),35,17,16,0,1,-19,54.3,92.0,CRITICAL_FRAUD,44
FRM-2026-0803,PMKVY-RJ-JDH-0015,Green Jobs & Renewable Energy,Direct Window Glare,Frontal Eye-Level,28,27,28,1,0,0,0.0,7.4,COMPLIANT,56
FRM-2026-0804,PMKVY-RJ-JDH-0015,Green Jobs & Renewable Energy,Direct Window Glare,Corner Wide-Angle (Wall Mount),28,28,29,1,0,1,0.0,14.1,COMPLIANT,54
FRM-2026-0805,PMKVY-MH-NGP-0031,Capital Goods & Automotive,Direct Window Glare,Frontal Eye-Level,43,41,42,1,0,-1,2.3,11.8,COMPLIANT,58
FRM-2026-0806,PMKVY-UP-GKP-0042,"Apparel, Made-Ups & Home Furnishing",Daylight Normal,Corner Wide-Angle (Wall Mount),35,19,18,0,1,-17,48.6,94.2,CRITICAL_FRAUD,49
FRM-2026-0807,DDU-WB-MLD-0008,IT-ITeS & Digital Services,Direct Window Glare,Frontal Eye-Level,29,29,30,1,0,1,0.0,8.4,COMPLIANT,43
FRM-2026-0808,PMKVY-RJ-JDH-0015,Green Jobs & Renewable Energy,Low Light / Shadows,Corner Wide-Angle (Wall Mount),28,27,27,0,0,-1,3.6,9.6,COMPLIANT,55
FRM-2026-0809,PMKVY-MH-NGP-0031,Capital Goods & Automotive,Daylight Normal,Frontal Eye-Level,43,41,41,0,0,-2,4.7,9.6,COMPLIANT,56
FRM-2026-0810,PMKVY-UP-GKP-0042,"Apparel, Made-Ups & Home Furnishing",Daylight Normal,Overhead High-Angle (Ceiling Mount),35,20,21,1,0,-14,40.0,88.1,CRITICAL_FRAUD,54
FRM-2026-0811,PMKVY-HP-SMR-0019,Tourism & Hospitality,Low Light / Shadows,Corner Wide-Angle (Wall Mount),25,6,6,0,0,-19,76.0,88.9,CRITICAL_FRAUD,48
FRM-2026-0812,PMKVY-HP-SMR-0019,Tourism & Hospitality,Daylight Normal,Corner Wide-Angle (Wall Mount),25,8,9,1,0,-16,64.0,90.0,CRITICAL_FRAUD,47
FRM-2026-0813,PMKVY-UP-GKP-0042,"Apparel, Made-Ups & Home Furnishing",Daylight Normal,Overhead High-Angle (Ceiling Mount),35,19,20,1,0,-15,42.9,84.7,CRITICAL_FRAUD,58
FRM-2026-0814,PMKVY-HP-SMR-0019,Tourism & Hospitality,Fluorescent Diffused,Corner Wide-Angle (Wall Mount),25,10,10,0,0,-15,60.0,78.8,CRITICAL_FRAUD,47
FRM-2026-0815,PMKVY-MH-NGP-0031,Capital Goods & Automotive,Fluorescent Diffused,Overhead High-Angle (Ceiling Mount),43,43,43,0,0,0,0.0,14.7,COMPLIANT,43
FRM-2026-0816,PMKVY-HP-SMR-0019,Tourism & Hospitality,Low Light / Shadows,Corner Wide-Angle (Wall Mount),25,11,11,0,0,-14,56.0,89.6,CRITICAL_FRAUD,45
FRM-2026-0817,PMKVY-RJ-JDH-0015,Green Jobs & Renewable Energy,Fluorescent Diffused,Overhead High-Angle (Ceiling Mount),28,26,26,0,0,-2,7.1,2.2,COMPLIANT,57
FRM-2026-0818,PMKVY-HP-SMR-0019,Tourism & Hospitality,Daylight Normal,Frontal Eye-Level,25,9,9,0,0,-16,64.0,82.0,CRITICAL_FRAUD,57
FRM-2026-0819,PMKVY-HP-SMR-0019,Tourism & Hospitality,Direct Window Glare,Corner Wide-Angle (Wall Mount),25,6,7,1,0,-18,72.0,89.1,CRITICAL_FRAUD,49
FRM-2026-0820,DDU-WB-MLD-0008,IT-ITeS & Digital Services,Low Light / Shadows,Frontal Eye-Level,29,27,26,0,1,-3,10.3,2.8,COMPLIANT,46
FRM-2026-0821,PMKVY-UP-GKP-0042,"Apparel, Made-Ups & Home Furnishing",Low Light / Shadows,Overhead High-Angle (Ceiling Mount),35,17,17,0,0,-18,51.4,84.1,CRITICAL_FRAUD,44
FRM-2026-0822,PMKVY-UP-GKP-0042,"Apparel, Made-Ups & Home Furnishing",Daylight Normal,Corner Wide-Angle (Wall Mount),35,17,17,0,0,-18,51.4,90.4,CRITICAL_FRAUD,47
FRM-2026-0823,PMKVY-HP-SMR-0019,Tourism & Hospitality,Low Light / Shadows,Overhead High-Angle (Ceiling Mount),25,6,6,0,0,-19,76.0,84.8,CRITICAL_FRAUD,54
FRM-2026-0824,PMKVY-UP-GKP-0042,"Apparel, Made-Ups & Home Furnishing",Direct Window Glare,Frontal Eye-Level,35,16,16,0,0,-19,54.3,86.7,CRITICAL_FRAUD,45
FRM-2026-0825,PMKVY-MH-NGP-0031,Capital Goods & Automotive,Low Light / Shadows,Frontal Eye-Level,43,42,41,0,1,-2,4.7,13.5,COMPLIANT,43
FRM-2026-0826,PMKVY-UP-GKP-0042,"Apparel, Made-Ups & Home Furnishing",Daylight Normal,Corner Wide-Angle (Wall Mount),35,20,21,1,0,-14,40.0,83.3,CRITICAL_FRAUD,52
FRM-2026-0827,PMKVY-MH-NGP-0031,Capital Goods & Automotive,Low Light / Shadows,Overhead High-Angle (Ceiling Mount),43,41,41,0,0,-2,4.7,10.6,COMPLIANT,57
FRM-2026-0828,PMKVY-HP-SMR-0019,Tourism & Hospitality,Fluorescent Diffused,Frontal Eye-Level,25,7,8,1,0,-17,68.0,83.4,CRITICAL_FRAUD,48
FRM-2026-0829,PMKVY-UP-GKP-0042,"Apparel, Made-Ups & Home Furnishing",Daylight Normal,Overhead High-Angle (Ceiling Mount),35,19,20,1,0,-15,42.9,92.7,CRITICAL_FRAUD,48
FRM-2026-0830,DDU-WB-MLD-0008,IT-ITeS & Digital Services,Direct Window Glare,Corner Wide-Angle (Wall Mount),29,29,29,0,0,0,0.0,7.8,COMPLIANT,48
FRM-2026-0831,PMKVY-UP-GKP-0042,"Apparel, Made-Ups & Home Furnishing",Fluorescent Diffused,Frontal Eye-Level,35,18,18,0,0,-17,48.6,92.6,CRITICAL_FRAUD,51
FRM-2026-0832,PMKVY-MH-NGP-0031,Capital Goods & Automotive,Low Light / Shadows,Overhead High-Angle (Ceiling Mount),43,43,43,0,0,0,0.0,7.6,COMPLIANT,42
FRM-2026-0833,PMKVY-RJ-JDH-0015,Green Jobs & Renewable Energy,Fluorescent Diffused,Corner Wide-Angle (Wall Mount),28,27,28,1,0,0,0.0,9.9,COMPLIANT,57
FRM-2026-0834,PMKVY-UP-GKP-0042,"Apparel, Made-Ups & Home Furnishing",Fluorescent Diffused,Corner Wide-Angle (Wall Mount),35,17,18,1,0,-17,48.6,86.5,CRITICAL_FRAUD,52
FRM-2026-0835,PMKVY-HP-SMR-0019,Tourism & Hospitality,Direct Window Glare,Frontal Eye-Level,25,6,7,1,0,-18,72.0,83.5,CRITICAL_FRAUD,52
FRM-2026-0836,DDU-WB-MLD-0008,IT-ITeS & Digital Services,Daylight Normal,Overhead High-Angle (Ceiling Mount),29,27,28,1,0,-1,3.4,7.5,COMPLIANT,53
FRM-2026-0837,PMKVY-UP-GKP-0042,"Apparel, Made-Ups & Home Furnishing",Fluorescent Diffused,Corner Wide-Angle (Wall Mount),35,16,16,0,0,-19,54.3,96.2,CRITICAL_FRAUD,47
FRM-2026-0838,DDU-WB-MLD-0008,IT-ITeS & Digital Services,Direct Window Glare,Overhead High-Angle (Ceiling Mount),29,27,26,0,1,-3,10.3,16.3,COMPLIANT,51
FRM-2026-0839,PMKVY-MH-NGP-0031,Capital Goods & Automotive,Daylight Normal,Corner Wide-Angle (Wall Mount),43,42,41,0,1,-2,4.7,10.2,COMPLIANT,49
FRM-2026-0840,PMKVY-MH-NGP-0031,Capital Goods & Automotive,Direct Window Glare,Corner Wide-Angle (Wall Mount),43,43,44,1,0,1,0.0,7.0,COMPLIANT,45
FRM-2026-0841,PMKVY-MH-NGP-0031,Capital Goods & Automotive,Daylight Normal,Overhead High-Angle (Ceiling Mount),43,43,43,0,0,0,0.0,10.3,COMPLIANT,57
FRM-2026-0842,DDU-WB-MLD-0008,IT-ITeS & Digital Services,Fluorescent Diffused,Overhead High-Angle (Ceiling Mount),29,28,28,0,0,-1,3.4,14.1,COMPLIANT,58
FRM-2026-0843,PMKVY-MH-NGP-0031,Capital Goods & Automotive,Low Light / Shadows,Overhead High-Angle (Ceiling Mount),43,43,42,0,1,-1,2.3,5.4,COMPLIANT,43
FRM-2026-0844,PMKVY-HP-SMR-0019,Tourism & Hospitality,Direct Window Glare,Frontal Eye-Level,25,12,13,1,0,-12,48.0,80.1,CRITICAL_FRAUD,51
FRM-2026-0845,PMKVY-UP-GKP-0042,"Apparel, Made-Ups & Home Furnishing",Daylight Normal,Corner Wide-Angle (Wall Mount),35,19,18,0,1,-17,48.6,79.9,CRITICAL_FRAUD,51
FRM-2026-0846,PMKVY-UP-GKP-0042,"Apparel, Made-Ups & Home Furnishing",Low Light / Shadows,Frontal Eye-Level,35,17,16,0,1,-19,54.3,81.6,CRITICAL_FRAUD,50
FRM-2026-0847,DDU-WB-MLD-0008,IT-ITeS & Digital Services,Low Light / Shadows,Corner Wide-Angle (Wall Mount),29,27,27,0,0,-2,6.9,4.5,COMPLIANT,50
FRM-2026-0848,PMKVY-UP-GKP-0042,"Apparel, Made-Ups & Home Furnishing",Daylight Normal,Frontal Eye-Level,35,20,21,1,0,-14,40.0,79.9,CRITICAL_FRAUD,53
FRM-2026-0849,DDU-WB-MLD-0008,IT-ITeS & Digital Services,Low Light / Shadows,Corner Wide-Angle (Wall Mount),29,29,29,0,0,0,0.0,11.5,COMPLIANT,47
FRM-2026-0850,PMKVY-UP-GKP-0042,"Apparel, Made-Ups & Home Furnishing",Low Light / Shadows,Frontal Eye-Level,35,18,18,0,0,-17,48.6,78.9,CRITICAL_FRAUD,42
FRM-2026-0851,PMKVY-HP-SMR-0019,Tourism & Hospitality,Daylight Normal,Overhead High-Angle (Ceiling Mount),25,9,8,0,1,-17,68.0,79.6,CRITICAL_FRAUD,54
FRM-2026-0852,PMKVY-RJ-JDH-0015,Green Jobs & Renewable Energy,Direct Window Glare,Frontal Eye-Level,28,27,27,0,0,-1,3.6,7.5,COMPLIANT,48
FRM-2026-0853,DDU-WB-MLD-0008,IT-ITeS & Digital Services,Daylight Normal,Corner Wide-Angle (Wall Mount),29,27,27,0,0,-2,6.9,3.5,COMPLIANT,56
FRM-2026-0854,PMKVY-UP-GKP-0042,"Apparel, Made-Ups & Home Furnishing",Direct Window Glare,Corner Wide-Angle (Wall Mount),35,19,19,0,0,-16,45.7,82.3,CRITICAL_FRAUD,49
FRM-2026-0855,PMKVY-RJ-JDH-0015,Green Jobs & Renewable Energy,Low Light / Shadows,Corner Wide-Angle (Wall Mount),28,27,27,0,0,-1,3.6,15.0,COMPLIANT,52
FRM-2026-0856,PMKVY-HP-SMR-0019,Tourism & Hospitality,Direct Window Glare,Overhead High-Angle (Ceiling Mount),25,6,6,0,0,-19,76.0,80.1,CRITICAL_FRAUD,57
FRM-2026-0857,PMKVY-HP-SMR-0019,Tourism & Hospitality,Fluorescent Diffused,Corner Wide-Angle (Wall Mount),25,12,12,0,0,-13,52.0,89.2,CRITICAL_FRAUD,46
FRM-2026-0858,DDU-WB-MLD-0008,IT-ITeS & Digital Services,Daylight Normal,Corner Wide-Angle (Wall Mount),29,27,26,0,1,-3,10.3,7.4,COMPLIANT,44
FRM-2026-0859,PMKVY-MH-NGP-0031,Capital Goods & Automotive,Direct Window Glare,Corner Wide-Angle (Wall Mount),43,41,41,0,0,-2,4.7,5.9,COMPLIANT,49
FRM-2026-0860,DDU-WB-MLD-0008,IT-ITeS & Digital Services,Fluorescent Diffused,Corner Wide-Angle (Wall Mount),29,28,27,0,1,-2,6.9,7.6,COMPLIANT,55
FRM-2026-0861,PMKVY-HP-SMR-0019,Tourism & Hospitality,Low Light / Shadows,Frontal Eye-Level,25,11,10,0,1,-15,60.0,90.3,CRITICAL_FRAUD,44
FRM-2026-0862,DDU-WB-MLD-0008,IT-ITeS & Digital Services,Direct Window Glare,Overhead High-Angle (Ceiling Mount),29,27,28,1,0,-1,3.4,9.6,COMPLIANT,45
FRM-2026-0863,PMKVY-HP-SMR-0019,Tourism & Hospitality,Fluorescent Diffused,Corner Wide-Angle (Wall Mount),25,9,8,0,1,-17,68.0,89.1,CRITICAL_FRAUD,54
FRM-2026-0864,PMKVY-MH-NGP-0031,Capital Goods & Automotive,Direct Window Glare,Frontal Eye-Level,43,41,40,0,1,-3,7.0,3.5,COMPLIANT,46
FRM-2026-0865,DDU-WB-MLD-0008,IT-ITeS & Digital Services,Daylight Normal,Overhead High-Angle (Ceiling Mount),29,27,27,0,0,-2,6.9,9.5,COMPLIANT,51
FRM-2026-0866,PMKVY-HP-SMR-0019,Tourism & Hospitality,Direct Window Glare,Overhead High-Angle (Ceiling Mount),25,7,8,1,0,-17,68.0,94.2,CRITICAL_FRAUD,51
FRM-2026-0867,DDU-WB-MLD-0008,IT-ITeS & Digital Services,Low Light / Shadows,Corner Wide-Angle (Wall Mount),29,27,25,0,2,-4,13.8,11.6,COMPLIANT,58
FRM-2026-0868,PMKVY-HP-SMR-0019,Tourism & Hospitality,Fluorescent Diffused,Corner Wide-Angle (Wall Mount),25,6,6,0,0,-19,76.0,94.7,CRITICAL_FRAUD,43
FRM-2026-0869,PMKVY-UP-GKP-0042,"Apparel, Made-Ups & Home Furnishing",Low Light / Shadows,Overhead High-Angle (Ceiling Mount),35,18,17,0,1,-18,51.4,86.0,CRITICAL_FRAUD,54
FRM-2026-0870,PMKVY-MH-NGP-0031,Capital Goods & Automotive,Direct Window Glare,Corner Wide-Angle (Wall Mount),43,42,42,0,0,-1,2.3,11.0,COMPLIANT,47
FRM-2026-0871,PMKVY-HP-SMR-0019,Tourism & Hospitality,Fluorescent Diffused,Overhead High-Angle (Ceiling Mount),25,10,10,0,0,-15,60.0,93.6,CRITICAL_FRAUD,53
FRM-2026-0872,PMKVY-HP-SMR-0019,Tourism & Hospitality,Fluorescent Diffused,Corner Wide-Angle (Wall Mount),25,12,13,1,0,-12,48.0,80.3,CRITICAL_FRAUD,42
FRM-2026-0873,PMKVY-UP-GKP-0042,"Apparel, Made-Ups & Home Furnishing",Daylight Normal,Overhead High-Angle (Ceiling Mount),35,19,20,1,0,-15,42.9,86.1,CRITICAL_FRAUD,46
FRM-2026-0874,PMKVY-UP-GKP-0042,"Apparel, Made-Ups & Home Furnishing",Fluorescent Diffused,Frontal Eye-Level,35,19,19,0,0,-16,45.7,94.5,CRITICAL_FRAUD,55
FRM-2026-0875,DDU-WB-MLD-0008,IT-ITeS & Digital Services,Fluorescent Diffused,Corner Wide-Angle (Wall Mount),29,27,27,0,0,-2,6.9,11.1,COMPLIANT,56
FRM-2026-0876,PMKVY-HP-SMR-0019,Tourism & Hospitality,Low Light / Shadows,Overhead High-Angle (Ceiling Mount),25,7,5,0,2,-20,80.0,88.7,CRITICAL_FRAUD,49
FRM-2026-0877,DDU-WB-MLD-0008,IT-ITeS & Digital Services,Low Light / Shadows,Corner Wide-Angle (Wall Mount),29,27,27,0,0,-2,6.9,2.6,COMPLIANT,43
FRM-2026-0878,DDU-WB-MLD-0008,IT-ITeS & Digital Services,Direct Window Glare,Frontal Eye-Level,29,28,27,0,1,-2,6.9,11.6,COMPLIANT,44
FRM-2026-0879,PMKVY-RJ-JDH-0015,Green Jobs & Renewable Energy,Low Light / Shadows,Corner Wide-Angle (Wall Mount),28,26,24,0,2,-4,14.3,6.0,COMPLIANT,44
FRM-2026-0880,DDU-WB-MLD-0008,IT-ITeS & Digital Services,Low Light / Shadows,Frontal Eye-Level,29,29,27,0,2,-2,6.9,9.7,COMPLIANT,58
FRM-2026-0881,PMKVY-HP-SMR-0019,Tourism & Hospitality,Low Light / Shadows,Corner Wide-Angle (Wall Mount),25,8,8,0,0,-17,68.0,81.1,CRITICAL_FRAUD,51
FRM-2026-0882,DDU-WB-MLD-0008,IT-ITeS & Digital Services,Low Light / Shadows,Overhead High-Angle (Ceiling Mount),29,27,26,0,1,-3,10.3,11.5,COMPLIANT,51
FRM-2026-0883,DDU-WB-MLD-0008,IT-ITeS & Digital Services,Daylight Normal,Corner Wide-Angle (Wall Mount),29,28,27,0,1,-2,6.9,4.1,COMPLIANT,44
FRM-2026-0884,PMKVY-MH-NGP-0031,Capital Goods & Automotive,Low Light / Shadows,Overhead High-Angle (Ceiling Mount),43,41,41,0,0,-2,4.7,16.2,COMPLIANT,42
FRM-2026-0885,PMKVY-UP-GKP-0042,"Apparel, Made-Ups & Home Furnishing",Fluorescent Diffused,Frontal Eye-Level,35,17,18,1,0,-17,48.6,86.3,CRITICAL_FRAUD,47
FRM-2026-0886,PMKVY-MH-NGP-0031,Capital Goods & Automotive,Fluorescent Diffused,Corner Wide-Angle (Wall Mount),43,43,44,1,0,1,0.0,16.2,COMPLIANT,52
FRM-2026-0887,PMKVY-UP-GKP-0042,"Apparel, Made-Ups & Home Furnishing",Fluorescent Diffused,Frontal Eye-Level,35,17,17,0,0,-18,51.4,91.9,CRITICAL_FRAUD,55
FRM-2026-0888,PMKVY-HP-SMR-0019,Tourism & Hospitality,Fluorescent Diffused,Frontal Eye-Level,25,9,10,1,0,-15,60.0,89.8,CRITICAL_FRAUD,48
FRM-2026-0889,DDU-WB-MLD-0008,IT-ITeS & Digital Services,Low Light / Shadows,Overhead High-Angle (Ceiling Mount),29,27,25,0,2,-4,13.8,2.9,COMPLIANT,56
FRM-2026-0890,PMKVY-HP-SMR-0019,Tourism & Hospitality,Direct Window Glare,Corner Wide-Angle (Wall Mount),25,9,10,1,0,-15,60.0,95.5,CRITICAL_FRAUD,49
FRM-2026-0891,PMKVY-HP-SMR-0019,Tourism & Hospitality,Direct Window Glare,Corner Wide-Angle (Wall Mount),25,8,8,0,0,-17,68.0,87.8,CRITICAL_FRAUD,55
FRM-2026-0892,PMKVY-UP-GKP-0042,"Apparel, Made-Ups & Home Furnishing",Low Light / Shadows,Corner Wide-Angle (Wall Mount),35,19,19,0,0,-16,45.7,95.8,CRITICAL_FRAUD,43
FRM-2026-0893,PMKVY-UP-GKP-0042,"Apparel, Made-Ups & Home Furnishing",Low Light / Shadows,Corner Wide-Angle (Wall Mount),35,20,20,0,0,-15,42.9,84.2,CRITICAL_FRAUD,50
FRM-2026-0894,PMKVY-UP-GKP-0042,"Apparel, Made-Ups & Home Furnishing",Low Light / Shadows,Frontal Eye-Level,35,20,20,0,0,-15,42.9,92.3,CRITICAL_FRAUD,49
FRM-2026-0895,DDU-WB-MLD-0008,IT-ITeS & Digital Services,Fluorescent Diffused,Frontal Eye-Level,29,28,29,1,0,0,0.0,13.4,COMPLIANT,47
FRM-2026-0896,PMKVY-MH-NGP-0031,Capital Goods & Automotive,Daylight Normal,Frontal Eye-Level,43,43,42,0,1,-1,2.3,2.2,COMPLIANT,45
FRM-2026-0897,DDU-WB-MLD-0008,IT-ITeS & Digital Services,Daylight Normal,Frontal Eye-Level,29,28,28,0,0,-1,3.4,5.6,COMPLIANT,51
FRM-2026-0898,PMKVY-MH-NGP-0031,Capital Goods & Automotive,Fluorescent Diffused,Overhead High-Angle (Ceiling Mount),43,43,44,1,0,1,0.0,3.5,COMPLIANT,48
FRM-2026-0899,DDU-WB-MLD-0008,IT-ITeS & Digital Services,Daylight Normal,Frontal Eye-Level,29,29,28,0,1,-1,3.4,16.1,COMPLIANT,46
FRM-2026-0900,PMKVY-HP-SMR-0019,Tourism & Hospitality,Fluorescent Diffused,Overhead High-Angle (Ceiling Mount),25,11,11,0,0,-14,56.0,82.7,CRITICAL_FRAUD,56
FRM-2026-0901,PMKVY-UP-GKP-0042,"Apparel, Made-Ups & Home Furnishing",Direct Window Glare,Corner Wide-Angle (Wall Mount),35,19,20,1,0,-15,42.9,94.7,CRITICAL_FRAUD,52
FRM-2026-0902,PMKVY-MH-NGP-0031,Capital Goods & Automotive,Fluorescent Diffused,Overhead High-Angle (Ceiling Mount),43,42,41,0,1,-2,4.7,8.3,COMPLIANT,52
FRM-2026-0903,PMKVY-UP-GKP-0042,"Apparel, Made-Ups & Home Furnishing",Low Light / Shadows,Corner Wide-Angle (Wall Mount),35,17,15,0,2,-20,57.1,87.1,CRITICAL_FRAUD,48
FRM-2026-0904,DDU-WB-MLD-0008,IT-ITeS & Digital Services,Direct Window Glare,Overhead High-Angle (Ceiling Mount),29,27,27,0,0,-2,6.9,3.8,COMPLIANT,55
FRM-2026-0905,PMKVY-RJ-JDH-0015,Green Jobs & Renewable Energy,Daylight Normal,Corner Wide-Angle (Wall Mount),28,26,26,0,0,-2,7.1,3.7,COMPLIANT,44
FRM-2026-0906,PMKVY-UP-GKP-0042,"Apparel, Made-Ups & Home Furnishing",Low Light / Shadows,Corner Wide-Angle (Wall Mount),35,16,15,0,1,-20,57.1,90.1,CRITICAL_FRAUD,42
FRM-2026-0907,PMKVY-UP-GKP-0042,"Apparel, Made-Ups & Home Furnishing",Direct Window Glare,Corner Wide-Angle (Wall Mount),35,17,18,1,0,-17,48.6,84.1,CRITICAL_FRAUD,54
FRM-2026-0908,DDU-WB-MLD-0008,IT-ITeS & Digital Services,Daylight Normal,Frontal Eye-Level,29,27,27,0,0,-2,6.9,9.9,COMPLIANT,54
FRM-2026-0909,PMKVY-UP-GKP-0042,"Apparel, Made-Ups & Home Furnishing",Fluorescent Diffused,Overhead High-Angle (Ceiling Mount),35,19,20,1,0,-15,42.9,93.1,CRITICAL_FRAUD,57
FRM-2026-0910,PMKVY-UP-GKP-0042,"Apparel, Made-Ups & Home Furnishing",Low Light / Shadows,Corner Wide-Angle (Wall Mount),35,18,16,0,2,-19,54.3,89.7,CRITICAL_FRAUD,44
FRM-2026-0911,PMKVY-MH-NGP-0031,Capital Goods & Automotive,Low Light / Shadows,Overhead High-Angle (Ceiling Mount),43,42,41,0,1,-2,4.7,4.9,COMPLIANT,43
FRM-2026-0912,PMKVY-HP-SMR-0019,Tourism & Hospitality,Fluorescent Diffused,Corner Wide-Angle (Wall Mount),25,11,11,0,0,-14,56.0,94.6,CRITICAL_FRAUD,53
FRM-2026-0913,PMKVY-HP-SMR-0019,Tourism & Hospitality,Daylight Normal,Frontal Eye-Level,25,9,10,1,0,-15,60.0,81.5,CRITICAL_FRAUD,43
FRM-2026-0914,PMKVY-RJ-JDH-0015,Green Jobs & Renewable Energy,Daylight Normal,Frontal Eye-Level,28,26,26,0,0,-2,7.1,10.1,COMPLIANT,44
FRM-2026-0915,DDU-WB-MLD-0008,IT-ITeS & Digital Services,Low Light / Shadows,Corner Wide-Angle (Wall Mount),29,27,25,0,2,-4,13.8,2.6,COMPLIANT,43
FRM-2026-0916,PMKVY-MH-NGP-0031,Capital Goods & Automotive,Daylight Normal,Corner Wide-Angle (Wall Mount),43,43,43,0,0,0,0.0,15.3,COMPLIANT,58
FRM-2026-0917,PMKVY-HP-SMR-0019,Tourism & Hospitality,Fluorescent Diffused,Frontal Eye-Level,25,10,10,0,0,-15,60.0,95.1,CRITICAL_FRAUD,43
FRM-2026-0918,PMKVY-RJ-JDH-0015,Green Jobs & Renewable Energy,Direct Window Glare,Frontal Eye-Level,28,28,28,0,0,0,0.0,17.0,COMPLIANT,43
FRM-2026-0919,PMKVY-RJ-JDH-0015,Green Jobs & Renewable Energy,Fluorescent Diffused,Overhead High-Angle (Ceiling Mount),28,28,29,1,0,1,0.0,2.8,COMPLIANT,51
FRM-2026-0920,PMKVY-UP-GKP-0042,"Apparel, Made-Ups & Home Furnishing",Direct Window Glare,Frontal Eye-Level,35,17,18,1,0,-17,48.6,79.2,CRITICAL_FRAUD,45
FRM-2026-0921,PMKVY-UP-GKP-0042,"Apparel, Made-Ups & Home Furnishing",Direct Window Glare,Frontal Eye-Level,35,20,20,0,0,-15,42.9,79.2,CRITICAL_FRAUD,48
FRM-2026-0922,PMKVY-HP-SMR-0019,Tourism & Hospitality,Low Light / Shadows,Frontal Eye-Level,25,11,11,0,0,-14,56.0,80.2,CRITICAL_FRAUD,46
FRM-2026-0923,PMKVY-MH-NGP-0031,Capital Goods & Automotive,Fluorescent Diffused,Overhead High-Angle (Ceiling Mount),43,41,41,0,0,-2,4.7,7.5,COMPLIANT,45
FRM-2026-0924,PMKVY-MH-NGP-0031,Capital Goods & Automotive,Fluorescent Diffused,Corner Wide-Angle (Wall Mount),43,43,44,1,0,1,0.0,8.1,COMPLIANT,47
FRM-2026-0925,PMKVY-HP-SMR-0019,Tourism & Hospitality,Fluorescent Diffused,Frontal Eye-Level,25,6,6,0,0,-19,76.0,79.8,CRITICAL_FRAUD,54
FRM-2026-0926,PMKVY-RJ-JDH-0015,Green Jobs & Renewable Energy,Daylight Normal,Corner Wide-Angle (Wall Mount),28,28,27,0,1,-1,3.6,2.1,COMPLIANT,44
FRM-2026-0927,DDU-WB-MLD-0008,IT-ITeS & Digital Services,Low Light / Shadows,Corner Wide-Angle (Wall Mount),29,27,26,0,1,-3,10.3,5.4,COMPLIANT,50
FRM-2026-0928,DDU-WB-MLD-0008,IT-ITeS & Digital Services,Direct Window Glare,Corner Wide-Angle (Wall Mount),29,29,29,0,0,0,0.0,12.1,COMPLIANT,43
FRM-2026-0929,DDU-WB-MLD-0008,IT-ITeS & Digital Services,Fluorescent Diffused,Frontal Eye-Level,29,28,29,1,0,0,0.0,17.7,COMPLIANT,51
FRM-2026-0930,PMKVY-MH-NGP-0031,Capital Goods & Automotive,Direct Window Glare,Overhead High-Angle (Ceiling Mount),43,41,41,0,0,-2,4.7,5.2,COMPLIANT,58
FRM-2026-0931,PMKVY-UP-GKP-0042,"Apparel, Made-Ups & Home Furnishing",Low Light / Shadows,Frontal Eye-Level,35,20,20,0,0,-15,42.9,92.3,CRITICAL_FRAUD,48
FRM-2026-0932,PMKVY-MH-NGP-0031,Capital Goods & Automotive,Daylight Normal,Overhead High-Angle (Ceiling Mount),43,43,43,0,0,0,0.0,13.3,COMPLIANT,57
FRM-2026-0933,PMKVY-HP-SMR-0019,Tourism & Hospitality,Fluorescent Diffused,Overhead High-Angle (Ceiling Mount),25,11,10,0,1,-15,60.0,79.0,CRITICAL_FRAUD,53
FRM-2026-0934,PMKVY-MH-NGP-0031,Capital Goods & Automotive,Fluorescent Diffused,Corner Wide-Angle (Wall Mount),43,42,42,0,0,-1,2.3,12.2,COMPLIANT,56
FRM-2026-0935,PMKVY-UP-GKP-0042,"Apparel, Made-Ups & Home Furnishing",Daylight Normal,Frontal Eye-Level,35,16,17,1,0,-18,51.4,81.3,CRITICAL_FRAUD,42
FRM-2026-0936,PMKVY-HP-SMR-0019,Tourism & Hospitality,Daylight Normal,Overhead High-Angle (Ceiling Mount),25,7,8,1,0,-17,68.0,86.2,CRITICAL_FRAUD,52
FRM-2026-0937,PMKVY-HP-SMR-0019,Tourism & Hospitality,Fluorescent Diffused,Frontal Eye-Level,25,11,11,0,0,-14,56.0,82.3,CRITICAL_FRAUD,45
FRM-2026-0938,PMKVY-MH-NGP-0031,Capital Goods & Automotive,Fluorescent Diffused,Overhead High-Angle (Ceiling Mount),43,43,44,1,0,1,0.0,8.8,COMPLIANT,48
FRM-2026-0939,PMKVY-HP-SMR-0019,Tourism & Hospitality,Fluorescent Diffused,Overhead High-Angle (Ceiling Mount),25,9,10,1,0,-15,60.0,87.0,CRITICAL_FRAUD,55
FRM-2026-0940,PMKVY-RJ-JDH-0015,Green Jobs & Renewable Energy,Fluorescent Diffused,Frontal Eye-Level,28,27,27,0,0,-1,3.6,8.4,COMPLIANT,46
FRM-2026-0941,PMKVY-HP-SMR-0019,Tourism & Hospitality,Fluorescent Diffused,Frontal Eye-Level,25,8,8,0,0,-17,68.0,81.7,CRITICAL_FRAUD,46
FRM-2026-0942,PMKVY-UP-GKP-0042,"Apparel, Made-Ups & Home Furnishing",Daylight Normal,Corner Wide-Angle (Wall Mount),35,17,16,0,1,-19,54.3,93.8,CRITICAL_FRAUD,56
FRM-2026-0943,PMKVY-HP-SMR-0019,Tourism & Hospitality,Fluorescent Diffused,Corner Wide-Angle (Wall Mount),25,7,7,0,0,-18,72.0,89.2,CRITICAL_FRAUD,47
FRM-2026-0944,DDU-WB-MLD-0008,IT-ITeS & Digital Services,Fluorescent Diffused,Overhead High-Angle (Ceiling Mount),29,28,29,1,0,0,0.0,10.1,COMPLIANT,48
FRM-2026-0945,DDU-WB-MLD-0008,IT-ITeS & Digital Services,Direct Window Glare,Corner Wide-Angle (Wall Mount),29,28,27,0,1,-2,6.9,14.0,COMPLIANT,49
FRM-2026-0946,PMKVY-RJ-JDH-0015,Green Jobs & Renewable Energy,Low Light / Shadows,Corner Wide-Angle (Wall Mount),28,26,25,0,1,-3,10.7,17.1,COMPLIANT,42
FRM-2026-0947,PMKVY-HP-SMR-0019,Tourism & Hospitality,Daylight Normal,Overhead High-Angle (Ceiling Mount),25,9,10,1,0,-15,60.0,92.2,CRITICAL_FRAUD,43
FRM-2026-0948,PMKVY-HP-SMR-0019,Tourism & Hospitality,Direct Window Glare,Corner Wide-Angle (Wall Mount),25,12,13,1,0,-12,48.0,93.2,CRITICAL_FRAUD,56
FRM-2026-0949,PMKVY-HP-SMR-0019,Tourism & Hospitality,Fluorescent Diffused,Overhead High-Angle (Ceiling Mount),25,10,9,0,1,-16,64.0,90.8,CRITICAL_FRAUD,55
FRM-2026-0950,PMKVY-RJ-JDH-0015,Green Jobs & Renewable Energy,Fluorescent Diffused,Corner Wide-Angle (Wall Mount),28,27,27,0,0,-1,3.6,12.7,COMPLIANT,44
FRM-2026-0951,PMKVY-UP-GKP-0042,"Apparel, Made-Ups & Home Furnishing",Direct Window Glare,Frontal Eye-Level,35,18,18,0,0,-17,48.6,91.0,CRITICAL_FRAUD,42
FRM-2026-0952,PMKVY-HP-SMR-0019,Tourism & Hospitality,Direct Window Glare,Overhead High-Angle (Ceiling Mount),25,12,13,1,0,-12,48.0,85.5,CRITICAL_FRAUD,53
FRM-2026-0953,PMKVY-HP-SMR-0019,Tourism & Hospitality,Daylight Normal,Frontal Eye-Level,25,6,6,0,0,-19,76.0,94.5,CRITICAL_FRAUD,52
FRM-2026-0954,DDU-WB-MLD-0008,IT-ITeS & Digital Services,Daylight Normal,Corner Wide-Angle (Wall Mount),29,28,28,0,0,-1,3.4,13.5,COMPLIANT,48
FRM-2026-0955,PMKVY-UP-GKP-0042,"Apparel, Made-Ups & Home Furnishing",Low Light / Shadows,Frontal Eye-Level,35,16,16,0,0,-19,54.3,94.4,CRITICAL_FRAUD,45
FRM-2026-0956,PMKVY-HP-SMR-0019,Tourism & Hospitality,Low Light / Shadows,Corner Wide-Angle (Wall Mount),25,10,10,0,0,-15,60.0,84.8,CRITICAL_FRAUD,44
FRM-2026-0957,DDU-WB-MLD-0008,IT-ITeS & Digital Services,Fluorescent Diffused,Overhead High-Angle (Ceiling Mount),29,28,28,0,0,-1,3.4,10.9,COMPLIANT,57
FRM-2026-0958,DDU-WB-MLD-0008,IT-ITeS & Digital Services,Fluorescent Diffused,Frontal Eye-Level,29,29,29,0,0,0,0.0,7.8,COMPLIANT,50
FRM-2026-0959,DDU-WB-MLD-0008,IT-ITeS & Digital Services,Direct Window Glare,Corner Wide-Angle (Wall Mount),29,29,28,0,1,-1,3.4,8.2,COMPLIANT,56
FRM-2026-0960,PMKVY-HP-SMR-0019,Tourism & Hospitality,Daylight Normal,Corner Wide-Angle (Wall Mount),25,11,12,1,0,-13,52.0,90.5,CRITICAL_FRAUD,51
FRM-2026-0961,PMKVY-HP-SMR-0019,Tourism & Hospitality,Low Light / Shadows,Frontal Eye-Level,25,11,10,0,1,-15,60.0,94.5,CRITICAL_FRAUD,56
FRM-2026-0962,PMKVY-UP-GKP-0042,"Apparel, Made-Ups & Home Furnishing",Daylight Normal,Corner Wide-Angle (Wall Mount),35,17,17,0,0,-18,51.4,95.7,CRITICAL_FRAUD,44
FRM-2026-0963,PMKVY-UP-GKP-0042,"Apparel, Made-Ups & Home Furnishing",Fluorescent Diffused,Corner Wide-Angle (Wall Mount),35,16,17,1,0,-18,51.4,80.7,CRITICAL_FRAUD,46
FRM-2026-0964,PMKVY-RJ-JDH-0015,Green Jobs & Renewable Energy,Daylight Normal,Corner Wide-Angle (Wall Mount),28,27,28,1,0,0,0.0,10.9,COMPLIANT,46
FRM-2026-0965,PMKVY-HP-SMR-0019,Tourism & Hospitality,Low Light / Shadows,Corner Wide-Angle (Wall Mount),25,9,7,0,2,-18,72.0,83.4,CRITICAL_FRAUD,44
FRM-2026-0966,PMKVY-UP-GKP-0042,"Apparel, Made-Ups & Home Furnishing",Fluorescent Diffused,Frontal Eye-Level,35,18,18,0,0,-17,48.6,88.7,CRITICAL_FRAUD,52
FRM-2026-0967,PMKVY-HP-SMR-0019,Tourism & Hospitality,Direct Window Glare,Corner Wide-Angle (Wall Mount),25,8,9,1,0,-16,64.0,80.4,CRITICAL_FRAUD,51
FRM-2026-0968,PMKVY-RJ-JDH-0015,Green Jobs & Renewable Energy,Low Light / Shadows,Overhead High-Angle (Ceiling Mount),28,27,27,0,0,-1,3.6,14.7,COMPLIANT,43
FRM-2026-0969,PMKVY-RJ-JDH-0015,Green Jobs & Renewable Energy,Low Light / Shadows,Corner Wide-Angle (Wall Mount),28,27,26,0,1,-2,7.1,13.7,COMPLIANT,51
FRM-2026-0970,PMKVY-RJ-JDH-0015,Green Jobs & Renewable Energy,Fluorescent Diffused,Frontal Eye-Level,28,26,27,1,0,-1,3.6,15.1,COMPLIANT,47
FRM-2026-0971,PMKVY-RJ-JDH-0015,Green Jobs & Renewable Energy,Daylight Normal,Overhead High-Angle (Ceiling Mount),28,27,28,1,0,0,0.0,4.1,COMPLIANT,50
FRM-2026-0972,PMKVY-MH-NGP-0031,Capital Goods & Automotive,Fluorescent Diffused,Overhead High-Angle (Ceiling Mount),43,41,42,1,0,-1,2.3,2.6,COMPLIANT,52
FRM-2026-0973,PMKVY-MH-NGP-0031,Capital Goods & Automotive,Fluorescent Diffused,Corner Wide-Angle (Wall Mount),43,42,43,1,0,0,0.0,18.1,COMPLIANT,51
FRM-2026-0974,PMKVY-UP-GKP-0042,"Apparel, Made-Ups & Home Furnishing",Daylight Normal,Corner Wide-Angle (Wall Mount),35,19,19,0,0,-16,45.7,95.5,CRITICAL_FRAUD,52
FRM-2026-0975,PMKVY-RJ-JDH-0015,Green Jobs & Renewable Energy,Daylight Normal,Frontal Eye-Level,28,26,27,1,0,-1,3.6,7.5,COMPLIANT,51
FRM-2026-0976,PMKVY-HP-SMR-0019,Tourism & Hospitality,Low Light / Shadows,Frontal Eye-Level,25,11,11,0,0,-14,56.0,84.3,CRITICAL_FRAUD,45
FRM-2026-0977,PMKVY-HP-SMR-0019,Tourism & Hospitality,Daylight Normal,Overhead High-Angle (Ceiling Mount),25,11,12,1,0,-13,52.0,80.2,CRITICAL_FRAUD,42
FRM-2026-0978,PMKVY-HP-SMR-0019,Tourism & Hospitality,Fluorescent Diffused,Corner Wide-Angle (Wall Mount),25,8,7,0,1,-18,72.0,84.0,CRITICAL_FRAUD,48
FRM-2026-0979,DDU-WB-MLD-0008,IT-ITeS & Digital Services,Fluorescent Diffused,Corner Wide-Angle (Wall Mount),29,29,28,0,1,-1,3.4,3.4,COMPLIANT,56
FRM-2026-0980,PMKVY-UP-GKP-0042,"Apparel, Made-Ups & Home Furnishing",Direct Window Glare,Overhead High-Angle (Ceiling Mount),35,19,19,0,0,-16,45.7,89.2,CRITICAL_FRAUD,58
FRM-2026-0981,PMKVY-UP-GKP-0042,"Apparel, Made-Ups & Home Furnishing",Low Light / Shadows,Corner Wide-Angle (Wall Mount),35,17,17,0,0,-18,51.4,84.8,CRITICAL_FRAUD,53
FRM-2026-0982,PMKVY-UP-GKP-0042,"Apparel, Made-Ups & Home Furnishing",Low Light / Shadows,Corner Wide-Angle (Wall Mount),35,18,18,0,0,-17,48.6,94.2,CRITICAL_FRAUD,44
FRM-2026-0983,PMKVY-RJ-JDH-0015,Green Jobs & Renewable Energy,Direct Window Glare,Frontal Eye-Level,28,27,27,0,0,-1,3.6,6.8,COMPLIANT,55
FRM-2026-0984,PMKVY-HP-SMR-0019,Tourism & Hospitality,Fluorescent Diffused,Frontal Eye-Level,25,10,9,0,1,-16,64.0,80.7,CRITICAL_FRAUD,51
FRM-2026-0985,PMKVY-HP-SMR-0019,Tourism & Hospitality,Low Light / Shadows,Overhead High-Angle (Ceiling Mount),25,10,8,0,2,-17,68.0,78.1,CRITICAL_FRAUD,50
FRM-2026-0986,PMKVY-HP-SMR-0019,Tourism & Hospitality,Fluorescent Diffused,Frontal Eye-Level,25,9,10,1,0,-15,60.0,88.5,CRITICAL_FRAUD,46
FRM-2026-0987,PMKVY-RJ-JDH-0015,Green Jobs & Renewable Energy,Fluorescent Diffused,Corner Wide-Angle (Wall Mount),28,27,28,1,0,0,0.0,10.1,COMPLIANT,51
FRM-2026-0988,DDU-WB-MLD-0008,IT-ITeS & Digital Services,Low Light / Shadows,Corner Wide-Angle (Wall Mount),29,27,27,0,0,-2,6.9,5.7,COMPLIANT,42
FRM-2026-0989,PMKVY-RJ-JDH-0015,Green Jobs & Renewable Energy,Low Light / Shadows,Corner Wide-Angle (Wall Mount),28,26,26,0,0,-2,7.1,4.0,COMPLIANT,51
FRM-2026-0990,PMKVY-HP-SMR-0019,Tourism & Hospitality,Fluorescent Diffused,Corner Wide-Angle (Wall Mount),25,11,12,1,0,-13,52.0,82.5,CRITICAL_FRAUD,45
FRM-2026-0991,PMKVY-MH-NGP-0031,Capital Goods & Automotive,Direct Window Glare,Overhead High-Angle (Ceiling Mount),43,41,42,1,0,-1,2.3,8.0,COMPLIANT,57
FRM-2026-0992,DDU-WB-MLD-0008,IT-ITeS & Digital Services,Direct Window Glare,Corner Wide-Angle (Wall Mount),29,27,28,1,0,-1,3.4,9.9,COMPLIANT,45
FRM-2026-0993,PMKVY-MH-NGP-0031,Capital Goods & Automotive,Daylight Normal,Corner Wide-Angle (Wall Mount),43,43,44,1,0,1,0.0,3.0,COMPLIANT,52
FRM-2026-0994,PMKVY-HP-SMR-0019,Tourism & Hospitality,Fluorescent Diffused,Corner Wide-Angle (Wall Mount),25,7,6,0,1,-19,76.0,83.0,CRITICAL_FRAUD,55
FRM-2026-0995,PMKVY-MH-NGP-0031,Capital Goods & Automotive,Daylight Normal,Corner Wide-Angle (Wall Mount),43,42,43,1,0,0,0.0,12.5,COMPLIANT,44
FRM-2026-0996,DDU-WB-MLD-0008,IT-ITeS & Digital Services,Fluorescent Diffused,Frontal Eye-Level,29,29,28,0,1,-1,3.4,11.9,COMPLIANT,47
FRM-2026-0997,DDU-WB-MLD-0008,IT-ITeS & Digital Services,Low Light / Shadows,Corner Wide-Angle (Wall Mount),29,27,27,0,0,-2,6.9,13.3,COMPLIANT,53
FRM-2026-0998,PMKVY-UP-GKP-0042,"Apparel, Made-Ups & Home Furnishing",Low Light / Shadows,Overhead High-Angle (Ceiling Mount),35,16,16,0,0,-19,54.3,84.9,CRITICAL_FRAUD,57
FRM-2026-0999,PMKVY-HP-SMR-0019,Tourism & Hospitality,Low Light / Shadows,Overhead High-Angle (Ceiling Mount),25,6,5,0,1,-20,80.0,87.3,CRITICAL_FRAUD,48
FRM-2026-1000,DDU-WB-MLD-0008,IT-ITeS & Digital Services,Daylight Normal,Corner Wide-Angle (Wall Mount),29,28,27,0,1,-2,6.9,3.9,COMPLIANT,46
FRM-2026-1001,PMKVY-UP-GKP-0042,"Apparel, Made-Ups & Home Furnishing",Direct Window Glare,Corner Wide-Angle (Wall Mount),35,18,19,1,0,-16,45.7,84.7,CRITICAL_FRAUD,56
FRM-2026-1002,DDU-WB-MLD-0008,IT-ITeS & Digital Services,Low Light / Shadows,Overhead High-Angle (Ceiling Mount),29,27,25,0,2,-4,13.8,14.3,COMPLIANT,45
FRM-2026-1003,PMKVY-RJ-JDH-0015,Green Jobs & Renewable Energy,Fluorescent Diffused,Frontal Eye-Level,28,28,29,1,0,1,0.0,5.7,COMPLIANT,46
FRM-2026-1004,PMKVY-RJ-JDH-0015,Green Jobs & Renewable Energy,Fluorescent Diffused,Overhead High-Angle (Ceiling Mount),28,27,28,1,0,0,0.0,14.6,COMPLIANT,45
FRM-2026-1005,PMKVY-UP-GKP-0042,"Apparel, Made-Ups & Home Furnishing",Daylight Normal,Corner Wide-Angle (Wall Mount),35,19,18,0,1,-17,48.6,81.6,CRITICAL_FRAUD,43
FRM-2026-1006,DDU-WB-MLD-0008,IT-ITeS & Digital Services,Daylight Normal,Corner Wide-Angle (Wall Mount),29,29,29,0,0,0,0.0,2.7,COMPLIANT,51
FRM-2026-1007,PMKVY-UP-GKP-0042,"Apparel, Made-Ups & Home Furnishing",Daylight Normal,Overhead High-Angle (Ceiling Mount),35,20,20,0,0,-15,42.9,88.9,CRITICAL_FRAUD,48
FRM-2026-1008,PMKVY-RJ-JDH-0015,Green Jobs & Renewable Energy,Low Light / Shadows,Overhead High-Angle (Ceiling Mount),28,28,28,0,0,0,0.0,17.7,COMPLIANT,53
FRM-2026-1009,PMKVY-MH-NGP-0031,Capital Goods & Automotive,Fluorescent Diffused,Frontal Eye-Level,43,41,42,1,0,-1,2.3,6.0,COMPLIANT,44
FRM-2026-1010,PMKVY-UP-GKP-0042,"Apparel, Made-Ups & Home Furnishing",Daylight Normal,Frontal Eye-Level,35,17,18,1,0,-17,48.6,81.5,CRITICAL_FRAUD,51
FRM-2026-1011,PMKVY-RJ-JDH-0015,Green Jobs & Renewable Energy,Daylight Normal,Frontal Eye-Level,28,28,28,0,0,0,0.0,17.2,COMPLIANT,57
FRM-2026-1012,PMKVY-MH-NGP-0031,Capital Goods & Automotive,Fluorescent Diffused,Corner Wide-Angle (Wall Mount),43,41,40,0,1,-3,7.0,5.0,COMPLIANT,53
FRM-2026-1013,PMKVY-HP-SMR-0019,Tourism & Hospitality,Direct Window Glare,Overhead High-Angle (Ceiling Mount),25,10,10,0,0,-15,60.0,85.5,CRITICAL_FRAUD,52
FRM-2026-1014,PMKVY-UP-GKP-0042,"Apparel, Made-Ups & Home Furnishing",Direct Window Glare,Overhead High-Angle (Ceiling Mount),35,20,20,0,0,-15,42.9,87.2,CRITICAL_FRAUD,53
FRM-2026-1015,PMKVY-MH-NGP-0031,Capital Goods & Automotive,Daylight Normal,Overhead High-Angle (Ceiling Mount),43,42,42,0,0,-1,2.3,3.9,COMPLIANT,51
FRM-2026-1016,PMKVY-HP-SMR-0019,Tourism & Hospitality,Low Light / Shadows,Frontal Eye-Level,25,12,11,0,1,-14,56.0,88.2,CRITICAL_FRAUD,51
FRM-2026-1017,PMKVY-HP-SMR-0019,Tourism & Hospitality,Fluorescent Diffused,Overhead High-Angle (Ceiling Mount),25,12,12,0,0,-13,52.0,95.4,CRITICAL_FRAUD,53
FRM-2026-1018,PMKVY-RJ-JDH-0015,Green Jobs & Renewable Energy,Daylight Normal,Frontal Eye-Level,28,27,28,1,0,0,0.0,3.7,COMPLIANT,56
FRM-2026-1019,DDU-WB-MLD-0008,IT-ITeS & Digital Services,Daylight Normal,Overhead High-Angle (Ceiling Mount),29,29,29,0,0,0,0.0,8.6,COMPLIANT,45
FRM-2026-1020,PMKVY-RJ-JDH-0015,Green Jobs & Renewable Energy,Daylight Normal,Corner Wide-Angle (Wall Mount),28,28,28,0,0,0,0.0,5.3,COMPLIANT,54
FRM-2026-1021,PMKVY-UP-GKP-0042,"Apparel, Made-Ups & Home Furnishing",Fluorescent Diffused,Corner Wide-Angle (Wall Mount),35,19,19,0,0,-16,45.7,92.1,CRITICAL_FRAUD,50
FRM-2026-1022,PMKVY-HP-SMR-0019,Tourism & Hospitality,Low Light / Shadows,Corner Wide-Angle (Wall Mount),25,11,11,0,0,-14,56.0,96.3,CRITICAL_FRAUD,58
FRM-2026-1023,PMKVY-MH-NGP-0031,Capital Goods & Automotive,Fluorescent Diffused,Corner Wide-Angle (Wall Mount),43,43,42,0,1,-1,2.3,6.1,COMPLIANT,57
FRM-2026-1024,PMKVY-RJ-JDH-0015,Green Jobs & Renewable Energy,Fluorescent Diffused,Overhead High-Angle (Ceiling Mount),28,28,29,1,0,1,0.0,2.9,COMPLIANT,44
FRM-2026-1025,PMKVY-HP-SMR-0019,Tourism & Hospitality,Daylight Normal,Overhead High-Angle (Ceiling Mount),25,9,10,1,0,-15,60.0,90.6,CRITICAL_FRAUD,46
FRM-2026-1026,PMKVY-MH-NGP-0031,Capital Goods & Automotive,Daylight Normal,Overhead High-Angle (Ceiling Mount),43,41,42,1,0,-1,2.3,14.7,COMPLIANT,56
FRM-2026-1027,PMKVY-RJ-JDH-0015,Green Jobs & Renewable Energy,Low Light / Shadows,Frontal Eye-Level,28,27,27,0,0,-1,3.6,11.0,COMPLIANT,42
FRM-2026-1028,PMKVY-UP-GKP-0042,"Apparel, Made-Ups & Home Furnishing",Direct Window Glare,Overhead High-Angle (Ceiling Mount),35,19,19,0,0,-16,45.7,83.8,CRITICAL_FRAUD,54
FRM-2026-1029,PMKVY-HP-SMR-0019,Tourism & Hospitality,Direct Window Glare,Overhead High-Angle (Ceiling Mount),25,6,6,0,0,-19,76.0,88.3,CRITICAL_FRAUD,51
FRM-2026-1030,PMKVY-RJ-JDH-0015,Green Jobs & Renewable Energy,Direct Window Glare,Corner Wide-Angle (Wall Mount),28,28,28,0,0,0,0.0,13.8,COMPLIANT,57
FRM-2026-1031,PMKVY-UP-GKP-0042,"Apparel, Made-Ups & Home Furnishing",Direct Window Glare,Frontal Eye-Level,35,20,21,1,0,-14,40.0,88.0,CRITICAL_FRAUD,57
FRM-2026-1032,PMKVY-HP-SMR-0019,Tourism & Hospitality,Fluorescent Diffused,Frontal Eye-Level,25,6,6,0,0,-19,76.0,82.9,CRITICAL_FRAUD,54
FRM-2026-1033,DDU-WB-MLD-0008,IT-ITeS & Digital Services,Low Light / Shadows,Corner Wide-Angle (Wall Mount),29,28,26,0,2,-3,10.3,11.7,COMPLIANT,46
FRM-2026-1034,PMKVY-MH-NGP-0031,Capital Goods & Automotive,Low Light / Shadows,Frontal Eye-Level,43,41,41,0,0,-2,4.7,8.3,COMPLIANT,55
FRM-2026-1035,PMKVY-MH-NGP-0031,Capital Goods & Automotive,Low Light / Shadows,Corner Wide-Angle (Wall Mount),43,42,41,0,1,-2,4.7,6.1,COMPLIANT,51
FRM-2026-1036,DDU-WB-MLD-0008,IT-ITeS & Digital Services,Daylight Normal,Frontal Eye-Level,29,29,29,0,0,0,0.0,3.9,COMPLIANT,47
FRM-2026-1037,PMKVY-UP-GKP-0042,"Apparel, Made-Ups & Home Furnishing",Low Light / Shadows,Overhead High-Angle (Ceiling Mount),35,19,19,0,0,-16,45.7,88.5,CRITICAL_FRAUD,55
FRM-2026-1038,PMKVY-MH-NGP-0031,Capital Goods & Automotive,Daylight Normal,Frontal Eye-Level,43,42,43,1,0,0,0.0,2.4,COMPLIANT,52
FRM-2026-1039,PMKVY-HP-SMR-0019,Tourism & Hospitality,Direct Window Glare,Corner Wide-Angle (Wall Mount),25,10,9,0,1,-16,64.0,93.0,CRITICAL_FRAUD,45
FRM-2026-1040,PMKVY-RJ-JDH-0015,Green Jobs & Renewable Energy,Low Light / Shadows,Corner Wide-Angle (Wall Mount),28,26,26,0,0,-2,7.1,4.7,COMPLIANT,51
FRM-2026-1041,PMKVY-MH-NGP-0031,Capital Goods & Automotive,Direct Window Glare,Overhead High-Angle (Ceiling Mount),43,42,43,1,0,0,0.0,16.0,COMPLIANT,44
FRM-2026-1042,DDU-WB-MLD-0008,IT-ITeS & Digital Services,Fluorescent Diffused,Corner Wide-Angle (Wall Mount),29,28,27,0,1,-2,6.9,6.9,COMPLIANT,54
FRM-2026-1043,PMKVY-RJ-JDH-0015,Green Jobs & Renewable Energy,Daylight Normal,Frontal Eye-Level,28,26,25,0,1,-3,10.7,11.8,COMPLIANT,50
FRM-2026-1044,PMKVY-UP-GKP-0042,"Apparel, Made-Ups & Home Furnishing",Direct Window Glare,Corner Wide-Angle (Wall Mount),35,17,17,0,0,-18,51.4,92.7,CRITICAL_FRAUD,51
FRM-2026-1045,DDU-WB-MLD-0008,IT-ITeS & Digital Services,Low Light / Shadows,Corner Wide-Angle (Wall Mount),29,27,27,0,0,-2,6.9,5.3,COMPLIANT,54
FRM-2026-1046,PMKVY-MH-NGP-0031,Capital Goods & Automotive,Direct Window Glare,Frontal Eye-Level,43,41,41,0,0,-2,4.7,16.5,COMPLIANT,58
FRM-2026-1047,PMKVY-RJ-JDH-0015,Green Jobs & Renewable Energy,Direct Window Glare,Overhead High-Angle (Ceiling Mount),28,26,27,1,0,-1,3.6,17.5,COMPLIANT,50
FRM-2026-1048,DDU-WB-MLD-0008,IT-ITeS & Digital Services,Direct Window Glare,Frontal Eye-Level,29,27,28,1,0,-1,3.4,3.0,COMPLIANT,48
FRM-2026-1049,PMKVY-MH-NGP-0031,Capital Goods & Automotive,Direct Window Glare,Overhead High-Angle (Ceiling Mount),43,43,43,0,0,0,0.0,14.3,COMPLIANT,51
FRM-2026-1050,PMKVY-HP-SMR-0019,Tourism & Hospitality,Direct Window Glare,Corner Wide-Angle (Wall Mount),25,12,11,0,1,-14,56.0,89.7,CRITICAL_FRAUD,55
FRM-2026-1051,PMKVY-MH-NGP-0031,Capital Goods & Automotive,Low Light / Shadows,Frontal Eye-Level,43,43,42,0,1,-1,2.3,8.7,COMPLIANT,45
FRM-2026-1052,PMKVY-RJ-JDH-0015,Green Jobs & Renewable Energy,Fluorescent Diffused,Overhead High-Angle (Ceiling Mount),28,28,28,0,0,0,0.0,9.7,COMPLIANT,55
FRM-2026-1053,PMKVY-HP-SMR-0019,Tourism & Hospitality,Daylight Normal,Overhead High-Angle (Ceiling Mount),25,7,7,0,0,-18,72.0,80.5,CRITICAL_FRAUD,50
FRM-2026-1054,PMKVY-MH-NGP-0031,Capital Goods & Automotive,Fluorescent Diffused,Frontal Eye-Level,43,43,44,1,0,1,0.0,10.0,COMPLIANT,42
FRM-2026-1055,PMKVY-UP-GKP-0042,"Apparel, Made-Ups & Home Furnishing",Daylight Normal,Corner Wide-Angle (Wall Mount),35,20,20,0,0,-15,42.9,94.0,CRITICAL_FRAUD,55
FRM-2026-1056,PMKVY-MH-NGP-0031,Capital Goods & Automotive,Daylight Normal,Corner Wide-Angle (Wall Mount),43,41,41,0,0,-2,4.7,5.9,COMPLIANT,58
FRM-2026-1057,PMKVY-UP-GKP-0042,"Apparel, Made-Ups & Home Furnishing",Low Light / Shadows,Corner Wide-Angle (Wall Mount),35,16,14,0,2,-21,60.0,92.3,CRITICAL_FRAUD,52
FRM-2026-1058,PMKVY-MH-NGP-0031,Capital Goods & Automotive,Direct Window Glare,Frontal Eye-Level,43,41,41,0,0,-2,4.7,17.4,COMPLIANT,48
FRM-2026-1059,PMKVY-RJ-JDH-0015,Green Jobs & Renewable Energy,Daylight Normal,Overhead High-Angle (Ceiling Mount),28,28,28,0,0,0,0.0,9.3,COMPLIANT,50
FRM-2026-1060,DDU-WB-MLD-0008,IT-ITeS & Digital Services,Daylight Normal,Corner Wide-Angle (Wall Mount),29,27,27,0,0,-2,6.9,13.5,COMPLIANT,45
FRM-2026-1061,PMKVY-MH-NGP-0031,Capital Goods & Automotive,Direct Window Glare,Corner Wide-Angle (Wall Mount),43,41,41,0,0,-2,4.7,17.9,COMPLIANT,46
FRM-2026-1062,PMKVY-MH-NGP-0031,Capital Goods & Automotive,Direct Window Glare,Frontal Eye-Level,43,42,42,0,0,-1,2.3,2.3,COMPLIANT,43
FRM-2026-1063,PMKVY-UP-GKP-0042,"Apparel, Made-Ups & Home Furnishing",Fluorescent Diffused,Corner Wide-Angle (Wall Mount),35,20,20,0,0,-15,42.9,83.7,CRITICAL_FRAUD,53
FRM-2026-1064,PMKVY-UP-GKP-0042,"Apparel, Made-Ups & Home Furnishing",Fluorescent Diffused,Corner Wide-Angle (Wall Mount),35,19,18,0,1,-17,48.6,94.8,CRITICAL_FRAUD,54
FRM-2026-1065,PMKVY-MH-NGP-0031,Capital Goods & Automotive,Low Light / Shadows,Overhead High-Angle (Ceiling Mount),43,43,42,0,1,-1,2.3,16.2,COMPLIANT,47
FRM-2026-1066,PMKVY-HP-SMR-0019,Tourism & Hospitality,Low Light / Shadows,Frontal Eye-Level,25,9,9,0,0,-16,64.0,94.0,CRITICAL_FRAUD,57
FRM-2026-1067,PMKVY-HP-SMR-0019,Tourism & Hospitality,Direct Window Glare,Corner Wide-Angle (Wall Mount),25,11,11,0,0,-14,56.0,94.2,CRITICAL_FRAUD,45
FRM-2026-1068,PMKVY-RJ-JDH-0015,Green Jobs & Renewable Energy,Low Light / Shadows,Frontal Eye-Level,28,28,28,0,0,0,0.0,11.9,COMPLIANT,52
FRM-2026-1069,PMKVY-HP-SMR-0019,Tourism & Hospitality,Daylight Normal,Overhead High-Angle (Ceiling Mount),25,11,12,1,0,-13,52.0,81.4,CRITICAL_FRAUD,56
FRM-2026-1070,PMKVY-RJ-JDH-0015,Green Jobs & Renewable Energy,Daylight Normal,Corner Wide-Angle (Wall Mount),28,28,29,1,0,1,0.0,7.0,COMPLIANT,44
FRM-2026-1071,PMKVY-UP-GKP-0042,"Apparel, Made-Ups & Home Furnishing",Fluorescent Diffused,Overhead High-Angle (Ceiling Mount),35,20,21,1,0,-14,40.0,95.9,CRITICAL_FRAUD,46
FRM-2026-1072,DDU-WB-MLD-0008,IT-ITeS & Digital Services,Direct Window Glare,Corner Wide-Angle (Wall Mount),29,28,28,0,0,-1,3.4,16.4,COMPLIANT,46
FRM-2026-1073,PMKVY-MH-NGP-0031,Capital Goods & Automotive,Fluorescent Diffused,Frontal Eye-Level,43,41,41,0,0,-2,4.7,15.2,COMPLIANT,48
FRM-2026-1074,PMKVY-UP-GKP-0042,"Apparel, Made-Ups & Home Furnishing",Direct Window Glare,Corner Wide-Angle (Wall Mount),35,17,17,0,0,-18,51.4,94.2,CRITICAL_FRAUD,49
FRM-2026-1075,PMKVY-UP-GKP-0042,"Apparel, Made-Ups & Home Furnishing",Daylight Normal,Frontal Eye-Level,35,20,21,1,0,-14,40.0,82.2,CRITICAL_FRAUD,44
FRM-2026-1076,PMKVY-HP-SMR-0019,Tourism & Hospitality,Fluorescent Diffused,Corner Wide-Angle (Wall Mount),25,11,11,0,0,-14,56.0,78.9,CRITICAL_FRAUD,55
FRM-2026-1077,DDU-WB-MLD-0008,IT-ITeS & Digital Services,Low Light / Shadows,Overhead High-Angle (Ceiling Mount),29,29,28,0,1,-1,3.4,17.6,COMPLIANT,45
FRM-2026-1078,PMKVY-UP-GKP-0042,"Apparel, Made-Ups & Home Furnishing",Direct Window Glare,Corner Wide-Angle (Wall Mount),35,19,18,0,1,-17,48.6,82.2,CRITICAL_FRAUD,48
FRM-2026-1079,PMKVY-RJ-JDH-0015,Green Jobs & Renewable Energy,Low Light / Shadows,Corner Wide-Angle (Wall Mount),28,26,26,0,0,-2,7.1,4.1,COMPLIANT,48
FRM-2026-1080,DDU-WB-MLD-0008,IT-ITeS & Digital Services,Fluorescent Diffused,Corner Wide-Angle (Wall Mount),29,27,28,1,0,-1,3.4,5.1,COMPLIANT,47
FRM-2026-1081,PMKVY-HP-SMR-0019,Tourism & Hospitality,Fluorescent Diffused,Overhead High-Angle (Ceiling Mount),25,8,8,0,0,-17,68.0,82.4,CRITICAL_FRAUD,56
FRM-2026-1082,PMKVY-RJ-JDH-0015,Green Jobs & Renewable Energy,Low Light / Shadows,Frontal Eye-Level,28,26,26,0,0,-2,7.1,3.4,COMPLIANT,57
FRM-2026-1083,PMKVY-RJ-JDH-0015,Green Jobs & Renewable Energy,Low Light / Shadows,Frontal Eye-Level,28,27,26,0,1,-2,7.1,13.8,COMPLIANT,55
FRM-2026-1084,DDU-WB-MLD-0008,IT-ITeS & Digital Services,Low Light / Shadows,Overhead High-Angle (Ceiling Mount),29,29,27,0,2,-2,6.9,2.9,COMPLIANT,49
FRM-2026-1085,PMKVY-HP-SMR-0019,Tourism & Hospitality,Low Light / Shadows,Frontal Eye-Level,25,11,9,0,2,-16,64.0,78.1,CRITICAL_FRAUD,58
FRM-2026-1086,DDU-WB-MLD-0008,IT-ITeS & Digital Services,Direct Window Glare,Corner Wide-Angle (Wall Mount),29,28,29,1,0,0,0.0,8.1,COMPLIANT,43
FRM-2026-1087,DDU-WB-MLD-0008,IT-ITeS & Digital Services,Fluorescent Diffused,Corner Wide-Angle (Wall Mount),29,29,30,1,0,1,0.0,10.1,COMPLIANT,52
FRM-2026-1088,PMKVY-HP-SMR-0019,Tourism & Hospitality,Fluorescent Diffused,Overhead High-Angle (Ceiling Mount),25,8,9,1,0,-16,64.0,87.8,CRITICAL_FRAUD,46
FRM-2026-1089,PMKVY-MH-NGP-0031,Capital Goods & Automotive,Daylight Normal,Corner Wide-Angle (Wall Mount),43,43,43,0,0,0,0.0,10.2,COMPLIANT,50
FRM-2026-1090,PMKVY-MH-NGP-0031,Capital Goods & Automotive,Direct Window Glare,Corner Wide-Angle (Wall Mount),43,42,43,1,0,0,0.0,15.7,COMPLIANT,50
FRM-2026-1091,DDU-WB-MLD-0008,IT-ITeS & Digital Services,Low Light / Shadows,Corner Wide-Angle (Wall Mount),29,29,29,0,0,0,0.0,14.6,COMPLIANT,46
FRM-2026-1092,DDU-WB-MLD-0008,IT-ITeS & Digital Services,Direct Window Glare,Overhead High-Angle (Ceiling Mount),29,29,29,0,0,0,0.0,2.9,COMPLIANT,47
FRM-2026-1093,PMKVY-UP-GKP-0042,"Apparel, Made-Ups & Home Furnishing",Direct Window Glare,Corner Wide-Angle (Wall Mount),35,17,18,1,0,-17,48.6,86.6,CRITICAL_FRAUD,45
FRM-2026-1094,PMKVY-HP-SMR-0019,Tourism & Hospitality,Daylight Normal,Corner Wide-Angle (Wall Mount),25,8,9,1,0,-16,64.0,88.4,CRITICAL_FRAUD,56
FRM-2026-1095,PMKVY-HP-SMR-0019,Tourism & Hospitality,Daylight Normal,Frontal Eye-Level,25,12,12,0,0,-13,52.0,80.3,CRITICAL_FRAUD,44
FRM-2026-1096,PMKVY-RJ-JDH-0015,Green Jobs & Renewable Energy,Low Light / Shadows,Overhead High-Angle (Ceiling Mount),28,28,28,0,0,0,0.0,11.3,COMPLIANT,48
FRM-2026-1097,DDU-WB-MLD-0008,IT-ITeS & Digital Services,Daylight Normal,Frontal Eye-Level,29,27,27,0,0,-2,6.9,8.9,COMPLIANT,44
FRM-2026-1098,PMKVY-RJ-JDH-0015,Green Jobs & Renewable Energy,Direct Window Glare,Frontal Eye-Level,28,28,28,0,0,0,0.0,2.4,COMPLIANT,45
FRM-2026-1099,PMKVY-HP-SMR-0019,Tourism & Hospitality,Low Light / Shadows,Frontal Eye-Level,25,6,5,0,1,-20,80.0,78.5,CRITICAL_FRAUD,56
FRM-2026-1100,PMKVY-HP-SMR-0019,Tourism & Hospitality,Direct Window Glare,Frontal Eye-Level,25,8,9,1,0,-16,64.0,90.2,CRITICAL_FRAUD,52
FRM-2026-1101,PMKVY-UP-GKP-0042,"Apparel, Made-Ups & Home Furnishing",Direct Window Glare,Corner Wide-Angle (Wall Mount),35,20,20,0,0,-15,42.9,81.9,CRITICAL_FRAUD,43
FRM-2026-1102,PMKVY-MH-NGP-0031,Capital Goods & Automotive,Low Light / Shadows,Overhead High-Angle (Ceiling Mount),43,41,41,0,0,-2,4.7,3.5,COMPLIANT,50
FRM-2026-1103,PMKVY-RJ-JDH-0015,Green Jobs & Renewable Energy,Fluorescent Diffused,Corner Wide-Angle (Wall Mount),28,28,27,0,1,-1,3.6,16.1,COMPLIANT,47
FRM-2026-1104,PMKVY-HP-SMR-0019,Tourism & Hospitality,Direct Window Glare,Corner Wide-Angle (Wall Mount),25,11,12,1,0,-13,52.0,80.9,CRITICAL_FRAUD,51
FRM-2026-1105,PMKVY-HP-SMR-0019,Tourism & Hospitality,Direct Window Glare,Frontal Eye-Level,25,12,12,0,0,-13,52.0,94.7,CRITICAL_FRAUD,46
FRM-2026-1106,PMKVY-MH-NGP-0031,Capital Goods & Automotive,Daylight Normal,Corner Wide-Angle (Wall Mount),43,41,41,0,0,-2,4.7,10.1,COMPLIANT,54
FRM-2026-1107,PMKVY-HP-SMR-0019,Tourism & Hospitality,Low Light / Shadows,Frontal Eye-Level,25,10,8,0,2,-17,68.0,92.0,CRITICAL_FRAUD,53
FRM-2026-1108,DDU-WB-MLD-0008,IT-ITeS & Digital Services,Fluorescent Diffused,Corner Wide-Angle (Wall Mount),29,27,27,0,0,-2,6.9,3.5,COMPLIANT,58
FRM-2026-1109,PMKVY-MH-NGP-0031,Capital Goods & Automotive,Direct Window Glare,Frontal Eye-Level,43,43,44,1,0,1,0.0,13.3,COMPLIANT,46
FRM-2026-1110,PMKVY-HP-SMR-0019,Tourism & Hospitality,Daylight Normal,Corner Wide-Angle (Wall Mount),25,9,9,0,0,-16,64.0,79.5,CRITICAL_FRAUD,57
FRM-2026-1111,PMKVY-MH-NGP-0031,Capital Goods & Automotive,Fluorescent Diffused,Overhead High-Angle (Ceiling Mount),43,41,41,0,0,-2,4.7,15.9,COMPLIANT,58
FRM-2026-1112,PMKVY-HP-SMR-0019,Tourism & Hospitality,Low Light / Shadows,Frontal Eye-Level,25,6,4,0,2,-21,84.0,95.0,CRITICAL_FRAUD,58
FRM-2026-1113,PMKVY-UP-GKP-0042,"Apparel, Made-Ups & Home Furnishing",Direct Window Glare,Corner Wide-Angle (Wall Mount),35,16,16,0,0,-19,54.3,90.2,CRITICAL_FRAUD,50
FRM-2026-1114,PMKVY-MH-NGP-0031,Capital Goods & Automotive,Low Light / Shadows,Frontal Eye-Level,43,43,41,0,2,-2,4.7,3.9,COMPLIANT,56
FRM-2026-1115,PMKVY-RJ-JDH-0015,Green Jobs & Renewable Energy,Fluorescent Diffused,Corner Wide-Angle (Wall Mount),28,28,27,0,1,-1,3.6,8.9,COMPLIANT,51
FRM-2026-1116,PMKVY-MH-NGP-0031,Capital Goods & Automotive,Direct Window Glare,Frontal Eye-Level,43,42,43,1,0,0,0.0,15.3,COMPLIANT,52
FRM-2026-1117,PMKVY-RJ-JDH-0015,Green Jobs & Renewable Energy,Fluorescent Diffused,Overhead High-Angle (Ceiling Mount),28,28,29,1,0,1,0.0,18.2,COMPLIANT,50
FRM-2026-1118,PMKVY-UP-GKP-0042,"Apparel, Made-Ups & Home Furnishing",Direct Window Glare,Frontal Eye-Level,35,16,15,0,1,-20,57.1,85.3,CRITICAL_FRAUD,42
FRM-2026-1119,PMKVY-RJ-JDH-0015,Green Jobs & Renewable Energy,Direct Window Glare,Corner Wide-Angle (Wall Mount),28,26,26,0,0,-2,7.1,16.3,COMPLIANT,57
FRM-2026-1120,PMKVY-MH-NGP-0031,Capital Goods & Automotive,Low Light / Shadows,Frontal Eye-Level,43,41,41,0,0,-2,4.7,15.3,COMPLIANT,44
FRM-2026-1121,PMKVY-RJ-JDH-0015,Green Jobs & Renewable Energy,Fluorescent Diffused,Overhead High-Angle (Ceiling Mount),28,28,27,0,1,-1,3.6,15.5,COMPLIANT,48
FRM-2026-1122,PMKVY-UP-GKP-0042,"Apparel, Made-Ups & Home Furnishing",Fluorescent Diffused,Corner Wide-Angle (Wall Mount),35,17,18,1,0,-17,48.6,82.5,CRITICAL_FRAUD,48
FRM-2026-1123,PMKVY-UP-GKP-0042,"Apparel, Made-Ups & Home Furnishing",Low Light / Shadows,Corner Wide-Angle (Wall Mount),35,17,17,0,0,-18,51.4,78.4,CRITICAL_FRAUD,47
FRM-2026-1124,PMKVY-RJ-JDH-0015,Green Jobs & Renewable Energy,Direct Window Glare,Corner Wide-Angle (Wall Mount),28,27,26,0,1,-2,7.1,16.2,COMPLIANT,49
FRM-2026-1125,PMKVY-RJ-JDH-0015,Green Jobs & Renewable Energy,Low Light / Shadows,Frontal Eye-Level,28,27,27,0,0,-1,3.6,2.1,COMPLIANT,55
FRM-2026-1126,PMKVY-HP-SMR-0019,Tourism & Hospitality,Direct Window Glare,Frontal Eye-Level,25,10,11,1,0,-14,56.0,91.5,CRITICAL_FRAUD,51
FRM-2026-1127,PMKVY-UP-GKP-0042,"Apparel, Made-Ups & Home Furnishing",Direct Window Glare,Corner Wide-Angle (Wall Mount),35,19,20,1,0,-15,42.9,88.9,CRITICAL_FRAUD,57
FRM-2026-1128,PMKVY-RJ-JDH-0015,Green Jobs & Renewable Energy,Daylight Normal,Frontal Eye-Level,28,28,28,0,0,0,0.0,11.5,COMPLIANT,44
FRM-2026-1129,PMKVY-MH-NGP-0031,Capital Goods & Automotive,Direct Window Glare,Corner Wide-Angle (Wall Mount),43,43,43,0,0,0,0.0,12.3,COMPLIANT,53
FRM-2026-1130,PMKVY-HP-SMR-0019,Tourism & Hospitality,Direct Window Glare,Overhead High-Angle (Ceiling Mount),25,7,7,0,0,-18,72.0,91.4,CRITICAL_FRAUD,57
FRM-2026-1131,PMKVY-MH-NGP-0031,Capital Goods & Automotive,Direct Window Glare,Overhead High-Angle (Ceiling Mount),43,41,41,0,0,-2,4.7,11.7,COMPLIANT,52
FRM-2026-1132,DDU-WB-MLD-0008,IT-ITeS & Digital Services,Direct Window Glare,Overhead High-Angle (Ceiling Mount),29,28,29,1,0,0,0.0,13.7,COMPLIANT,55
FRM-2026-1133,PMKVY-MH-NGP-0031,Capital Goods & Automotive,Direct Window Glare,Overhead High-Angle (Ceiling Mount),43,41,41,0,0,-2,4.7,6.7,COMPLIANT,44
FRM-2026-1134,PMKVY-HP-SMR-0019,Tourism & Hospitality,Fluorescent Diffused,Overhead High-Angle (Ceiling Mount),25,7,7,0,0,-18,72.0,89.2,CRITICAL_FRAUD,45
FRM-2026-1135,PMKVY-HP-SMR-0019,Tourism & Hospitality,Direct Window Glare,Corner Wide-Angle (Wall Mount),25,7,7,0,0,-18,72.0,88.3,CRITICAL_FRAUD,42
FRM-2026-1136,PMKVY-MH-NGP-0031,Capital Goods & Automotive,Low Light / Shadows,Corner Wide-Angle (Wall Mount),43,41,40,0,1,-3,7.0,15.7,COMPLIANT,58
FRM-2026-1137,PMKVY-UP-GKP-0042,"Apparel, Made-Ups & Home Furnishing",Daylight Normal,Corner Wide-Angle (Wall Mount),35,19,18,0,1,-17,48.6,89.4,CRITICAL_FRAUD,45
FRM-2026-1138,DDU-WB-MLD-0008,IT-ITeS & Digital Services,Fluorescent Diffused,Corner Wide-Angle (Wall Mount),29,28,28,0,0,-1,3.4,15.0,COMPLIANT,43
FRM-2026-1139,DDU-WB-MLD-0008,IT-ITeS & Digital Services,Low Light / Shadows,Overhead High-Angle (Ceiling Mount),29,27,25,0,2,-4,13.8,13.7,COMPLIANT,56
FRM-2026-1140,PMKVY-HP-SMR-0019,Tourism & Hospitality,Daylight Normal,Overhead High-Angle (Ceiling Mount),25,12,13,1,0,-12,48.0,89.3,CRITICAL_FRAUD,45
FRM-2026-1141,DDU-WB-MLD-0008,IT-ITeS & Digital Services,Daylight Normal,Frontal Eye-Level,29,29,29,0,0,0,0.0,12.4,COMPLIANT,48
FRM-2026-1142,PMKVY-MH-NGP-0031,Capital Goods & Automotive,Fluorescent Diffused,Frontal Eye-Level,43,42,43,1,0,0,0.0,9.3,COMPLIANT,58
FRM-2026-1143,PMKVY-HP-SMR-0019,Tourism & Hospitality,Daylight Normal,Overhead High-Angle (Ceiling Mount),25,11,11,0,0,-14,56.0,84.2,CRITICAL_FRAUD,46
FRM-2026-1144,PMKVY-UP-GKP-0042,"Apparel, Made-Ups & Home Furnishing",Fluorescent Diffused,Corner Wide-Angle (Wall Mount),35,19,18,0,1,-17,48.6,82.5,CRITICAL_FRAUD,57
FRM-2026-1145,PMKVY-MH-NGP-0031,Capital Goods & Automotive,Low Light / Shadows,Frontal Eye-Level,43,43,43,0,0,0,0.0,8.1,COMPLIANT,55
FRM-2026-1146,PMKVY-MH-NGP-0031,Capital Goods & Automotive,Fluorescent Diffused,Overhead High-Angle (Ceiling Mount),43,41,41,0,0,-2,4.7,15.0,COMPLIANT,46
FRM-2026-1147,PMKVY-HP-SMR-0019,Tourism & Hospitality,Direct Window Glare,Corner Wide-Angle (Wall Mount),25,9,10,1,0,-15,60.0,92.7,CRITICAL_FRAUD,53
FRM-2026-1148,PMKVY-UP-GKP-0042,"Apparel, Made-Ups & Home Furnishing",Direct Window Glare,Overhead High-Angle (Ceiling Mount),35,16,17,1,0,-18,51.4,92.9,CRITICAL_FRAUD,44
FRM-2026-1149,PMKVY-UP-GKP-0042,"Apparel, Made-Ups & Home Furnishing",Low Light / Shadows,Corner Wide-Angle (Wall Mount),35,19,19,0,0,-16,45.7,79.1,CRITICAL_FRAUD,43
FRM-2026-1150,PMKVY-RJ-JDH-0015,Green Jobs & Renewable Energy,Daylight Normal,Frontal Eye-Level,28,26,27,1,0,-1,3.6,16.5,COMPLIANT,51
FRM-2026-1151,PMKVY-HP-SMR-0019,Tourism & Hospitality,Direct Window Glare,Frontal Eye-Level,25,11,12,1,0,-13,52.0,94.2,CRITICAL_FRAUD,52
FRM-2026-1152,PMKVY-MH-NGP-0031,Capital Goods & Automotive,Daylight Normal,Corner Wide-Angle (Wall Mount),43,41,42,1,0,-1,2.3,17.2,COMPLIANT,54
FRM-2026-1153,PMKVY-HP-SMR-0019,Tourism & Hospitality,Fluorescent Diffused,Frontal Eye-Level,25,10,11,1,0,-14,56.0,90.1,CRITICAL_FRAUD,53
FRM-2026-1154,PMKVY-HP-SMR-0019,Tourism & Hospitality,Fluorescent Diffused,Corner Wide-Angle (Wall Mount),25,6,5,0,1,-20,80.0,87.9,CRITICAL_FRAUD,54
FRM-2026-1155,PMKVY-RJ-JDH-0015,Green Jobs & Renewable Energy,Low Light / Shadows,Overhead High-Angle (Ceiling Mount),28,28,28,0,0,0,0.0,10.6,COMPLIANT,47
FRM-2026-1156,PMKVY-UP-GKP-0042,"Apparel, Made-Ups & Home Furnishing",Daylight Normal,Frontal Eye-Level,35,20,20,0,0,-15,42.9,82.5,CRITICAL_FRAUD,51
FRM-2026-1157,PMKVY-HP-SMR-0019,Tourism & Hospitality,Daylight Normal,Frontal Eye-Level,25,6,6,0,0,-19,76.0,82.8,CRITICAL_FRAUD,58
FRM-2026-1158,PMKVY-MH-NGP-0031,Capital Goods & Automotive,Daylight Normal,Overhead High-Angle (Ceiling Mount),43,41,40,0,1,-3,7.0,9.4,COMPLIANT,42
FRM-2026-1159,PMKVY-HP-SMR-0019,Tourism & Hospitality,Low Light / Shadows,Overhead High-Angle (Ceiling Mount),25,12,11,0,1,-14,56.0,84.5,CRITICAL_FRAUD,51
FRM-2026-1160,DDU-WB-MLD-0008,IT-ITeS & Digital Services,Fluorescent Diffused,Frontal Eye-Level,29,28,29,1,0,0,0.0,14.2,COMPLIANT,45
FRM-2026-1161,PMKVY-MH-NGP-0031,Capital Goods & Automotive,Fluorescent Diffused,Corner Wide-Angle (Wall Mount),43,42,41,0,1,-2,4.7,4.4,COMPLIANT,55
FRM-2026-1162,PMKVY-HP-SMR-0019,Tourism & Hospitality,Daylight Normal,Overhead High-Angle (Ceiling Mount),25,6,6,0,0,-19,76.0,94.4,CRITICAL_FRAUD,57
FRM-2026-1163,PMKVY-RJ-JDH-0015,Green Jobs & Renewable Energy,Direct Window Glare,Overhead High-Angle (Ceiling Mount),28,27,28,1,0,0,0.0,10.7,COMPLIANT,58
FRM-2026-1164,PMKVY-HP-SMR-0019,Tourism & Hospitality,Low Light / Shadows,Frontal Eye-Level,25,9,9,0,0,-16,64.0,96.4,CRITICAL_FRAUD,57
FRM-2026-1165,PMKVY-HP-SMR-0019,Tourism & Hospitality,Fluorescent Diffused,Overhead High-Angle (Ceiling Mount),25,10,10,0,0,-15,60.0,87.0,CRITICAL_FRAUD,56
FRM-2026-1166,PMKVY-RJ-JDH-0015,Green Jobs & Renewable Energy,Daylight Normal,Frontal Eye-Level,28,28,28,0,0,0,0.0,9.8,COMPLIANT,47
FRM-2026-1167,DDU-WB-MLD-0008,IT-ITeS & Digital Services,Low Light / Shadows,Overhead High-Angle (Ceiling Mount),29,27,25,0,2,-4,13.8,4.0,COMPLIANT,51
FRM-2026-1168,PMKVY-UP-GKP-0042,"Apparel, Made-Ups & Home Furnishing",Fluorescent Diffused,Overhead High-Angle (Ceiling Mount),35,18,18,0,0,-17,48.6,96.3,CRITICAL_FRAUD,51
FRM-2026-1169,PMKVY-MH-NGP-0031,Capital Goods & Automotive,Direct Window Glare,Overhead High-Angle (Ceiling Mount),43,43,43,0,0,0,0.0,14.9,COMPLIANT,55
FRM-2026-1170,PMKVY-UP-GKP-0042,"Apparel, Made-Ups & Home Furnishing",Low Light / Shadows,Corner Wide-Angle (Wall Mount),35,17,17,0,0,-18,51.4,78.0,CRITICAL_FRAUD,53
FRM-2026-1171,PMKVY-UP-GKP-0042,"Apparel, Made-Ups & Home Furnishing",Daylight Normal,Corner Wide-Angle (Wall Mount),35,19,20,1,0,-15,42.9,83.7,CRITICAL_FRAUD,56
FRM-2026-1172,PMKVY-MH-NGP-0031,Capital Goods & Automotive,Direct Window Glare,Corner Wide-Angle (Wall Mount),43,41,42,1,0,-1,2.3,4.2,COMPLIANT,46
FRM-2026-1173,DDU-WB-MLD-0008,IT-ITeS & Digital Services,Direct Window Glare,Corner Wide-Angle (Wall Mount),29,27,27,0,0,-2,6.9,4.5,COMPLIANT,52
FRM-2026-1174,PMKVY-UP-GKP-0042,"Apparel, Made-Ups & Home Furnishing",Direct Window Glare,Corner Wide-Angle (Wall Mount),35,17,17,0,0,-18,51.4,84.3,CRITICAL_FRAUD,43
FRM-2026-1175,PMKVY-HP-SMR-0019,Tourism & Hospitality,Low Light / Shadows,Frontal Eye-Level,25,6,4,0,2,-21,84.0,88.6,CRITICAL_FRAUD,51
FRM-2026-1176,DDU-WB-MLD-0008,IT-ITeS & Digital Services,Daylight Normal,Frontal Eye-Level,29,27,26,0,1,-3,10.3,5.2,COMPLIANT,43
FRM-2026-1177,DDU-WB-MLD-0008,IT-ITeS & Digital Services,Fluorescent Diffused,Corner Wide-Angle (Wall Mount),29,27,26,0,1,-3,10.3,4.0,COMPLIANT,47
FRM-2026-1178,PMKVY-UP-GKP-0042,"Apparel, Made-Ups & Home Furnishing",Low Light / Shadows,Overhead High-Angle (Ceiling Mount),35,17,17,0,0,-18,51.4,79.6,CRITICAL_FRAUD,52
FRM-2026-1179,PMKVY-HP-SMR-0019,Tourism & Hospitality,Daylight Normal,Corner Wide-Angle (Wall Mount),25,12,11,0,1,-14,56.0,84.3,CRITICAL_FRAUD,47
FRM-2026-1180,PMKVY-HP-SMR-0019,Tourism & Hospitality,Daylight Normal,Frontal Eye-Level,25,8,8,0,0,-17,68.0,82.8,CRITICAL_FRAUD,45
FRM-2026-1181,PMKVY-UP-GKP-0042,"Apparel, Made-Ups & Home Furnishing",Fluorescent Diffused,Corner Wide-Angle (Wall Mount),35,17,17,0,0,-18,51.4,82.7,CRITICAL_FRAUD,44
FRM-2026-1182,PMKVY-RJ-JDH-0015,Green Jobs & Renewable Energy,Low Light / Shadows,Corner Wide-Angle (Wall Mount),28,26,24,0,2,-4,14.3,12.1,COMPLIANT,52
FRM-2026-1183,PMKVY-RJ-JDH-0015,Green Jobs & Renewable Energy,Daylight Normal,Frontal Eye-Level,28,28,28,0,0,0,0.0,8.4,COMPLIANT,52
FRM-2026-1184,PMKVY-RJ-JDH-0015,Green Jobs & Renewable Energy,Direct Window Glare,Corner Wide-Angle (Wall Mount),28,27,27,0,0,-1,3.6,17.5,COMPLIANT,45
FRM-2026-1185,PMKVY-UP-GKP-0042,"Apparel, Made-Ups & Home Furnishing",Fluorescent Diffused,Overhead High-Angle (Ceiling Mount),35,20,21,1,0,-14,40.0,82.4,CRITICAL_FRAUD,58
FRM-2026-1186,DDU-WB-MLD-0008,IT-ITeS & Digital Services,Direct Window Glare,Overhead High-Angle (Ceiling Mount),29,28,27,0,1,-2,6.9,7.3,COMPLIANT,55
FRM-2026-1187,PMKVY-UP-GKP-0042,"Apparel, Made-Ups & Home Furnishing",Direct Window Glare,Overhead High-Angle (Ceiling Mount),35,19,20,1,0,-15,42.9,82.3,CRITICAL_FRAUD,42
FRM-2026-1188,PMKVY-MH-NGP-0031,Capital Goods & Automotive,Daylight Normal,Overhead High-Angle (Ceiling Mount),43,41,42,1,0,-1,2.3,15.0,COMPLIANT,51
FRM-2026-1189,DDU-WB-MLD-0008,IT-ITeS & Digital Services,Direct Window Glare,Corner Wide-Angle (Wall Mount),29,29,30,1,0,1,0.0,10.3,COMPLIANT,46
FRM-2026-1190,PMKVY-MH-NGP-0031,Capital Goods & Automotive,Fluorescent Diffused,Overhead High-Angle (Ceiling Mount),43,41,41,0,0,-2,4.7,17.9,COMPLIANT,56
FRM-2026-1191,PMKVY-UP-GKP-0042,"Apparel, Made-Ups & Home Furnishing",Daylight Normal,Corner Wide-Angle (Wall Mount),35,20,20,0,0,-15,42.9,90.1,CRITICAL_FRAUD,47
FRM-2026-1192,PMKVY-UP-GKP-0042,"Apparel, Made-Ups & Home Furnishing",Daylight Normal,Corner Wide-Angle (Wall Mount),35,18,19,1,0,-16,45.7,82.6,CRITICAL_FRAUD,54
FRM-2026-1193,PMKVY-MH-NGP-0031,Capital Goods & Automotive,Fluorescent Diffused,Frontal Eye-Level,43,41,41,0,0,-2,4.7,2.8,COMPLIANT,44
FRM-2026-1194,PMKVY-MH-NGP-0031,Capital Goods & Automotive,Daylight Normal,Corner Wide-Angle (Wall Mount),43,41,40,0,1,-3,7.0,15.7,COMPLIANT,50
FRM-2026-1195,PMKVY-HP-SMR-0019,Tourism & Hospitality,Fluorescent Diffused,Frontal Eye-Level,25,10,10,0,0,-15,60.0,94.4,CRITICAL_FRAUD,52
FRM-2026-1196,PMKVY-MH-NGP-0031,Capital Goods & Automotive,Direct Window Glare,Corner Wide-Angle (Wall Mount),43,43,44,1,0,1,0.0,18.2,COMPLIANT,52
FRM-2026-1197,PMKVY-RJ-JDH-0015,Green Jobs & Renewable Energy,Direct Window Glare,Frontal Eye-Level,28,27,26,0,1,-2,7.1,17.1,COMPLIANT,46
FRM-2026-1198,PMKVY-UP-GKP-0042,"Apparel, Made-Ups & Home Furnishing",Direct Window Glare,Overhead High-Angle (Ceiling Mount),35,16,17,1,0,-18,51.4,81.2,CRITICAL_FRAUD,57
FRM-2026-1199,PMKVY-HP-SMR-0019,Tourism & Hospitality,Daylight Normal,Frontal Eye-Level,25,11,10,0,1,-15,60.0,88.0,CRITICAL_FRAUD,56
FRM-2026-1200,PMKVY-UP-GKP-0042,"Apparel, Made-Ups & Home Furnishing",Low Light / Shadows,Corner Wide-Angle (Wall Mount),35,20,20,0,0,-15,42.9,81.3,CRITICAL_FRAUD,42
